[
  {
    "selector": "core",
    "style": {
      "selection-box-color": "#AAD8FF",
      "selection-box-border-color": "#8BB0D0",
      "selection-box-opacity": "0.5"
    }
  },
  {
    "selector": "node",
    "style": {
      "width": "mapData(score, 0, 0.006769776522008331, 20, 60)",
      "height": "mapData(score, 0, 0.006769776522008331, 20, 60)",
      "label": "data(name)",
      "font-size": "12px",
      "text-valign": "center",
      "text-halign": "center",
      "background-color": "#555",
      "text-outline-color": "#555",
      "text-outline-width": "2px",
      "color": "#fff",
      "overlay-padding": "6px",
      "z-index": "10"
    }
  },
  {
    "selector": "node[?attr]",
    "style": {
      "shape": "rectangle",
      "background-color": "#aaa",
      "text-outline-color": "#aaa",
      "width": "16px",
      "height": "16px",
      "font-size": "6px",
      "z-index": "1"
    }
  },
  {
    "selector": "node[?query]",
    "style": {
      "background-clip": "none",
      "background-fit": "contain"
    }
  },
  {
    "selector": "node:selected",
    "style": {
      "border-width": "6px",
      "border-color": "#AAD8FF",
      "border-opacity": "0.5",
      "background-color": "#77828C",
      "text-outline-color": "#77828C"
    }
  },
  {
    "selector": "edge",
    "style": {
      "curve-style": "haystack",
      "haystack-radius": "0.5",
      "opacity": "0.4",
      "line-color": "#bbb",
      "width": "mapData(weight, 0, 1, 1, 8)",
      "overlay-padding": "3px"
    }
  },
  {
    "selector": "node.unhighlighted",
    "style": {
      "opacity": "0.2"
    }
  },
  {
    "selector": "edge.unhighlighted",
    "style": {
      "opacity": "0.05"
    }
  },
  {
    "selector": ".highlighted",
    "style": {
      "z-index": "999999",
      "transition-duration": "0.5s"
    }
  },
  {
    "selector": "node.highlighted",
    "style": {
      "border-width": "8px",
      "border-color": "#AAD8FF",
      "border-opacity": "0.85",
      "background-color": "#394855",
      "text-outline-color": "#394855",
      "shadow-blur": "12px",
      "shadow-color": "#000",
      "shadow-opacity": "0.8",
      "shadow-offset-x": "0px",
      "shadow-offset-y": "4px",
      "transition-property": "border-width, border-color, border-opacity, background-color, text-outline-color, shadow-blur, shadow-color, shadow-opacity, shadow-offset-x, shadow-offset-y"
    }
  },
  {
    "selector": "node.start",
    "style": {
      "border-color": "#8FDC97"
    }
  },
  {
    "selector": "node.end",
    "style": {
      "border-color": "#9F4A54"
    }
  },
  {
    "selector": "edge.filtered",
    "style": {
      "opacity": "0"
    }
  },
  {
    "selector": "edge[group = \"coexp\"]",
    "style": {
      "line-color": "#d0b7d5"
    }
  },
  {
    "selector": "edge[group = \"coloc\"]",
    "style": {
      "line-color": "#a0b3dc"
    }
  },
  {
    "selector": "edge[group = \"gi\"]",
    "style": {
      "line-color": "#90e190"
    }
  },
  {
    "selector": "edge[group = \"path\"]",
    "style": {
      "line-color": "#9bd8de"
    }
  },
  {
    "selector": "edge[group = \"pi\"]",
    "style": {
      "line-color": "#eaa2a2"
    }
  },
  {
    "selector": "edge[group = \"predict\"]",
    "style": {
      "line-color": "#f6c384"
    }
  },
  {
    "selector": "edge[group = \"spd\"]",
    "style": {
      "line-color": "#dad4a2"
    }
  },
  {
    "selector": "edge[group = \"spd_attr\"]",
    "style": {
      "line-color": "#D0D0D0"
    }
  },
  {
    "selector": "edge[group = \"reg\"]",
    "style": {
      "line-color": "#D0D0D0"
    }
  },
  {
    "selector": "edge[group = \"reg_attr\"]",
    "style": {
      "line-color": "#D0D0D0"
    }
  },
  {
    "selector": "edge[group = \"user\"]",
    "style": {
      "line-color": "#f0ec86"
    }
  },
  {
    "selector": "node[?social]",
    "style": {
      "width": 30,
      "height": 30,
      "background-image": "data(image)",
      "background-fit": "cover"
    }
  },
  {
    "selector": "node[?social]:selected",
    "style": {
      "border-width": 4,
      "border-opacity": 0.8
    }
  },
  {
    "selector": "edge[?social]",
    "style": {
      "width": 3,
      "line-color": "#888",
      "opacity": 0.4,
      "haystack-radius": 0
    }
  },
  {
    "selector": "edge.highlighted",
    "style": {
      "line-color": "#AAD8FF",
      "width": "10px"
    }
  }
]
