{
    "metadata": [
        {
            "data": {
                "Both": "Both",
                "C1": "GBApPD",
                "C2": "GBApUnaffected"
            }
        }
    ],
    "nodes": [
        {
            "data": {
                "pathway": "REACTOME_RNA_POL_III_CHAIN_ELONGATION",
                "id": "REACTOME_RNA_POL_III_CHAIN_ELONGATION"
            }
        },
        {
            "data": {
                "name": "POLR3C",
                "mediator.essentiality": false,
                "mediator.specificity": false,
                "mediator": "",
                "id": "POLR3C",
                "pathway": "REACTOME_RNA_POL_III_CHAIN_ELONGATION",
                "n": 16,
                "parent": "REACTOME_RNA_POL_III_CHAIN_ELONGATION"
            }
        },
        {
            "data": {
                "name": "POLR3A",
                "mediator.essentiality": false,
                "mediator.specificity": false,
                "mediator": "",
                "id": "POLR3A",
                "pathway": "REACTOME_RNA_POL_III_CHAIN_ELONGATION",
                "n": 16,
                "parent": "REACTOME_RNA_POL_III_CHAIN_ELONGATION"
            }
        },
        {
            "data": {
                "name": "LZTS1",
                "mediator.essentiality": false,
                "mediator.specificity": false,
                "mediator": "",
                "id": "LZTS1",
                "pathway": "REACTOME_RNA_POL_III_CHAIN_ELONGATION",
                "n": 16,
                "parent": "REACTOME_RNA_POL_III_CHAIN_ELONGATION"
            }
        },
        {
            "data": {
                "name": "POLR3H",
                "mediator.essentiality": false,
                "mediator.specificity": false,
                "mediator": "",
                "id": "POLR3H",
                "pathway": "REACTOME_RNA_POL_III_CHAIN_ELONGATION",
                "n": 16,
                "parent": "REACTOME_RNA_POL_III_CHAIN_ELONGATION"
            }
        },
        {
            "data": {
                "name": "POLR1D",
                "mediator.essentiality": false,
                "mediator.specificity": false,
                "mediator": "",
                "id": "POLR1D",
                "pathway": "REACTOME_RNA_POL_III_CHAIN_ELONGATION",
                "n": 16,
                "parent": "REACTOME_RNA_POL_III_CHAIN_ELONGATION"
            }
        },
        {
            "data": {
                "name": "POLR3K",
                "mediator.essentiality": false,
                "mediator.specificity": false,
                "mediator": "",
                "id": "POLR3K",
                "pathway": "REACTOME_RNA_POL_III_CHAIN_ELONGATION",
                "n": 16,
                "parent": "REACTOME_RNA_POL_III_CHAIN_ELONGATION"
            }
        },
        {
            "data": {
                "name": "POLR2E",
                "mediator.essentiality": false,
                "mediator.specificity": false,
                "mediator": "",
                "id": "POLR2E",
                "pathway": "REACTOME_RNA_POL_III_CHAIN_ELONGATION",
                "n": 16,
                "parent": "REACTOME_RNA_POL_III_CHAIN_ELONGATION"
            }
        },
        {
            "data": {
                "name": "POLR2F",
                "mediator.essentiality": false,
                "mediator.specificity": true,
                "mediator": "Specificity mediator",
                "id": "POLR2F",
                "pathway": "REACTOME_RNA_POL_III_CHAIN_ELONGATION",
                "n": 16,
                "parent": "REACTOME_RNA_POL_III_CHAIN_ELONGATION"
            }
        },
        {
            "data": {
                "name": "POLR2H",
                "mediator.essentiality": false,
                "mediator.specificity": false,
                "mediator": "",
                "id": "POLR2H",
                "pathway": "REACTOME_RNA_POL_III_CHAIN_ELONGATION",
                "n": 16,
                "parent": "REACTOME_RNA_POL_III_CHAIN_ELONGATION"
            }
        },
        {
            "data": {
                "name": "POLR2K",
                "mediator.essentiality": false,
                "mediator.specificity": false,
                "mediator": "",
                "id": "POLR2K",
                "pathway": "REACTOME_RNA_POL_III_CHAIN_ELONGATION",
                "n": 16,
                "parent": "REACTOME_RNA_POL_III_CHAIN_ELONGATION"
            }
        },
        {
            "data": {
                "name": "POLR3B",
                "mediator.essentiality": false,
                "mediator.specificity": false,
                "mediator": "",
                "id": "POLR3B",
                "pathway": "REACTOME_RNA_POL_III_CHAIN_ELONGATION",
                "n": 16,
                "parent": "REACTOME_RNA_POL_III_CHAIN_ELONGATION"
            }
        },
        {
            "data": {
                "name": "POLR3E",
                "mediator.essentiality": false,
                "mediator.specificity": false,
                "mediator": "",
                "id": "POLR3E",
                "pathway": "REACTOME_RNA_POL_III_CHAIN_ELONGATION",
                "n": 16,
                "parent": "REACTOME_RNA_POL_III_CHAIN_ELONGATION"
            }
        },
        {
            "data": {
                "name": "POLR3D",
                "mediator.essentiality": false,
                "mediator.specificity": false,
                "mediator": "",
                "id": "POLR3D",
                "pathway": "REACTOME_RNA_POL_III_CHAIN_ELONGATION",
                "n": 16,
                "parent": "REACTOME_RNA_POL_III_CHAIN_ELONGATION"
            }
        },
        {
            "data": {
                "name": "POLR3GL",
                "mediator.essentiality": false,
                "mediator.specificity": false,
                "mediator": "",
                "id": "POLR3GL",
                "pathway": "REACTOME_RNA_POL_III_CHAIN_ELONGATION",
                "n": 16,
                "parent": "REACTOME_RNA_POL_III_CHAIN_ELONGATION"
            }
        },
        {
            "data": {
                "name": "POLR1C",
                "mediator.essentiality": false,
                "mediator.specificity": false,
                "mediator": "",
                "id": "POLR1C",
                "pathway": "REACTOME_RNA_POL_III_CHAIN_ELONGATION",
                "n": 16,
                "parent": "REACTOME_RNA_POL_III_CHAIN_ELONGATION"
            }
        },
        {
            "data": {
                "name": "POLR3F",
                "mediator.essentiality": true,
                "mediator.specificity": false,
                "mediator": "Essentiality mediator",
                "id": "POLR3F",
                "pathway": "REACTOME_RNA_POL_III_CHAIN_ELONGATION",
                "n": 16,
                "parent": "REACTOME_RNA_POL_III_CHAIN_ELONGATION"
            }
        }
    ],
    "edges": [
        {
            "data": {
                "node_src": "POLR3C",
                "node_dst": "POLR3F",
                "condition": "C1",
                "prior": "PRIOR",
                "pathway": "REACTOME_RNA_POL_III_CHAIN_ELONGATION",
                "condition.1": "GBApPD",
                "source": "POLR3C",
                "target": "POLR3F"
            }
        },
        {
            "data": {
                "node_src": "POLR3A",
                "node_dst": "POLR3F",
                "condition": "Both",
                "prior": "PRIOR",
                "pathway": "REACTOME_RNA_POL_III_CHAIN_ELONGATION",
                "condition.1": "Both",
                "source": "POLR3A",
                "target": "POLR3F"
            }
        },
        {
            "data": {
                "node_src": "LZTS1",
                "node_dst": "POLR3F",
                "condition": "Both",
                "prior": "NONE",
                "pathway": "REACTOME_RNA_POL_III_CHAIN_ELONGATION",
                "condition.1": "Both",
                "source": "LZTS1",
                "target": "POLR3F"
            }
        },
        {
            "data": {
                "node_src": "LZTS1",
                "node_dst": "POLR3C",
                "condition": "Both",
                "prior": "NONE",
                "pathway": "REACTOME_RNA_POL_III_CHAIN_ELONGATION",
                "condition.1": "Both",
                "source": "LZTS1",
                "target": "POLR3C"
            }
        },
        {
            "data": {
                "node_src": "LZTS1",
                "node_dst": "POLR3A",
                "condition": "Both",
                "prior": "NONE",
                "pathway": "REACTOME_RNA_POL_III_CHAIN_ELONGATION",
                "condition.1": "Both",
                "source": "LZTS1",
                "target": "POLR3A"
            }
        },
        {
            "data": {
                "node_src": "POLR3H",
                "node_dst": "POLR3F",
                "condition": "Both",
                "prior": "PRIOR",
                "pathway": "REACTOME_RNA_POL_III_CHAIN_ELONGATION",
                "condition.1": "Both",
                "source": "POLR3H",
                "target": "POLR3F"
            }
        },
        {
            "data": {
                "node_src": "POLR3H",
                "node_dst": "POLR3C",
                "condition": "Both",
                "prior": "PRIOR",
                "pathway": "REACTOME_RNA_POL_III_CHAIN_ELONGATION",
                "condition.1": "Both",
                "source": "POLR3H",
                "target": "POLR3C"
            }
        },
        {
            "data": {
                "node_src": "POLR3H",
                "node_dst": "POLR3A",
                "condition": "Both",
                "prior": "PRIOR",
                "pathway": "REACTOME_RNA_POL_III_CHAIN_ELONGATION",
                "condition.1": "Both",
                "source": "POLR3H",
                "target": "POLR3A"
            }
        },
        {
            "data": {
                "node_src": "POLR3H",
                "node_dst": "LZTS1",
                "condition": "Both",
                "prior": "NONE",
                "pathway": "REACTOME_RNA_POL_III_CHAIN_ELONGATION",
                "condition.1": "Both",
                "source": "POLR3H",
                "target": "LZTS1"
            }
        },
        {
            "data": {
                "node_src": "POLR1D",
                "node_dst": "POLR3F",
                "condition": "Both",
                "prior": "PRIOR",
                "pathway": "REACTOME_RNA_POL_III_CHAIN_ELONGATION",
                "condition.1": "Both",
                "source": "POLR1D",
                "target": "POLR3F"
            }
        },
        {
            "data": {
                "node_src": "POLR1D",
                "node_dst": "POLR3C",
                "condition": "Both",
                "prior": "PRIOR",
                "pathway": "REACTOME_RNA_POL_III_CHAIN_ELONGATION",
                "condition.1": "Both",
                "source": "POLR1D",
                "target": "POLR3C"
            }
        },
        {
            "data": {
                "node_src": "POLR1D",
                "node_dst": "POLR3A",
                "condition": "Both",
                "prior": "PRIOR",
                "pathway": "REACTOME_RNA_POL_III_CHAIN_ELONGATION",
                "condition.1": "Both",
                "source": "POLR1D",
                "target": "POLR3A"
            }
        },
        {
            "data": {
                "node_src": "POLR1D",
                "node_dst": "LZTS1",
                "condition": "Both",
                "prior": "NONE",
                "pathway": "REACTOME_RNA_POL_III_CHAIN_ELONGATION",
                "condition.1": "Both",
                "source": "POLR1D",
                "target": "LZTS1"
            }
        },
        {
            "data": {
                "node_src": "POLR1D",
                "node_dst": "POLR3H",
                "condition": "Both",
                "prior": "PRIOR",
                "pathway": "REACTOME_RNA_POL_III_CHAIN_ELONGATION",
                "condition.1": "Both",
                "source": "POLR1D",
                "target": "POLR3H"
            }
        },
        {
            "data": {
                "node_src": "POLR3K",
                "node_dst": "POLR3F",
                "condition": "Both",
                "prior": "PRIOR",
                "pathway": "REACTOME_RNA_POL_III_CHAIN_ELONGATION",
                "condition.1": "Both",
                "source": "POLR3K",
                "target": "POLR3F"
            }
        },
        {
            "data": {
                "node_src": "POLR3K",
                "node_dst": "LZTS1",
                "condition": "Both",
                "prior": "NONE",
                "pathway": "REACTOME_RNA_POL_III_CHAIN_ELONGATION",
                "condition.1": "Both",
                "source": "POLR3K",
                "target": "LZTS1"
            }
        },
        {
            "data": {
                "node_src": "POLR3K",
                "node_dst": "POLR3H",
                "condition": "Both",
                "prior": "PRIOR",
                "pathway": "REACTOME_RNA_POL_III_CHAIN_ELONGATION",
                "condition.1": "Both",
                "source": "POLR3K",
                "target": "POLR3H"
            }
        },
        {
            "data": {
                "node_src": "POLR3K",
                "node_dst": "POLR1D",
                "condition": "Both",
                "prior": "PRIOR",
                "pathway": "REACTOME_RNA_POL_III_CHAIN_ELONGATION",
                "condition.1": "Both",
                "source": "POLR3K",
                "target": "POLR1D"
            }
        },
        {
            "data": {
                "node_src": "POLR2E",
                "node_dst": "POLR3F",
                "condition": "Both",
                "prior": "PRIOR",
                "pathway": "REACTOME_RNA_POL_III_CHAIN_ELONGATION",
                "condition.1": "Both",
                "source": "POLR2E",
                "target": "POLR3F"
            }
        },
        {
            "data": {
                "node_src": "POLR2E",
                "node_dst": "POLR3C",
                "condition": "Both",
                "prior": "PRIOR",
                "pathway": "REACTOME_RNA_POL_III_CHAIN_ELONGATION",
                "condition.1": "Both",
                "source": "POLR2E",
                "target": "POLR3C"
            }
        },
        {
            "data": {
                "node_src": "POLR2E",
                "node_dst": "POLR3A",
                "condition": "Both",
                "prior": "PRIOR",
                "pathway": "REACTOME_RNA_POL_III_CHAIN_ELONGATION",
                "condition.1": "Both",
                "source": "POLR2E",
                "target": "POLR3A"
            }
        },
        {
            "data": {
                "node_src": "POLR2E",
                "node_dst": "LZTS1",
                "condition": "Both",
                "prior": "NONE",
                "pathway": "REACTOME_RNA_POL_III_CHAIN_ELONGATION",
                "condition.1": "Both",
                "source": "POLR2E",
                "target": "LZTS1"
            }
        },
        {
            "data": {
                "node_src": "POLR2E",
                "node_dst": "POLR3H",
                "condition": "Both",
                "prior": "PRIOR",
                "pathway": "REACTOME_RNA_POL_III_CHAIN_ELONGATION",
                "condition.1": "Both",
                "source": "POLR2E",
                "target": "POLR3H"
            }
        },
        {
            "data": {
                "node_src": "POLR2E",
                "node_dst": "POLR1D",
                "condition": "Both",
                "prior": "PRIOR",
                "pathway": "REACTOME_RNA_POL_III_CHAIN_ELONGATION",
                "condition.1": "Both",
                "source": "POLR2E",
                "target": "POLR1D"
            }
        },
        {
            "data": {
                "node_src": "POLR2E",
                "node_dst": "POLR3K",
                "condition": "Both",
                "prior": "PRIOR",
                "pathway": "REACTOME_RNA_POL_III_CHAIN_ELONGATION",
                "condition.1": "Both",
                "source": "POLR2E",
                "target": "POLR3K"
            }
        },
        {
            "data": {
                "node_src": "POLR2F",
                "node_dst": "LZTS1",
                "condition": "Both",
                "prior": "NONE",
                "pathway": "REACTOME_RNA_POL_III_CHAIN_ELONGATION",
                "condition.1": "Both",
                "source": "POLR2F",
                "target": "LZTS1"
            }
        },
        {
            "data": {
                "node_src": "POLR2F",
                "node_dst": "POLR3H",
                "condition": "Both",
                "prior": "PRIOR",
                "pathway": "REACTOME_RNA_POL_III_CHAIN_ELONGATION",
                "condition.1": "Both",
                "source": "POLR2F",
                "target": "POLR3H"
            }
        },
        {
            "data": {
                "node_src": "POLR2F",
                "node_dst": "POLR1D",
                "condition": "Both",
                "prior": "PRIOR",
                "pathway": "REACTOME_RNA_POL_III_CHAIN_ELONGATION",
                "condition.1": "Both",
                "source": "POLR2F",
                "target": "POLR1D"
            }
        },
        {
            "data": {
                "node_src": "POLR2F",
                "node_dst": "POLR2E",
                "condition": "Both",
                "prior": "PRIOR",
                "pathway": "REACTOME_RNA_POL_III_CHAIN_ELONGATION",
                "condition.1": "Both",
                "source": "POLR2F",
                "target": "POLR2E"
            }
        },
        {
            "data": {
                "node_src": "POLR2H",
                "node_dst": "POLR3F",
                "condition": "C1",
                "prior": "PRIOR",
                "pathway": "REACTOME_RNA_POL_III_CHAIN_ELONGATION",
                "condition.1": "GBApPD",
                "source": "POLR2H",
                "target": "POLR3F"
            }
        },
        {
            "data": {
                "node_src": "POLR2H",
                "node_dst": "LZTS1",
                "condition": "Both",
                "prior": "NONE",
                "pathway": "REACTOME_RNA_POL_III_CHAIN_ELONGATION",
                "condition.1": "Both",
                "source": "POLR2H",
                "target": "LZTS1"
            }
        },
        {
            "data": {
                "node_src": "POLR2H",
                "node_dst": "POLR3H",
                "condition": "Both",
                "prior": "PRIOR",
                "pathway": "REACTOME_RNA_POL_III_CHAIN_ELONGATION",
                "condition.1": "Both",
                "source": "POLR2H",
                "target": "POLR3H"
            }
        },
        {
            "data": {
                "node_src": "POLR2H",
                "node_dst": "POLR1D",
                "condition": "Both",
                "prior": "PRIOR",
                "pathway": "REACTOME_RNA_POL_III_CHAIN_ELONGATION",
                "condition.1": "Both",
                "source": "POLR2H",
                "target": "POLR1D"
            }
        },
        {
            "data": {
                "node_src": "POLR2H",
                "node_dst": "POLR3K",
                "condition": "Both",
                "prior": "PRIOR",
                "pathway": "REACTOME_RNA_POL_III_CHAIN_ELONGATION",
                "condition.1": "Both",
                "source": "POLR2H",
                "target": "POLR3K"
            }
        },
        {
            "data": {
                "node_src": "POLR2H",
                "node_dst": "POLR2E",
                "condition": "Both",
                "prior": "PRIOR",
                "pathway": "REACTOME_RNA_POL_III_CHAIN_ELONGATION",
                "condition.1": "Both",
                "source": "POLR2H",
                "target": "POLR2E"
            }
        },
        {
            "data": {
                "node_src": "POLR2K",
                "node_dst": "POLR3F",
                "condition": "Both",
                "prior": "PRIOR",
                "pathway": "REACTOME_RNA_POL_III_CHAIN_ELONGATION",
                "condition.1": "Both",
                "source": "POLR2K",
                "target": "POLR3F"
            }
        },
        {
            "data": {
                "node_src": "POLR2K",
                "node_dst": "POLR3C",
                "condition": "Both",
                "prior": "PRIOR",
                "pathway": "REACTOME_RNA_POL_III_CHAIN_ELONGATION",
                "condition.1": "Both",
                "source": "POLR2K",
                "target": "POLR3C"
            }
        },
        {
            "data": {
                "node_src": "POLR2K",
                "node_dst": "POLR3A",
                "condition": "Both",
                "prior": "PRIOR",
                "pathway": "REACTOME_RNA_POL_III_CHAIN_ELONGATION",
                "condition.1": "Both",
                "source": "POLR2K",
                "target": "POLR3A"
            }
        },
        {
            "data": {
                "node_src": "POLR2K",
                "node_dst": "LZTS1",
                "condition": "Both",
                "prior": "NONE",
                "pathway": "REACTOME_RNA_POL_III_CHAIN_ELONGATION",
                "condition.1": "Both",
                "source": "POLR2K",
                "target": "LZTS1"
            }
        },
        {
            "data": {
                "node_src": "POLR2K",
                "node_dst": "POLR3H",
                "condition": "Both",
                "prior": "PRIOR",
                "pathway": "REACTOME_RNA_POL_III_CHAIN_ELONGATION",
                "condition.1": "Both",
                "source": "POLR2K",
                "target": "POLR3H"
            }
        },
        {
            "data": {
                "node_src": "POLR2K",
                "node_dst": "POLR1D",
                "condition": "Both",
                "prior": "PRIOR",
                "pathway": "REACTOME_RNA_POL_III_CHAIN_ELONGATION",
                "condition.1": "Both",
                "source": "POLR2K",
                "target": "POLR1D"
            }
        },
        {
            "data": {
                "node_src": "POLR2K",
                "node_dst": "POLR3K",
                "condition": "Both",
                "prior": "PRIOR",
                "pathway": "REACTOME_RNA_POL_III_CHAIN_ELONGATION",
                "condition.1": "Both",
                "source": "POLR2K",
                "target": "POLR3K"
            }
        },
        {
            "data": {
                "node_src": "POLR2K",
                "node_dst": "POLR2E",
                "condition": "Both",
                "prior": "PRIOR",
                "pathway": "REACTOME_RNA_POL_III_CHAIN_ELONGATION",
                "condition.1": "Both",
                "source": "POLR2K",
                "target": "POLR2E"
            }
        },
        {
            "data": {
                "node_src": "POLR2K",
                "node_dst": "POLR2F",
                "condition": "Both",
                "prior": "PRIOR",
                "pathway": "REACTOME_RNA_POL_III_CHAIN_ELONGATION",
                "condition.1": "Both",
                "source": "POLR2K",
                "target": "POLR2F"
            }
        },
        {
            "data": {
                "node_src": "POLR2K",
                "node_dst": "POLR2H",
                "condition": "Both",
                "prior": "PRIOR",
                "pathway": "REACTOME_RNA_POL_III_CHAIN_ELONGATION",
                "condition.1": "Both",
                "source": "POLR2K",
                "target": "POLR2H"
            }
        },
        {
            "data": {
                "node_src": "POLR3B",
                "node_dst": "POLR3F",
                "condition": "Both",
                "prior": "PRIOR",
                "pathway": "REACTOME_RNA_POL_III_CHAIN_ELONGATION",
                "condition.1": "Both",
                "source": "POLR3B",
                "target": "POLR3F"
            }
        },
        {
            "data": {
                "node_src": "POLR3B",
                "node_dst": "POLR3A",
                "condition": "C1",
                "prior": "PRIOR",
                "pathway": "REACTOME_RNA_POL_III_CHAIN_ELONGATION",
                "condition.1": "GBApPD",
                "source": "POLR3B",
                "target": "POLR3A"
            }
        },
        {
            "data": {
                "node_src": "POLR3B",
                "node_dst": "LZTS1",
                "condition": "Both",
                "prior": "NONE",
                "pathway": "REACTOME_RNA_POL_III_CHAIN_ELONGATION",
                "condition.1": "Both",
                "source": "POLR3B",
                "target": "LZTS1"
            }
        },
        {
            "data": {
                "node_src": "POLR3B",
                "node_dst": "POLR3H",
                "condition": "Both",
                "prior": "PRIOR",
                "pathway": "REACTOME_RNA_POL_III_CHAIN_ELONGATION",
                "condition.1": "Both",
                "source": "POLR3B",
                "target": "POLR3H"
            }
        },
        {
            "data": {
                "node_src": "POLR3B",
                "node_dst": "POLR1D",
                "condition": "Both",
                "prior": "PRIOR",
                "pathway": "REACTOME_RNA_POL_III_CHAIN_ELONGATION",
                "condition.1": "Both",
                "source": "POLR3B",
                "target": "POLR1D"
            }
        },
        {
            "data": {
                "node_src": "POLR3B",
                "node_dst": "POLR3K",
                "condition": "Both",
                "prior": "PRIOR",
                "pathway": "REACTOME_RNA_POL_III_CHAIN_ELONGATION",
                "condition.1": "Both",
                "source": "POLR3B",
                "target": "POLR3K"
            }
        },
        {
            "data": {
                "node_src": "POLR3B",
                "node_dst": "POLR2E",
                "condition": "Both",
                "prior": "PRIOR",
                "pathway": "REACTOME_RNA_POL_III_CHAIN_ELONGATION",
                "condition.1": "Both",
                "source": "POLR3B",
                "target": "POLR2E"
            }
        },
        {
            "data": {
                "node_src": "POLR3B",
                "node_dst": "POLR2F",
                "condition": "Both",
                "prior": "PRIOR",
                "pathway": "REACTOME_RNA_POL_III_CHAIN_ELONGATION",
                "condition.1": "Both",
                "source": "POLR3B",
                "target": "POLR2F"
            }
        },
        {
            "data": {
                "node_src": "POLR3B",
                "node_dst": "POLR2K",
                "condition": "Both",
                "prior": "PRIOR",
                "pathway": "REACTOME_RNA_POL_III_CHAIN_ELONGATION",
                "condition.1": "Both",
                "source": "POLR3B",
                "target": "POLR2K"
            }
        },
        {
            "data": {
                "node_src": "POLR3E",
                "node_dst": "POLR3F",
                "condition": "Both",
                "prior": "PRIOR",
                "pathway": "REACTOME_RNA_POL_III_CHAIN_ELONGATION",
                "condition.1": "Both",
                "source": "POLR3E",
                "target": "POLR3F"
            }
        },
        {
            "data": {
                "node_src": "POLR3E",
                "node_dst": "LZTS1",
                "condition": "Both",
                "prior": "NONE",
                "pathway": "REACTOME_RNA_POL_III_CHAIN_ELONGATION",
                "condition.1": "Both",
                "source": "POLR3E",
                "target": "LZTS1"
            }
        },
        {
            "data": {
                "node_src": "POLR3E",
                "node_dst": "POLR3H",
                "condition": "Both",
                "prior": "PRIOR",
                "pathway": "REACTOME_RNA_POL_III_CHAIN_ELONGATION",
                "condition.1": "Both",
                "source": "POLR3E",
                "target": "POLR3H"
            }
        },
        {
            "data": {
                "node_src": "POLR3E",
                "node_dst": "POLR1D",
                "condition": "Both",
                "prior": "PRIOR",
                "pathway": "REACTOME_RNA_POL_III_CHAIN_ELONGATION",
                "condition.1": "Both",
                "source": "POLR3E",
                "target": "POLR1D"
            }
        },
        {
            "data": {
                "node_src": "POLR3E",
                "node_dst": "POLR3K",
                "condition": "Both",
                "prior": "PRIOR",
                "pathway": "REACTOME_RNA_POL_III_CHAIN_ELONGATION",
                "condition.1": "Both",
                "source": "POLR3E",
                "target": "POLR3K"
            }
        },
        {
            "data": {
                "node_src": "POLR3E",
                "node_dst": "POLR2E",
                "condition": "Both",
                "prior": "PRIOR",
                "pathway": "REACTOME_RNA_POL_III_CHAIN_ELONGATION",
                "condition.1": "Both",
                "source": "POLR3E",
                "target": "POLR2E"
            }
        },
        {
            "data": {
                "node_src": "POLR3E",
                "node_dst": "POLR2F",
                "condition": "Both",
                "prior": "PRIOR",
                "pathway": "REACTOME_RNA_POL_III_CHAIN_ELONGATION",
                "condition.1": "Both",
                "source": "POLR3E",
                "target": "POLR2F"
            }
        },
        {
            "data": {
                "node_src": "POLR3E",
                "node_dst": "POLR2K",
                "condition": "Both",
                "prior": "PRIOR",
                "pathway": "REACTOME_RNA_POL_III_CHAIN_ELONGATION",
                "condition.1": "Both",
                "source": "POLR3E",
                "target": "POLR2K"
            }
        },
        {
            "data": {
                "node_src": "POLR3E",
                "node_dst": "POLR3B",
                "condition": "Both",
                "prior": "PRIOR",
                "pathway": "REACTOME_RNA_POL_III_CHAIN_ELONGATION",
                "condition.1": "Both",
                "source": "POLR3E",
                "target": "POLR3B"
            }
        },
        {
            "data": {
                "node_src": "POLR3D",
                "node_dst": "POLR3F",
                "condition": "Both",
                "prior": "PRIOR",
                "pathway": "REACTOME_RNA_POL_III_CHAIN_ELONGATION",
                "condition.1": "Both",
                "source": "POLR3D",
                "target": "POLR3F"
            }
        },
        {
            "data": {
                "node_src": "POLR3D",
                "node_dst": "POLR3C",
                "condition": "C1",
                "prior": "PRIOR",
                "pathway": "REACTOME_RNA_POL_III_CHAIN_ELONGATION",
                "condition.1": "GBApPD",
                "source": "POLR3D",
                "target": "POLR3C"
            }
        },
        {
            "data": {
                "node_src": "POLR3D",
                "node_dst": "LZTS1",
                "condition": "Both",
                "prior": "NONE",
                "pathway": "REACTOME_RNA_POL_III_CHAIN_ELONGATION",
                "condition.1": "Both",
                "source": "POLR3D",
                "target": "LZTS1"
            }
        },
        {
            "data": {
                "node_src": "POLR3D",
                "node_dst": "POLR3H",
                "condition": "Both",
                "prior": "PRIOR",
                "pathway": "REACTOME_RNA_POL_III_CHAIN_ELONGATION",
                "condition.1": "Both",
                "source": "POLR3D",
                "target": "POLR3H"
            }
        },
        {
            "data": {
                "node_src": "POLR3D",
                "node_dst": "POLR1D",
                "condition": "Both",
                "prior": "PRIOR",
                "pathway": "REACTOME_RNA_POL_III_CHAIN_ELONGATION",
                "condition.1": "Both",
                "source": "POLR3D",
                "target": "POLR1D"
            }
        },
        {
            "data": {
                "node_src": "POLR3D",
                "node_dst": "POLR3K",
                "condition": "Both",
                "prior": "PRIOR",
                "pathway": "REACTOME_RNA_POL_III_CHAIN_ELONGATION",
                "condition.1": "Both",
                "source": "POLR3D",
                "target": "POLR3K"
            }
        },
        {
            "data": {
                "node_src": "POLR3D",
                "node_dst": "POLR2E",
                "condition": "Both",
                "prior": "PRIOR",
                "pathway": "REACTOME_RNA_POL_III_CHAIN_ELONGATION",
                "condition.1": "Both",
                "source": "POLR3D",
                "target": "POLR2E"
            }
        },
        {
            "data": {
                "node_src": "POLR3D",
                "node_dst": "POLR2F",
                "condition": "Both",
                "prior": "PRIOR",
                "pathway": "REACTOME_RNA_POL_III_CHAIN_ELONGATION",
                "condition.1": "Both",
                "source": "POLR3D",
                "target": "POLR2F"
            }
        },
        {
            "data": {
                "node_src": "POLR3D",
                "node_dst": "POLR2H",
                "condition": "Both",
                "prior": "PRIOR",
                "pathway": "REACTOME_RNA_POL_III_CHAIN_ELONGATION",
                "condition.1": "Both",
                "source": "POLR3D",
                "target": "POLR2H"
            }
        },
        {
            "data": {
                "node_src": "POLR3D",
                "node_dst": "POLR2K",
                "condition": "Both",
                "prior": "PRIOR",
                "pathway": "REACTOME_RNA_POL_III_CHAIN_ELONGATION",
                "condition.1": "Both",
                "source": "POLR3D",
                "target": "POLR2K"
            }
        },
        {
            "data": {
                "node_src": "POLR3D",
                "node_dst": "POLR3B",
                "condition": "Both",
                "prior": "PRIOR",
                "pathway": "REACTOME_RNA_POL_III_CHAIN_ELONGATION",
                "condition.1": "Both",
                "source": "POLR3D",
                "target": "POLR3B"
            }
        },
        {
            "data": {
                "node_src": "POLR3GL",
                "node_dst": "POLR3C",
                "condition": "Both",
                "prior": "PRIOR",
                "pathway": "REACTOME_RNA_POL_III_CHAIN_ELONGATION",
                "condition.1": "Both",
                "source": "POLR3GL",
                "target": "POLR3C"
            }
        },
        {
            "data": {
                "node_src": "POLR3GL",
                "node_dst": "POLR3A",
                "condition": "Both",
                "prior": "PRIOR",
                "pathway": "REACTOME_RNA_POL_III_CHAIN_ELONGATION",
                "condition.1": "Both",
                "source": "POLR3GL",
                "target": "POLR3A"
            }
        },
        {
            "data": {
                "node_src": "POLR3GL",
                "node_dst": "LZTS1",
                "condition": "Both",
                "prior": "NONE",
                "pathway": "REACTOME_RNA_POL_III_CHAIN_ELONGATION",
                "condition.1": "Both",
                "source": "POLR3GL",
                "target": "LZTS1"
            }
        },
        {
            "data": {
                "node_src": "POLR3GL",
                "node_dst": "POLR3H",
                "condition": "Both",
                "prior": "PRIOR",
                "pathway": "REACTOME_RNA_POL_III_CHAIN_ELONGATION",
                "condition.1": "Both",
                "source": "POLR3GL",
                "target": "POLR3H"
            }
        },
        {
            "data": {
                "node_src": "POLR3GL",
                "node_dst": "POLR1D",
                "condition": "Both",
                "prior": "PRIOR",
                "pathway": "REACTOME_RNA_POL_III_CHAIN_ELONGATION",
                "condition.1": "Both",
                "source": "POLR3GL",
                "target": "POLR1D"
            }
        },
        {
            "data": {
                "node_src": "POLR3GL",
                "node_dst": "POLR3K",
                "condition": "Both",
                "prior": "PRIOR",
                "pathway": "REACTOME_RNA_POL_III_CHAIN_ELONGATION",
                "condition.1": "Both",
                "source": "POLR3GL",
                "target": "POLR3K"
            }
        },
        {
            "data": {
                "node_src": "POLR3GL",
                "node_dst": "POLR2E",
                "condition": "Both",
                "prior": "PRIOR",
                "pathway": "REACTOME_RNA_POL_III_CHAIN_ELONGATION",
                "condition.1": "Both",
                "source": "POLR3GL",
                "target": "POLR2E"
            }
        },
        {
            "data": {
                "node_src": "POLR3GL",
                "node_dst": "POLR2K",
                "condition": "Both",
                "prior": "PRIOR",
                "pathway": "REACTOME_RNA_POL_III_CHAIN_ELONGATION",
                "condition.1": "Both",
                "source": "POLR3GL",
                "target": "POLR2K"
            }
        },
        {
            "data": {
                "node_src": "POLR3GL",
                "node_dst": "POLR3B",
                "condition": "Both",
                "prior": "PRIOR",
                "pathway": "REACTOME_RNA_POL_III_CHAIN_ELONGATION",
                "condition.1": "Both",
                "source": "POLR3GL",
                "target": "POLR3B"
            }
        },
        {
            "data": {
                "node_src": "POLR3GL",
                "node_dst": "POLR3E",
                "condition": "Both",
                "prior": "PRIOR",
                "pathway": "REACTOME_RNA_POL_III_CHAIN_ELONGATION",
                "condition.1": "Both",
                "source": "POLR3GL",
                "target": "POLR3E"
            }
        },
        {
            "data": {
                "node_src": "POLR3GL",
                "node_dst": "POLR3D",
                "condition": "Both",
                "prior": "PRIOR",
                "pathway": "REACTOME_RNA_POL_III_CHAIN_ELONGATION",
                "condition.1": "Both",
                "source": "POLR3GL",
                "target": "POLR3D"
            }
        },
        {
            "data": {
                "node_src": "POLR1C",
                "node_dst": "POLR3H",
                "condition": "Both",
                "prior": "PRIOR",
                "pathway": "REACTOME_RNA_POL_III_CHAIN_ELONGATION",
                "condition.1": "Both",
                "source": "POLR1C",
                "target": "POLR3H"
            }
        },
        {
            "data": {
                "node_src": "POLR1C",
                "node_dst": "POLR1D",
                "condition": "Both",
                "prior": "PRIOR",
                "pathway": "REACTOME_RNA_POL_III_CHAIN_ELONGATION",
                "condition.1": "Both",
                "source": "POLR1C",
                "target": "POLR1D"
            }
        },
        {
            "data": {
                "node_src": "POLR1C",
                "node_dst": "POLR2E",
                "condition": "Both",
                "prior": "PRIOR",
                "pathway": "REACTOME_RNA_POL_III_CHAIN_ELONGATION",
                "condition.1": "Both",
                "source": "POLR1C",
                "target": "POLR2E"
            }
        },
        {
            "data": {
                "node_src": "POLR1C",
                "node_dst": "POLR2K",
                "condition": "Both",
                "prior": "PRIOR",
                "pathway": "REACTOME_RNA_POL_III_CHAIN_ELONGATION",
                "condition.1": "Both",
                "source": "POLR1C",
                "target": "POLR2K"
            }
        },
        {
            "data": {
                "node_src": "POLR1C",
                "node_dst": "POLR3E",
                "condition": "Both",
                "prior": "PRIOR",
                "pathway": "REACTOME_RNA_POL_III_CHAIN_ELONGATION",
                "condition.1": "Both",
                "source": "POLR1C",
                "target": "POLR3E"
            }
        },
        {
            "data": {
                "node_src": "POLR1C",
                "node_dst": "POLR3D",
                "condition": "Both",
                "prior": "PRIOR",
                "pathway": "REACTOME_RNA_POL_III_CHAIN_ELONGATION",
                "condition.1": "Both",
                "source": "POLR1C",
                "target": "POLR3D"
            }
        },
        {
            "data": {
                "node_src": "POLR1C",
                "node_dst": "POLR3GL",
                "condition": "Both",
                "prior": "PRIOR",
                "pathway": "REACTOME_RNA_POL_III_CHAIN_ELONGATION",
                "condition.1": "Both",
                "source": "POLR1C",
                "target": "POLR3GL"
            }
        },
        {
            "data": {
                "node_src": "POLR3K",
                "node_dst": "POLR3C",
                "condition": "C2",
                "prior": "PRIOR",
                "pathway": "REACTOME_RNA_POL_III_CHAIN_ELONGATION",
                "condition.1": "GBApUnaffected",
                "source": "POLR3K",
                "target": "POLR3C"
            }
        },
        {
            "data": {
                "node_src": "POLR3K",
                "node_dst": "POLR3A",
                "condition": "C2",
                "prior": "PRIOR",
                "pathway": "REACTOME_RNA_POL_III_CHAIN_ELONGATION",
                "condition.1": "GBApUnaffected",
                "source": "POLR3K",
                "target": "POLR3A"
            }
        },
        {
            "data": {
                "node_src": "POLR2F",
                "node_dst": "POLR3F",
                "condition": "C2",
                "prior": "PRIOR",
                "pathway": "REACTOME_RNA_POL_III_CHAIN_ELONGATION",
                "condition.1": "GBApUnaffected",
                "source": "POLR2F",
                "target": "POLR3F"
            }
        },
        {
            "data": {
                "node_src": "POLR2F",
                "node_dst": "POLR3C",
                "condition": "C2",
                "prior": "PRIOR",
                "pathway": "REACTOME_RNA_POL_III_CHAIN_ELONGATION",
                "condition.1": "GBApUnaffected",
                "source": "POLR2F",
                "target": "POLR3C"
            }
        },
        {
            "data": {
                "node_src": "POLR2F",
                "node_dst": "POLR3A",
                "condition": "C2",
                "prior": "PRIOR",
                "pathway": "REACTOME_RNA_POL_III_CHAIN_ELONGATION",
                "condition.1": "GBApUnaffected",
                "source": "POLR2F",
                "target": "POLR3A"
            }
        },
        {
            "data": {
                "node_src": "POLR2F",
                "node_dst": "POLR3K",
                "condition": "C2",
                "prior": "PRIOR",
                "pathway": "REACTOME_RNA_POL_III_CHAIN_ELONGATION",
                "condition.1": "GBApUnaffected",
                "source": "POLR2F",
                "target": "POLR3K"
            }
        },
        {
            "data": {
                "node_src": "POLR2H",
                "node_dst": "POLR3A",
                "condition": "C2",
                "prior": "PRIOR",
                "pathway": "REACTOME_RNA_POL_III_CHAIN_ELONGATION",
                "condition.1": "GBApUnaffected",
                "source": "POLR2H",
                "target": "POLR3A"
            }
        },
        {
            "data": {
                "node_src": "POLR2H",
                "node_dst": "POLR2F",
                "condition": "C2",
                "prior": "PRIOR",
                "pathway": "REACTOME_RNA_POL_III_CHAIN_ELONGATION",
                "condition.1": "GBApUnaffected",
                "source": "POLR2H",
                "target": "POLR2F"
            }
        },
        {
            "data": {
                "node_src": "POLR3B",
                "node_dst": "POLR2H",
                "condition": "C2",
                "prior": "PRIOR",
                "pathway": "REACTOME_RNA_POL_III_CHAIN_ELONGATION",
                "condition.1": "GBApUnaffected",
                "source": "POLR3B",
                "target": "POLR2H"
            }
        },
        {
            "data": {
                "node_src": "POLR3GL",
                "node_dst": "POLR3F",
                "condition": "C2",
                "prior": "PRIOR",
                "pathway": "REACTOME_RNA_POL_III_CHAIN_ELONGATION",
                "condition.1": "GBApUnaffected",
                "source": "POLR3GL",
                "target": "POLR3F"
            }
        },
        {
            "data": {
                "node_src": "POLR3GL",
                "node_dst": "POLR2F",
                "condition": "C2",
                "prior": "PRIOR",
                "pathway": "REACTOME_RNA_POL_III_CHAIN_ELONGATION",
                "condition.1": "GBApUnaffected",
                "source": "POLR3GL",
                "target": "POLR2F"
            }
        },
        {
            "data": {
                "node_src": "POLR3GL",
                "node_dst": "POLR2H",
                "condition": "C2",
                "prior": "PRIOR",
                "pathway": "REACTOME_RNA_POL_III_CHAIN_ELONGATION",
                "condition.1": "GBApUnaffected",
                "source": "POLR3GL",
                "target": "POLR2H"
            }
        },
        {
            "data": {
                "node_src": "POLR1C",
                "node_dst": "POLR3A",
                "condition": "C2",
                "prior": "PRIOR",
                "pathway": "REACTOME_RNA_POL_III_CHAIN_ELONGATION",
                "condition.1": "GBApUnaffected",
                "source": "POLR1C",
                "target": "POLR3A"
            }
        },
        {
            "data": {
                "node_src": "POLR1C",
                "node_dst": "LZTS1",
                "condition": "C2",
                "prior": "NONE",
                "pathway": "REACTOME_RNA_POL_III_CHAIN_ELONGATION",
                "condition.1": "GBApUnaffected",
                "source": "POLR1C",
                "target": "LZTS1"
            }
        },
        {
            "data": {
                "node_src": "POLR1C",
                "node_dst": "POLR3K",
                "condition": "C2",
                "prior": "PRIOR",
                "pathway": "REACTOME_RNA_POL_III_CHAIN_ELONGATION",
                "condition.1": "GBApUnaffected",
                "source": "POLR1C",
                "target": "POLR3K"
            }
        },
        {
            "data": {
                "node_src": "POLR1C",
                "node_dst": "POLR2F",
                "condition": "C2",
                "prior": "PRIOR",
                "pathway": "REACTOME_RNA_POL_III_CHAIN_ELONGATION",
                "condition.1": "GBApUnaffected",
                "source": "POLR1C",
                "target": "POLR2F"
            }
        }
    ]
}

