{
    "metadata": [
        {
            "data": {
                "Both": "Both",
                "C1": "GBApPD",
                "C2": "GBApUnaffected"
            }
        }
    ],
    "nodes": [
        {
            "data": {
                "pathway": "REACTOME_SIGNALING_BY_NODAL",
                "id": "REACTOME_SIGNALING_BY_NODAL"
            }
        },
        {
            "data": {
                "name": "FOXO3",
                "mediator.essentiality": false,
                "mediator.specificity": false,
                "mediator": "",
                "id": "FOXO3",
                "pathway": "REACTOME_SIGNALING_BY_NODAL",
                "n": 17,
                "parent": "REACTOME_SIGNALING_BY_NODAL"
            }
        },
        {
            "data": {
                "name": "GDF1",
                "mediator.essentiality": false,
                "mediator.specificity": false,
                "mediator": "",
                "id": "GDF1",
                "pathway": "REACTOME_SIGNALING_BY_NODAL",
                "n": 17,
                "parent": "REACTOME_SIGNALING_BY_NODAL"
            }
        },
        {
            "data": {
                "name": "SMAD2",
                "mediator.essentiality": false,
                "mediator.specificity": false,
                "mediator": "",
                "id": "SMAD2",
                "pathway": "REACTOME_SIGNALING_BY_NODAL",
                "n": 17,
                "parent": "REACTOME_SIGNALING_BY_NODAL"
            }
        },
        {
            "data": {
                "name": "SMAD3",
                "mediator.essentiality": false,
                "mediator.specificity": false,
                "mediator": "",
                "id": "SMAD3",
                "pathway": "REACTOME_SIGNALING_BY_NODAL",
                "n": 17,
                "parent": "REACTOME_SIGNALING_BY_NODAL"
            }
        },
        {
            "data": {
                "name": "SMAD4",
                "mediator.essentiality": false,
                "mediator.specificity": false,
                "mediator": "",
                "id": "SMAD4",
                "pathway": "REACTOME_SIGNALING_BY_NODAL",
                "n": 17,
                "parent": "REACTOME_SIGNALING_BY_NODAL"
            }
        },
        {
            "data": {
                "name": "NODAL",
                "mediator.essentiality": false,
                "mediator.specificity": false,
                "mediator": "",
                "id": "NODAL",
                "pathway": "REACTOME_SIGNALING_BY_NODAL",
                "n": 17,
                "parent": "REACTOME_SIGNALING_BY_NODAL"
            }
        },
        {
            "data": {
                "name": "FURIN",
                "mediator.essentiality": true,
                "mediator.specificity": true,
                "mediator": "Dual mediator",
                "id": "FURIN",
                "pathway": "REACTOME_SIGNALING_BY_NODAL",
                "n": 17,
                "parent": "REACTOME_SIGNALING_BY_NODAL"
            }
        },
        {
            "data": {
                "name": "PCSK6",
                "mediator.essentiality": false,
                "mediator.specificity": false,
                "mediator": "",
                "id": "PCSK6",
                "pathway": "REACTOME_SIGNALING_BY_NODAL",
                "n": 17,
                "parent": "REACTOME_SIGNALING_BY_NODAL"
            }
        },
        {
            "data": {
                "name": "TDGF1",
                "mediator.essentiality": false,
                "mediator.specificity": false,
                "mediator": "",
                "id": "TDGF1",
                "pathway": "REACTOME_SIGNALING_BY_NODAL",
                "n": 17,
                "parent": "REACTOME_SIGNALING_BY_NODAL"
            }
        },
        {
            "data": {
                "name": "LEFTY2",
                "mediator.essentiality": false,
                "mediator.specificity": false,
                "mediator": "",
                "id": "LEFTY2",
                "pathway": "REACTOME_SIGNALING_BY_NODAL",
                "n": 17,
                "parent": "REACTOME_SIGNALING_BY_NODAL"
            }
        },
        {
            "data": {
                "name": "FOXH1",
                "mediator.essentiality": false,
                "mediator.specificity": false,
                "mediator": "",
                "id": "FOXH1",
                "pathway": "REACTOME_SIGNALING_BY_NODAL",
                "n": 17,
                "parent": "REACTOME_SIGNALING_BY_NODAL"
            }
        },
        {
            "data": {
                "name": "ACVR1B",
                "mediator.essentiality": false,
                "mediator.specificity": false,
                "mediator": "",
                "id": "ACVR1B",
                "pathway": "REACTOME_SIGNALING_BY_NODAL",
                "n": 17,
                "parent": "REACTOME_SIGNALING_BY_NODAL"
            }
        },
        {
            "data": {
                "name": "ACVR2A",
                "mediator.essentiality": false,
                "mediator.specificity": false,
                "mediator": "",
                "id": "ACVR2A",
                "pathway": "REACTOME_SIGNALING_BY_NODAL",
                "n": 17,
                "parent": "REACTOME_SIGNALING_BY_NODAL"
            }
        },
        {
            "data": {
                "name": "ACVR2B",
                "mediator.essentiality": false,
                "mediator.specificity": false,
                "mediator": "",
                "id": "ACVR2B",
                "pathway": "REACTOME_SIGNALING_BY_NODAL",
                "n": 17,
                "parent": "REACTOME_SIGNALING_BY_NODAL"
            }
        },
        {
            "data": {
                "name": "CER1",
                "mediator.essentiality": false,
                "mediator.specificity": false,
                "mediator": "",
                "id": "CER1",
                "pathway": "REACTOME_SIGNALING_BY_NODAL",
                "n": 17,
                "parent": "REACTOME_SIGNALING_BY_NODAL"
            }
        },
        {
            "data": {
                "name": "DRAP1",
                "mediator.essentiality": false,
                "mediator.specificity": false,
                "mediator": "",
                "id": "DRAP1",
                "pathway": "REACTOME_SIGNALING_BY_NODAL",
                "n": 17,
                "parent": "REACTOME_SIGNALING_BY_NODAL"
            }
        },
        {
            "data": {
                "name": "ACVR1C",
                "mediator.essentiality": false,
                "mediator.specificity": false,
                "mediator": "",
                "id": "ACVR1C",
                "pathway": "REACTOME_SIGNALING_BY_NODAL",
                "n": 17,
                "parent": "REACTOME_SIGNALING_BY_NODAL"
            }
        }
    ],
    "edges": [
        {
            "data": {
                "node_src": "FOXO3",
                "node_dst": "DRAP1",
                "condition": "Both",
                "prior": "NONE",
                "pathway": "REACTOME_SIGNALING_BY_NODAL",
                "condition.1": "Both",
                "source": "FOXO3",
                "target": "DRAP1"
            }
        },
        {
            "data": {
                "node_src": "GDF1",
                "node_dst": "DRAP1",
                "condition": "Both",
                "prior": "NONE",
                "pathway": "REACTOME_SIGNALING_BY_NODAL",
                "condition.1": "Both",
                "source": "GDF1",
                "target": "DRAP1"
            }
        },
        {
            "data": {
                "node_src": "GDF1",
                "node_dst": "ACVR1C",
                "condition": "Both",
                "prior": "PRIOR",
                "pathway": "REACTOME_SIGNALING_BY_NODAL",
                "condition.1": "Both",
                "source": "GDF1",
                "target": "ACVR1C"
            }
        },
        {
            "data": {
                "node_src": "GDF1",
                "node_dst": "FOXO3",
                "condition": "Both",
                "prior": "NONE",
                "pathway": "REACTOME_SIGNALING_BY_NODAL",
                "condition.1": "Both",
                "source": "GDF1",
                "target": "FOXO3"
            }
        },
        {
            "data": {
                "node_src": "SMAD2",
                "node_dst": "DRAP1",
                "condition": "Both",
                "prior": "PRIOR",
                "pathway": "REACTOME_SIGNALING_BY_NODAL",
                "condition.1": "Both",
                "source": "SMAD2",
                "target": "DRAP1"
            }
        },
        {
            "data": {
                "node_src": "SMAD2",
                "node_dst": "ACVR1C",
                "condition": "Both",
                "prior": "PRIOR",
                "pathway": "REACTOME_SIGNALING_BY_NODAL",
                "condition.1": "Both",
                "source": "SMAD2",
                "target": "ACVR1C"
            }
        },
        {
            "data": {
                "node_src": "SMAD2",
                "node_dst": "FOXO3",
                "condition": "Both",
                "prior": "PRIOR",
                "pathway": "REACTOME_SIGNALING_BY_NODAL",
                "condition.1": "Both",
                "source": "SMAD2",
                "target": "FOXO3"
            }
        },
        {
            "data": {
                "node_src": "SMAD2",
                "node_dst": "GDF1",
                "condition": "Both",
                "prior": "PRIOR",
                "pathway": "REACTOME_SIGNALING_BY_NODAL",
                "condition.1": "Both",
                "source": "SMAD2",
                "target": "GDF1"
            }
        },
        {
            "data": {
                "node_src": "SMAD3",
                "node_dst": "DRAP1",
                "condition": "Both",
                "prior": "PRIOR",
                "pathway": "REACTOME_SIGNALING_BY_NODAL",
                "condition.1": "Both",
                "source": "SMAD3",
                "target": "DRAP1"
            }
        },
        {
            "data": {
                "node_src": "SMAD3",
                "node_dst": "ACVR1C",
                "condition": "Both",
                "prior": "PRIOR",
                "pathway": "REACTOME_SIGNALING_BY_NODAL",
                "condition.1": "Both",
                "source": "SMAD3",
                "target": "ACVR1C"
            }
        },
        {
            "data": {
                "node_src": "SMAD3",
                "node_dst": "FOXO3",
                "condition": "Both",
                "prior": "PRIOR",
                "pathway": "REACTOME_SIGNALING_BY_NODAL",
                "condition.1": "Both",
                "source": "SMAD3",
                "target": "FOXO3"
            }
        },
        {
            "data": {
                "node_src": "SMAD3",
                "node_dst": "GDF1",
                "condition": "Both",
                "prior": "PRIOR",
                "pathway": "REACTOME_SIGNALING_BY_NODAL",
                "condition.1": "Both",
                "source": "SMAD3",
                "target": "GDF1"
            }
        },
        {
            "data": {
                "node_src": "SMAD3",
                "node_dst": "SMAD2",
                "condition": "Both",
                "prior": "PRIOR",
                "pathway": "REACTOME_SIGNALING_BY_NODAL",
                "condition.1": "Both",
                "source": "SMAD3",
                "target": "SMAD2"
            }
        },
        {
            "data": {
                "node_src": "SMAD4",
                "node_dst": "DRAP1",
                "condition": "Both",
                "prior": "PRIOR",
                "pathway": "REACTOME_SIGNALING_BY_NODAL",
                "condition.1": "Both",
                "source": "SMAD4",
                "target": "DRAP1"
            }
        },
        {
            "data": {
                "node_src": "SMAD4",
                "node_dst": "ACVR1C",
                "condition": "Both",
                "prior": "NONE",
                "pathway": "REACTOME_SIGNALING_BY_NODAL",
                "condition.1": "Both",
                "source": "SMAD4",
                "target": "ACVR1C"
            }
        },
        {
            "data": {
                "node_src": "SMAD4",
                "node_dst": "FOXO3",
                "condition": "Both",
                "prior": "PRIOR",
                "pathway": "REACTOME_SIGNALING_BY_NODAL",
                "condition.1": "Both",
                "source": "SMAD4",
                "target": "FOXO3"
            }
        },
        {
            "data": {
                "node_src": "SMAD4",
                "node_dst": "GDF1",
                "condition": "Both",
                "prior": "NONE",
                "pathway": "REACTOME_SIGNALING_BY_NODAL",
                "condition.1": "Both",
                "source": "SMAD4",
                "target": "GDF1"
            }
        },
        {
            "data": {
                "node_src": "SMAD4",
                "node_dst": "SMAD3",
                "condition": "Both",
                "prior": "PRIOR",
                "pathway": "REACTOME_SIGNALING_BY_NODAL",
                "condition.1": "Both",
                "source": "SMAD4",
                "target": "SMAD3"
            }
        },
        {
            "data": {
                "node_src": "NODAL",
                "node_dst": "DRAP1",
                "condition": "Both",
                "prior": "NONE",
                "pathway": "REACTOME_SIGNALING_BY_NODAL",
                "condition.1": "Both",
                "source": "NODAL",
                "target": "DRAP1"
            }
        },
        {
            "data": {
                "node_src": "NODAL",
                "node_dst": "ACVR1C",
                "condition": "Both",
                "prior": "PRIOR",
                "pathway": "REACTOME_SIGNALING_BY_NODAL",
                "condition.1": "Both",
                "source": "NODAL",
                "target": "ACVR1C"
            }
        },
        {
            "data": {
                "node_src": "NODAL",
                "node_dst": "FOXO3",
                "condition": "Both",
                "prior": "NONE",
                "pathway": "REACTOME_SIGNALING_BY_NODAL",
                "condition.1": "Both",
                "source": "NODAL",
                "target": "FOXO3"
            }
        },
        {
            "data": {
                "node_src": "NODAL",
                "node_dst": "GDF1",
                "condition": "Both",
                "prior": "PRIOR",
                "pathway": "REACTOME_SIGNALING_BY_NODAL",
                "condition.1": "Both",
                "source": "NODAL",
                "target": "GDF1"
            }
        },
        {
            "data": {
                "node_src": "NODAL",
                "node_dst": "SMAD2",
                "condition": "Both",
                "prior": "PRIOR",
                "pathway": "REACTOME_SIGNALING_BY_NODAL",
                "condition.1": "Both",
                "source": "NODAL",
                "target": "SMAD2"
            }
        },
        {
            "data": {
                "node_src": "NODAL",
                "node_dst": "SMAD3",
                "condition": "Both",
                "prior": "PRIOR",
                "pathway": "REACTOME_SIGNALING_BY_NODAL",
                "condition.1": "Both",
                "source": "NODAL",
                "target": "SMAD3"
            }
        },
        {
            "data": {
                "node_src": "NODAL",
                "node_dst": "SMAD4",
                "condition": "Both",
                "prior": "NONE",
                "pathway": "REACTOME_SIGNALING_BY_NODAL",
                "condition.1": "Both",
                "source": "NODAL",
                "target": "SMAD4"
            }
        },
        {
            "data": {
                "node_src": "FURIN",
                "node_dst": "DRAP1",
                "condition": "Both",
                "prior": "NONE",
                "pathway": "REACTOME_SIGNALING_BY_NODAL",
                "condition.1": "Both",
                "source": "FURIN",
                "target": "DRAP1"
            }
        },
        {
            "data": {
                "node_src": "FURIN",
                "node_dst": "ACVR1C",
                "condition": "C1",
                "prior": "NONE",
                "pathway": "REACTOME_SIGNALING_BY_NODAL",
                "condition.1": "GBApPD",
                "source": "FURIN",
                "target": "ACVR1C"
            }
        },
        {
            "data": {
                "node_src": "FURIN",
                "node_dst": "FOXO3",
                "condition": "C1",
                "prior": "NONE",
                "pathway": "REACTOME_SIGNALING_BY_NODAL",
                "condition.1": "GBApPD",
                "source": "FURIN",
                "target": "FOXO3"
            }
        },
        {
            "data": {
                "node_src": "FURIN",
                "node_dst": "GDF1",
                "condition": "Both",
                "prior": "NONE",
                "pathway": "REACTOME_SIGNALING_BY_NODAL",
                "condition.1": "Both",
                "source": "FURIN",
                "target": "GDF1"
            }
        },
        {
            "data": {
                "node_src": "FURIN",
                "node_dst": "SMAD2",
                "condition": "Both",
                "prior": "NONE",
                "pathway": "REACTOME_SIGNALING_BY_NODAL",
                "condition.1": "Both",
                "source": "FURIN",
                "target": "SMAD2"
            }
        },
        {
            "data": {
                "node_src": "FURIN",
                "node_dst": "SMAD3",
                "condition": "Both",
                "prior": "NONE",
                "pathway": "REACTOME_SIGNALING_BY_NODAL",
                "condition.1": "Both",
                "source": "FURIN",
                "target": "SMAD3"
            }
        },
        {
            "data": {
                "node_src": "FURIN",
                "node_dst": "SMAD4",
                "condition": "Both",
                "prior": "NONE",
                "pathway": "REACTOME_SIGNALING_BY_NODAL",
                "condition.1": "Both",
                "source": "FURIN",
                "target": "SMAD4"
            }
        },
        {
            "data": {
                "node_src": "FURIN",
                "node_dst": "NODAL",
                "condition": "Both",
                "prior": "PRIOR",
                "pathway": "REACTOME_SIGNALING_BY_NODAL",
                "condition.1": "Both",
                "source": "FURIN",
                "target": "NODAL"
            }
        },
        {
            "data": {
                "node_src": "PCSK6",
                "node_dst": "FOXO3",
                "condition": "Both",
                "prior": "NONE",
                "pathway": "REACTOME_SIGNALING_BY_NODAL",
                "condition.1": "Both",
                "source": "PCSK6",
                "target": "FOXO3"
            }
        },
        {
            "data": {
                "node_src": "PCSK6",
                "node_dst": "GDF1",
                "condition": "Both",
                "prior": "NONE",
                "pathway": "REACTOME_SIGNALING_BY_NODAL",
                "condition.1": "Both",
                "source": "PCSK6",
                "target": "GDF1"
            }
        },
        {
            "data": {
                "node_src": "PCSK6",
                "node_dst": "SMAD2",
                "condition": "C1",
                "prior": "NONE",
                "pathway": "REACTOME_SIGNALING_BY_NODAL",
                "condition.1": "GBApPD",
                "source": "PCSK6",
                "target": "SMAD2"
            }
        },
        {
            "data": {
                "node_src": "PCSK6",
                "node_dst": "SMAD3",
                "condition": "Both",
                "prior": "NONE",
                "pathway": "REACTOME_SIGNALING_BY_NODAL",
                "condition.1": "Both",
                "source": "PCSK6",
                "target": "SMAD3"
            }
        },
        {
            "data": {
                "node_src": "PCSK6",
                "node_dst": "NODAL",
                "condition": "Both",
                "prior": "PRIOR",
                "pathway": "REACTOME_SIGNALING_BY_NODAL",
                "condition.1": "Both",
                "source": "PCSK6",
                "target": "NODAL"
            }
        },
        {
            "data": {
                "node_src": "PCSK6",
                "node_dst": "FURIN",
                "condition": "Both",
                "prior": "NONE",
                "pathway": "REACTOME_SIGNALING_BY_NODAL",
                "condition.1": "Both",
                "source": "PCSK6",
                "target": "FURIN"
            }
        },
        {
            "data": {
                "node_src": "TDGF1",
                "node_dst": "DRAP1",
                "condition": "Both",
                "prior": "NONE",
                "pathway": "REACTOME_SIGNALING_BY_NODAL",
                "condition.1": "Both",
                "source": "TDGF1",
                "target": "DRAP1"
            }
        },
        {
            "data": {
                "node_src": "TDGF1",
                "node_dst": "ACVR1C",
                "condition": "Both",
                "prior": "PRIOR",
                "pathway": "REACTOME_SIGNALING_BY_NODAL",
                "condition.1": "Both",
                "source": "TDGF1",
                "target": "ACVR1C"
            }
        },
        {
            "data": {
                "node_src": "TDGF1",
                "node_dst": "FOXO3",
                "condition": "Both",
                "prior": "NONE",
                "pathway": "REACTOME_SIGNALING_BY_NODAL",
                "condition.1": "Both",
                "source": "TDGF1",
                "target": "FOXO3"
            }
        },
        {
            "data": {
                "node_src": "TDGF1",
                "node_dst": "GDF1",
                "condition": "Both",
                "prior": "PRIOR",
                "pathway": "REACTOME_SIGNALING_BY_NODAL",
                "condition.1": "Both",
                "source": "TDGF1",
                "target": "GDF1"
            }
        },
        {
            "data": {
                "node_src": "TDGF1",
                "node_dst": "SMAD2",
                "condition": "Both",
                "prior": "PRIOR",
                "pathway": "REACTOME_SIGNALING_BY_NODAL",
                "condition.1": "Both",
                "source": "TDGF1",
                "target": "SMAD2"
            }
        },
        {
            "data": {
                "node_src": "TDGF1",
                "node_dst": "SMAD3",
                "condition": "Both",
                "prior": "PRIOR",
                "pathway": "REACTOME_SIGNALING_BY_NODAL",
                "condition.1": "Both",
                "source": "TDGF1",
                "target": "SMAD3"
            }
        },
        {
            "data": {
                "node_src": "TDGF1",
                "node_dst": "SMAD4",
                "condition": "Both",
                "prior": "NONE",
                "pathway": "REACTOME_SIGNALING_BY_NODAL",
                "condition.1": "Both",
                "source": "TDGF1",
                "target": "SMAD4"
            }
        },
        {
            "data": {
                "node_src": "TDGF1",
                "node_dst": "NODAL",
                "condition": "Both",
                "prior": "PRIOR",
                "pathway": "REACTOME_SIGNALING_BY_NODAL",
                "condition.1": "Both",
                "source": "TDGF1",
                "target": "NODAL"
            }
        },
        {
            "data": {
                "node_src": "TDGF1",
                "node_dst": "FURIN",
                "condition": "Both",
                "prior": "NONE",
                "pathway": "REACTOME_SIGNALING_BY_NODAL",
                "condition.1": "Both",
                "source": "TDGF1",
                "target": "FURIN"
            }
        },
        {
            "data": {
                "node_src": "TDGF1",
                "node_dst": "PCSK6",
                "condition": "Both",
                "prior": "NONE",
                "pathway": "REACTOME_SIGNALING_BY_NODAL",
                "condition.1": "Both",
                "source": "TDGF1",
                "target": "PCSK6"
            }
        },
        {
            "data": {
                "node_src": "LEFTY2",
                "node_dst": "DRAP1",
                "condition": "Both",
                "prior": "NONE",
                "pathway": "REACTOME_SIGNALING_BY_NODAL",
                "condition.1": "Both",
                "source": "LEFTY2",
                "target": "DRAP1"
            }
        },
        {
            "data": {
                "node_src": "LEFTY2",
                "node_dst": "ACVR1C",
                "condition": "Both",
                "prior": "PRIOR",
                "pathway": "REACTOME_SIGNALING_BY_NODAL",
                "condition.1": "Both",
                "source": "LEFTY2",
                "target": "ACVR1C"
            }
        },
        {
            "data": {
                "node_src": "LEFTY2",
                "node_dst": "FOXO3",
                "condition": "Both",
                "prior": "NONE",
                "pathway": "REACTOME_SIGNALING_BY_NODAL",
                "condition.1": "Both",
                "source": "LEFTY2",
                "target": "FOXO3"
            }
        },
        {
            "data": {
                "node_src": "LEFTY2",
                "node_dst": "GDF1",
                "condition": "Both",
                "prior": "PRIOR",
                "pathway": "REACTOME_SIGNALING_BY_NODAL",
                "condition.1": "Both",
                "source": "LEFTY2",
                "target": "GDF1"
            }
        },
        {
            "data": {
                "node_src": "LEFTY2",
                "node_dst": "SMAD2",
                "condition": "Both",
                "prior": "PRIOR",
                "pathway": "REACTOME_SIGNALING_BY_NODAL",
                "condition.1": "Both",
                "source": "LEFTY2",
                "target": "SMAD2"
            }
        },
        {
            "data": {
                "node_src": "LEFTY2",
                "node_dst": "SMAD3",
                "condition": "Both",
                "prior": "PRIOR",
                "pathway": "REACTOME_SIGNALING_BY_NODAL",
                "condition.1": "Both",
                "source": "LEFTY2",
                "target": "SMAD3"
            }
        },
        {
            "data": {
                "node_src": "LEFTY2",
                "node_dst": "SMAD4",
                "condition": "Both",
                "prior": "NONE",
                "pathway": "REACTOME_SIGNALING_BY_NODAL",
                "condition.1": "Both",
                "source": "LEFTY2",
                "target": "SMAD4"
            }
        },
        {
            "data": {
                "node_src": "LEFTY2",
                "node_dst": "NODAL",
                "condition": "Both",
                "prior": "PRIOR",
                "pathway": "REACTOME_SIGNALING_BY_NODAL",
                "condition.1": "Both",
                "source": "LEFTY2",
                "target": "NODAL"
            }
        },
        {
            "data": {
                "node_src": "LEFTY2",
                "node_dst": "PCSK6",
                "condition": "Both",
                "prior": "NONE",
                "pathway": "REACTOME_SIGNALING_BY_NODAL",
                "condition.1": "Both",
                "source": "LEFTY2",
                "target": "PCSK6"
            }
        },
        {
            "data": {
                "node_src": "LEFTY2",
                "node_dst": "TDGF1",
                "condition": "Both",
                "prior": "PRIOR",
                "pathway": "REACTOME_SIGNALING_BY_NODAL",
                "condition.1": "Both",
                "source": "LEFTY2",
                "target": "TDGF1"
            }
        },
        {
            "data": {
                "node_src": "FOXH1",
                "node_dst": "DRAP1",
                "condition": "Both",
                "prior": "PRIOR",
                "pathway": "REACTOME_SIGNALING_BY_NODAL",
                "condition.1": "Both",
                "source": "FOXH1",
                "target": "DRAP1"
            }
        },
        {
            "data": {
                "node_src": "FOXH1",
                "node_dst": "FOXO3",
                "condition": "Both",
                "prior": "NONE",
                "pathway": "REACTOME_SIGNALING_BY_NODAL",
                "condition.1": "Both",
                "source": "FOXH1",
                "target": "FOXO3"
            }
        },
        {
            "data": {
                "node_src": "FOXH1",
                "node_dst": "GDF1",
                "condition": "Both",
                "prior": "NONE",
                "pathway": "REACTOME_SIGNALING_BY_NODAL",
                "condition.1": "Both",
                "source": "FOXH1",
                "target": "GDF1"
            }
        },
        {
            "data": {
                "node_src": "FOXH1",
                "node_dst": "SMAD2",
                "condition": "Both",
                "prior": "PRIOR",
                "pathway": "REACTOME_SIGNALING_BY_NODAL",
                "condition.1": "Both",
                "source": "FOXH1",
                "target": "SMAD2"
            }
        },
        {
            "data": {
                "node_src": "FOXH1",
                "node_dst": "SMAD3",
                "condition": "Both",
                "prior": "PRIOR",
                "pathway": "REACTOME_SIGNALING_BY_NODAL",
                "condition.1": "Both",
                "source": "FOXH1",
                "target": "SMAD3"
            }
        },
        {
            "data": {
                "node_src": "FOXH1",
                "node_dst": "SMAD4",
                "condition": "Both",
                "prior": "PRIOR",
                "pathway": "REACTOME_SIGNALING_BY_NODAL",
                "condition.1": "Both",
                "source": "FOXH1",
                "target": "SMAD4"
            }
        },
        {
            "data": {
                "node_src": "FOXH1",
                "node_dst": "NODAL",
                "condition": "Both",
                "prior": "NONE",
                "pathway": "REACTOME_SIGNALING_BY_NODAL",
                "condition.1": "Both",
                "source": "FOXH1",
                "target": "NODAL"
            }
        },
        {
            "data": {
                "node_src": "FOXH1",
                "node_dst": "FURIN",
                "condition": "Both",
                "prior": "NONE",
                "pathway": "REACTOME_SIGNALING_BY_NODAL",
                "condition.1": "Both",
                "source": "FOXH1",
                "target": "FURIN"
            }
        },
        {
            "data": {
                "node_src": "FOXH1",
                "node_dst": "PCSK6",
                "condition": "Both",
                "prior": "NONE",
                "pathway": "REACTOME_SIGNALING_BY_NODAL",
                "condition.1": "Both",
                "source": "FOXH1",
                "target": "PCSK6"
            }
        },
        {
            "data": {
                "node_src": "FOXH1",
                "node_dst": "TDGF1",
                "condition": "Both",
                "prior": "NONE",
                "pathway": "REACTOME_SIGNALING_BY_NODAL",
                "condition.1": "Both",
                "source": "FOXH1",
                "target": "TDGF1"
            }
        },
        {
            "data": {
                "node_src": "FOXH1",
                "node_dst": "LEFTY2",
                "condition": "Both",
                "prior": "NONE",
                "pathway": "REACTOME_SIGNALING_BY_NODAL",
                "condition.1": "Both",
                "source": "FOXH1",
                "target": "LEFTY2"
            }
        },
        {
            "data": {
                "node_src": "ACVR1B",
                "node_dst": "DRAP1",
                "condition": "Both",
                "prior": "NONE",
                "pathway": "REACTOME_SIGNALING_BY_NODAL",
                "condition.1": "Both",
                "source": "ACVR1B",
                "target": "DRAP1"
            }
        },
        {
            "data": {
                "node_src": "ACVR1B",
                "node_dst": "ACVR1C",
                "condition": "Both",
                "prior": "PRIOR",
                "pathway": "REACTOME_SIGNALING_BY_NODAL",
                "condition.1": "Both",
                "source": "ACVR1B",
                "target": "ACVR1C"
            }
        },
        {
            "data": {
                "node_src": "ACVR1B",
                "node_dst": "FOXO3",
                "condition": "Both",
                "prior": "NONE",
                "pathway": "REACTOME_SIGNALING_BY_NODAL",
                "condition.1": "Both",
                "source": "ACVR1B",
                "target": "FOXO3"
            }
        },
        {
            "data": {
                "node_src": "ACVR1B",
                "node_dst": "GDF1",
                "condition": "Both",
                "prior": "PRIOR",
                "pathway": "REACTOME_SIGNALING_BY_NODAL",
                "condition.1": "Both",
                "source": "ACVR1B",
                "target": "GDF1"
            }
        },
        {
            "data": {
                "node_src": "ACVR1B",
                "node_dst": "SMAD2",
                "condition": "Both",
                "prior": "PRIOR",
                "pathway": "REACTOME_SIGNALING_BY_NODAL",
                "condition.1": "Both",
                "source": "ACVR1B",
                "target": "SMAD2"
            }
        },
        {
            "data": {
                "node_src": "ACVR1B",
                "node_dst": "SMAD3",
                "condition": "Both",
                "prior": "PRIOR",
                "pathway": "REACTOME_SIGNALING_BY_NODAL",
                "condition.1": "Both",
                "source": "ACVR1B",
                "target": "SMAD3"
            }
        },
        {
            "data": {
                "node_src": "ACVR1B",
                "node_dst": "SMAD4",
                "condition": "Both",
                "prior": "PRIOR",
                "pathway": "REACTOME_SIGNALING_BY_NODAL",
                "condition.1": "Both",
                "source": "ACVR1B",
                "target": "SMAD4"
            }
        },
        {
            "data": {
                "node_src": "ACVR1B",
                "node_dst": "NODAL",
                "condition": "Both",
                "prior": "PRIOR",
                "pathway": "REACTOME_SIGNALING_BY_NODAL",
                "condition.1": "Both",
                "source": "ACVR1B",
                "target": "NODAL"
            }
        },
        {
            "data": {
                "node_src": "ACVR1B",
                "node_dst": "FURIN",
                "condition": "Both",
                "prior": "NONE",
                "pathway": "REACTOME_SIGNALING_BY_NODAL",
                "condition.1": "Both",
                "source": "ACVR1B",
                "target": "FURIN"
            }
        },
        {
            "data": {
                "node_src": "ACVR1B",
                "node_dst": "PCSK6",
                "condition": "Both",
                "prior": "NONE",
                "pathway": "REACTOME_SIGNALING_BY_NODAL",
                "condition.1": "Both",
                "source": "ACVR1B",
                "target": "PCSK6"
            }
        },
        {
            "data": {
                "node_src": "ACVR1B",
                "node_dst": "TDGF1",
                "condition": "Both",
                "prior": "PRIOR",
                "pathway": "REACTOME_SIGNALING_BY_NODAL",
                "condition.1": "Both",
                "source": "ACVR1B",
                "target": "TDGF1"
            }
        },
        {
            "data": {
                "node_src": "ACVR1B",
                "node_dst": "LEFTY2",
                "condition": "Both",
                "prior": "PRIOR",
                "pathway": "REACTOME_SIGNALING_BY_NODAL",
                "condition.1": "Both",
                "source": "ACVR1B",
                "target": "LEFTY2"
            }
        },
        {
            "data": {
                "node_src": "ACVR1B",
                "node_dst": "FOXH1",
                "condition": "Both",
                "prior": "NONE",
                "pathway": "REACTOME_SIGNALING_BY_NODAL",
                "condition.1": "Both",
                "source": "ACVR1B",
                "target": "FOXH1"
            }
        },
        {
            "data": {
                "node_src": "ACVR2A",
                "node_dst": "DRAP1",
                "condition": "Both",
                "prior": "NONE",
                "pathway": "REACTOME_SIGNALING_BY_NODAL",
                "condition.1": "Both",
                "source": "ACVR2A",
                "target": "DRAP1"
            }
        },
        {
            "data": {
                "node_src": "ACVR2A",
                "node_dst": "ACVR1C",
                "condition": "Both",
                "prior": "PRIOR",
                "pathway": "REACTOME_SIGNALING_BY_NODAL",
                "condition.1": "Both",
                "source": "ACVR2A",
                "target": "ACVR1C"
            }
        },
        {
            "data": {
                "node_src": "ACVR2A",
                "node_dst": "FOXO3",
                "condition": "Both",
                "prior": "NONE",
                "pathway": "REACTOME_SIGNALING_BY_NODAL",
                "condition.1": "Both",
                "source": "ACVR2A",
                "target": "FOXO3"
            }
        },
        {
            "data": {
                "node_src": "ACVR2A",
                "node_dst": "GDF1",
                "condition": "Both",
                "prior": "PRIOR",
                "pathway": "REACTOME_SIGNALING_BY_NODAL",
                "condition.1": "Both",
                "source": "ACVR2A",
                "target": "GDF1"
            }
        },
        {
            "data": {
                "node_src": "ACVR2A",
                "node_dst": "SMAD3",
                "condition": "Both",
                "prior": "PRIOR",
                "pathway": "REACTOME_SIGNALING_BY_NODAL",
                "condition.1": "Both",
                "source": "ACVR2A",
                "target": "SMAD3"
            }
        },
        {
            "data": {
                "node_src": "ACVR2A",
                "node_dst": "NODAL",
                "condition": "Both",
                "prior": "PRIOR",
                "pathway": "REACTOME_SIGNALING_BY_NODAL",
                "condition.1": "Both",
                "source": "ACVR2A",
                "target": "NODAL"
            }
        },
        {
            "data": {
                "node_src": "ACVR2A",
                "node_dst": "FURIN",
                "condition": "C1",
                "prior": "NONE",
                "pathway": "REACTOME_SIGNALING_BY_NODAL",
                "condition.1": "GBApPD",
                "source": "ACVR2A",
                "target": "FURIN"
            }
        },
        {
            "data": {
                "node_src": "ACVR2A",
                "node_dst": "PCSK6",
                "condition": "C1",
                "prior": "NONE",
                "pathway": "REACTOME_SIGNALING_BY_NODAL",
                "condition.1": "GBApPD",
                "source": "ACVR2A",
                "target": "PCSK6"
            }
        },
        {
            "data": {
                "node_src": "ACVR2A",
                "node_dst": "TDGF1",
                "condition": "Both",
                "prior": "PRIOR",
                "pathway": "REACTOME_SIGNALING_BY_NODAL",
                "condition.1": "Both",
                "source": "ACVR2A",
                "target": "TDGF1"
            }
        },
        {
            "data": {
                "node_src": "ACVR2A",
                "node_dst": "LEFTY2",
                "condition": "Both",
                "prior": "PRIOR",
                "pathway": "REACTOME_SIGNALING_BY_NODAL",
                "condition.1": "Both",
                "source": "ACVR2A",
                "target": "LEFTY2"
            }
        },
        {
            "data": {
                "node_src": "ACVR2A",
                "node_dst": "FOXH1",
                "condition": "Both",
                "prior": "NONE",
                "pathway": "REACTOME_SIGNALING_BY_NODAL",
                "condition.1": "Both",
                "source": "ACVR2A",
                "target": "FOXH1"
            }
        },
        {
            "data": {
                "node_src": "ACVR2A",
                "node_dst": "ACVR1B",
                "condition": "Both",
                "prior": "PRIOR",
                "pathway": "REACTOME_SIGNALING_BY_NODAL",
                "condition.1": "Both",
                "source": "ACVR2A",
                "target": "ACVR1B"
            }
        },
        {
            "data": {
                "node_src": "ACVR2B",
                "node_dst": "DRAP1",
                "condition": "Both",
                "prior": "NONE",
                "pathway": "REACTOME_SIGNALING_BY_NODAL",
                "condition.1": "Both",
                "source": "ACVR2B",
                "target": "DRAP1"
            }
        },
        {
            "data": {
                "node_src": "ACVR2B",
                "node_dst": "ACVR1C",
                "condition": "Both",
                "prior": "PRIOR",
                "pathway": "REACTOME_SIGNALING_BY_NODAL",
                "condition.1": "Both",
                "source": "ACVR2B",
                "target": "ACVR1C"
            }
        },
        {
            "data": {
                "node_src": "ACVR2B",
                "node_dst": "FOXO3",
                "condition": "Both",
                "prior": "NONE",
                "pathway": "REACTOME_SIGNALING_BY_NODAL",
                "condition.1": "Both",
                "source": "ACVR2B",
                "target": "FOXO3"
            }
        },
        {
            "data": {
                "node_src": "ACVR2B",
                "node_dst": "GDF1",
                "condition": "Both",
                "prior": "PRIOR",
                "pathway": "REACTOME_SIGNALING_BY_NODAL",
                "condition.1": "Both",
                "source": "ACVR2B",
                "target": "GDF1"
            }
        },
        {
            "data": {
                "node_src": "ACVR2B",
                "node_dst": "SMAD2",
                "condition": "Both",
                "prior": "PRIOR",
                "pathway": "REACTOME_SIGNALING_BY_NODAL",
                "condition.1": "Both",
                "source": "ACVR2B",
                "target": "SMAD2"
            }
        },
        {
            "data": {
                "node_src": "ACVR2B",
                "node_dst": "SMAD3",
                "condition": "Both",
                "prior": "PRIOR",
                "pathway": "REACTOME_SIGNALING_BY_NODAL",
                "condition.1": "Both",
                "source": "ACVR2B",
                "target": "SMAD3"
            }
        },
        {
            "data": {
                "node_src": "ACVR2B",
                "node_dst": "SMAD4",
                "condition": "Both",
                "prior": "NONE",
                "pathway": "REACTOME_SIGNALING_BY_NODAL",
                "condition.1": "Both",
                "source": "ACVR2B",
                "target": "SMAD4"
            }
        },
        {
            "data": {
                "node_src": "ACVR2B",
                "node_dst": "NODAL",
                "condition": "Both",
                "prior": "PRIOR",
                "pathway": "REACTOME_SIGNALING_BY_NODAL",
                "condition.1": "Both",
                "source": "ACVR2B",
                "target": "NODAL"
            }
        },
        {
            "data": {
                "node_src": "ACVR2B",
                "node_dst": "FURIN",
                "condition": "C1",
                "prior": "NONE",
                "pathway": "REACTOME_SIGNALING_BY_NODAL",
                "condition.1": "GBApPD",
                "source": "ACVR2B",
                "target": "FURIN"
            }
        },
        {
            "data": {
                "node_src": "ACVR2B",
                "node_dst": "PCSK6",
                "condition": "Both",
                "prior": "NONE",
                "pathway": "REACTOME_SIGNALING_BY_NODAL",
                "condition.1": "Both",
                "source": "ACVR2B",
                "target": "PCSK6"
            }
        },
        {
            "data": {
                "node_src": "ACVR2B",
                "node_dst": "TDGF1",
                "condition": "Both",
                "prior": "PRIOR",
                "pathway": "REACTOME_SIGNALING_BY_NODAL",
                "condition.1": "Both",
                "source": "ACVR2B",
                "target": "TDGF1"
            }
        },
        {
            "data": {
                "node_src": "ACVR2B",
                "node_dst": "LEFTY2",
                "condition": "Both",
                "prior": "PRIOR",
                "pathway": "REACTOME_SIGNALING_BY_NODAL",
                "condition.1": "Both",
                "source": "ACVR2B",
                "target": "LEFTY2"
            }
        },
        {
            "data": {
                "node_src": "ACVR2B",
                "node_dst": "ACVR1B",
                "condition": "Both",
                "prior": "PRIOR",
                "pathway": "REACTOME_SIGNALING_BY_NODAL",
                "condition.1": "Both",
                "source": "ACVR2B",
                "target": "ACVR1B"
            }
        },
        {
            "data": {
                "node_src": "ACVR2B",
                "node_dst": "ACVR2A",
                "condition": "Both",
                "prior": "PRIOR",
                "pathway": "REACTOME_SIGNALING_BY_NODAL",
                "condition.1": "Both",
                "source": "ACVR2B",
                "target": "ACVR2A"
            }
        },
        {
            "data": {
                "node_src": "CER1",
                "node_dst": "DRAP1",
                "condition": "Both",
                "prior": "NONE",
                "pathway": "REACTOME_SIGNALING_BY_NODAL",
                "condition.1": "Both",
                "source": "CER1",
                "target": "DRAP1"
            }
        },
        {
            "data": {
                "node_src": "CER1",
                "node_dst": "ACVR1C",
                "condition": "Both",
                "prior": "PRIOR",
                "pathway": "REACTOME_SIGNALING_BY_NODAL",
                "condition.1": "Both",
                "source": "CER1",
                "target": "ACVR1C"
            }
        },
        {
            "data": {
                "node_src": "CER1",
                "node_dst": "FOXO3",
                "condition": "Both",
                "prior": "NONE",
                "pathway": "REACTOME_SIGNALING_BY_NODAL",
                "condition.1": "Both",
                "source": "CER1",
                "target": "FOXO3"
            }
        },
        {
            "data": {
                "node_src": "CER1",
                "node_dst": "GDF1",
                "condition": "Both",
                "prior": "PRIOR",
                "pathway": "REACTOME_SIGNALING_BY_NODAL",
                "condition.1": "Both",
                "source": "CER1",
                "target": "GDF1"
            }
        },
        {
            "data": {
                "node_src": "CER1",
                "node_dst": "SMAD3",
                "condition": "Both",
                "prior": "NONE",
                "pathway": "REACTOME_SIGNALING_BY_NODAL",
                "condition.1": "Both",
                "source": "CER1",
                "target": "SMAD3"
            }
        },
        {
            "data": {
                "node_src": "CER1",
                "node_dst": "SMAD4",
                "condition": "Both",
                "prior": "NONE",
                "pathway": "REACTOME_SIGNALING_BY_NODAL",
                "condition.1": "Both",
                "source": "CER1",
                "target": "SMAD4"
            }
        },
        {
            "data": {
                "node_src": "CER1",
                "node_dst": "NODAL",
                "condition": "Both",
                "prior": "PRIOR",
                "pathway": "REACTOME_SIGNALING_BY_NODAL",
                "condition.1": "Both",
                "source": "CER1",
                "target": "NODAL"
            }
        },
        {
            "data": {
                "node_src": "CER1",
                "node_dst": "PCSK6",
                "condition": "Both",
                "prior": "NONE",
                "pathway": "REACTOME_SIGNALING_BY_NODAL",
                "condition.1": "Both",
                "source": "CER1",
                "target": "PCSK6"
            }
        },
        {
            "data": {
                "node_src": "CER1",
                "node_dst": "TDGF1",
                "condition": "Both",
                "prior": "PRIOR",
                "pathway": "REACTOME_SIGNALING_BY_NODAL",
                "condition.1": "Both",
                "source": "CER1",
                "target": "TDGF1"
            }
        },
        {
            "data": {
                "node_src": "CER1",
                "node_dst": "LEFTY2",
                "condition": "Both",
                "prior": "NONE",
                "pathway": "REACTOME_SIGNALING_BY_NODAL",
                "condition.1": "Both",
                "source": "CER1",
                "target": "LEFTY2"
            }
        },
        {
            "data": {
                "node_src": "CER1",
                "node_dst": "FOXH1",
                "condition": "Both",
                "prior": "NONE",
                "pathway": "REACTOME_SIGNALING_BY_NODAL",
                "condition.1": "Both",
                "source": "CER1",
                "target": "FOXH1"
            }
        },
        {
            "data": {
                "node_src": "CER1",
                "node_dst": "ACVR1B",
                "condition": "Both",
                "prior": "PRIOR",
                "pathway": "REACTOME_SIGNALING_BY_NODAL",
                "condition.1": "Both",
                "source": "CER1",
                "target": "ACVR1B"
            }
        },
        {
            "data": {
                "node_src": "CER1",
                "node_dst": "ACVR2A",
                "condition": "Both",
                "prior": "PRIOR",
                "pathway": "REACTOME_SIGNALING_BY_NODAL",
                "condition.1": "Both",
                "source": "CER1",
                "target": "ACVR2A"
            }
        },
        {
            "data": {
                "node_src": "CER1",
                "node_dst": "ACVR2B",
                "condition": "Both",
                "prior": "PRIOR",
                "pathway": "REACTOME_SIGNALING_BY_NODAL",
                "condition.1": "Both",
                "source": "CER1",
                "target": "ACVR2B"
            }
        },
        {
            "data": {
                "node_src": "ACVR1C",
                "node_dst": "DRAP1",
                "condition": "C2",
                "prior": "NONE",
                "pathway": "REACTOME_SIGNALING_BY_NODAL",
                "condition.1": "GBApUnaffected",
                "source": "ACVR1C",
                "target": "DRAP1"
            }
        },
        {
            "data": {
                "node_src": "LEFTY2",
                "node_dst": "FURIN",
                "condition": "C2",
                "prior": "NONE",
                "pathway": "REACTOME_SIGNALING_BY_NODAL",
                "condition.1": "GBApUnaffected",
                "source": "LEFTY2",
                "target": "FURIN"
            }
        },
        {
            "data": {
                "node_src": "CER1",
                "node_dst": "SMAD2",
                "condition": "C2",
                "prior": "NONE",
                "pathway": "REACTOME_SIGNALING_BY_NODAL",
                "condition.1": "GBApUnaffected",
                "source": "CER1",
                "target": "SMAD2"
            }
        },
        {
            "data": {
                "node_src": "CER1",
                "node_dst": "FURIN",
                "condition": "C2",
                "prior": "NONE",
                "pathway": "REACTOME_SIGNALING_BY_NODAL",
                "condition.1": "GBApUnaffected",
                "source": "CER1",
                "target": "FURIN"
            }
        }
    ]
}

