{
    "metadata": [
        {
            "data": {
                "Both": "Both",
                "C1": "GBApPD",
                "C2": "GBApUnaffected"
            }
        }
    ],
    "nodes": [
        {
            "data": {
                "pathway": "REACTOME_SYNTHESIS_SECRETION_AND_DEACYLATION_OF_GHRELIN",
                "id": "REACTOME_SYNTHESIS_SECRETION_AND_DEACYLATION_OF_GHRELIN"
            }
        },
        {
            "data": {
                "name": "GCG",
                "mediator.essentiality": false,
                "mediator.specificity": false,
                "mediator": "",
                "id": "GCG",
                "pathway": "REACTOME_SYNTHESIS_SECRETION_AND_DEACYLATION_OF_GHRELIN",
                "n": 13,
                "parent": "REACTOME_SYNTHESIS_SECRETION_AND_DEACYLATION_OF_GHRELIN"
            }
        },
        {
            "data": {
                "name": "GH1",
                "mediator.essentiality": false,
                "mediator.specificity": false,
                "mediator": "",
                "id": "GH1",
                "pathway": "REACTOME_SYNTHESIS_SECRETION_AND_DEACYLATION_OF_GHRELIN",
                "n": 13,
                "parent": "REACTOME_SYNTHESIS_SECRETION_AND_DEACYLATION_OF_GHRELIN"
            }
        },
        {
            "data": {
                "name": "SPCS1",
                "mediator.essentiality": false,
                "mediator.specificity": false,
                "mediator": "",
                "id": "SPCS1",
                "pathway": "REACTOME_SYNTHESIS_SECRETION_AND_DEACYLATION_OF_GHRELIN",
                "n": 13,
                "parent": "REACTOME_SYNTHESIS_SECRETION_AND_DEACYLATION_OF_GHRELIN"
            }
        },
        {
            "data": {
                "name": "INS",
                "mediator.essentiality": false,
                "mediator.specificity": false,
                "mediator": "",
                "id": "INS",
                "pathway": "REACTOME_SYNTHESIS_SECRETION_AND_DEACYLATION_OF_GHRELIN",
                "n": 13,
                "parent": "REACTOME_SYNTHESIS_SECRETION_AND_DEACYLATION_OF_GHRELIN"
            }
        },
        {
            "data": {
                "name": "PCSK1",
                "mediator.essentiality": false,
                "mediator.specificity": false,
                "mediator": "",
                "id": "PCSK1",
                "pathway": "REACTOME_SYNTHESIS_SECRETION_AND_DEACYLATION_OF_GHRELIN",
                "n": 13,
                "parent": "REACTOME_SYNTHESIS_SECRETION_AND_DEACYLATION_OF_GHRELIN"
            }
        },
        {
            "data": {
                "name": "GHRL",
                "mediator.essentiality": true,
                "mediator.specificity": false,
                "mediator": "Essentiality mediator",
                "id": "GHRL",
                "pathway": "REACTOME_SYNTHESIS_SECRETION_AND_DEACYLATION_OF_GHRELIN",
                "n": 13,
                "parent": "REACTOME_SYNTHESIS_SECRETION_AND_DEACYLATION_OF_GHRELIN"
            }
        },
        {
            "data": {
                "name": "BCHE",
                "mediator.essentiality": false,
                "mediator.specificity": false,
                "mediator": "",
                "id": "BCHE",
                "pathway": "REACTOME_SYNTHESIS_SECRETION_AND_DEACYLATION_OF_GHRELIN",
                "n": 13,
                "parent": "REACTOME_SYNTHESIS_SECRETION_AND_DEACYLATION_OF_GHRELIN"
            }
        },
        {
            "data": {
                "name": "SPCS3",
                "mediator.essentiality": false,
                "mediator.specificity": false,
                "mediator": "",
                "id": "SPCS3",
                "pathway": "REACTOME_SYNTHESIS_SECRETION_AND_DEACYLATION_OF_GHRELIN",
                "n": 13,
                "parent": "REACTOME_SYNTHESIS_SECRETION_AND_DEACYLATION_OF_GHRELIN"
            }
        },
        {
            "data": {
                "name": "MBOAT4",
                "mediator.essentiality": false,
                "mediator.specificity": false,
                "mediator": "",
                "id": "MBOAT4",
                "pathway": "REACTOME_SYNTHESIS_SECRETION_AND_DEACYLATION_OF_GHRELIN",
                "n": 13,
                "parent": "REACTOME_SYNTHESIS_SECRETION_AND_DEACYLATION_OF_GHRELIN"
            }
        },
        {
            "data": {
                "name": "PLA2G7",
                "mediator.essentiality": false,
                "mediator.specificity": false,
                "mediator": "",
                "id": "PLA2G7",
                "pathway": "REACTOME_SYNTHESIS_SECRETION_AND_DEACYLATION_OF_GHRELIN",
                "n": 13,
                "parent": "REACTOME_SYNTHESIS_SECRETION_AND_DEACYLATION_OF_GHRELIN"
            }
        },
        {
            "data": {
                "name": "SEC11C",
                "mediator.essentiality": false,
                "mediator.specificity": false,
                "mediator": "",
                "id": "SEC11C",
                "pathway": "REACTOME_SYNTHESIS_SECRETION_AND_DEACYLATION_OF_GHRELIN",
                "n": 13,
                "parent": "REACTOME_SYNTHESIS_SECRETION_AND_DEACYLATION_OF_GHRELIN"
            }
        },
        {
            "data": {
                "name": "KLF4",
                "mediator.essentiality": true,
                "mediator.specificity": false,
                "mediator": "Essentiality mediator",
                "id": "KLF4",
                "pathway": "REACTOME_SYNTHESIS_SECRETION_AND_DEACYLATION_OF_GHRELIN",
                "n": 13,
                "parent": "REACTOME_SYNTHESIS_SECRETION_AND_DEACYLATION_OF_GHRELIN"
            }
        },
        {
            "data": {
                "name": "SEC11A",
                "mediator.essentiality": false,
                "mediator.specificity": false,
                "mediator": "",
                "id": "SEC11A",
                "pathway": "REACTOME_SYNTHESIS_SECRETION_AND_DEACYLATION_OF_GHRELIN",
                "n": 13,
                "parent": "REACTOME_SYNTHESIS_SECRETION_AND_DEACYLATION_OF_GHRELIN"
            }
        }
    ],
    "edges": [
        {
            "data": {
                "node_src": "GCG",
                "node_dst": "SEC11A",
                "condition": "Both",
                "prior": "PRIOR",
                "pathway": "REACTOME_SYNTHESIS_SECRETION_AND_DEACYLATION_OF_GHRELIN",
                "condition.1": "Both",
                "source": "GCG",
                "target": "SEC11A"
            }
        },
        {
            "data": {
                "node_src": "GH1",
                "node_dst": "GCG",
                "condition": "Both",
                "prior": "NONE",
                "pathway": "REACTOME_SYNTHESIS_SECRETION_AND_DEACYLATION_OF_GHRELIN",
                "condition.1": "Both",
                "source": "GH1",
                "target": "GCG"
            }
        },
        {
            "data": {
                "node_src": "SPCS1",
                "node_dst": "GCG",
                "condition": "Both",
                "prior": "PRIOR",
                "pathway": "REACTOME_SYNTHESIS_SECRETION_AND_DEACYLATION_OF_GHRELIN",
                "condition.1": "Both",
                "source": "SPCS1",
                "target": "GCG"
            }
        },
        {
            "data": {
                "node_src": "INS",
                "node_dst": "GCG",
                "condition": "Both",
                "prior": "PRIOR",
                "pathway": "REACTOME_SYNTHESIS_SECRETION_AND_DEACYLATION_OF_GHRELIN",
                "condition.1": "Both",
                "source": "INS",
                "target": "GCG"
            }
        },
        {
            "data": {
                "node_src": "INS",
                "node_dst": "GH1",
                "condition": "Both",
                "prior": "NONE",
                "pathway": "REACTOME_SYNTHESIS_SECRETION_AND_DEACYLATION_OF_GHRELIN",
                "condition.1": "Both",
                "source": "INS",
                "target": "GH1"
            }
        },
        {
            "data": {
                "node_src": "PCSK1",
                "node_dst": "GCG",
                "condition": "Both",
                "prior": "PRIOR",
                "pathway": "REACTOME_SYNTHESIS_SECRETION_AND_DEACYLATION_OF_GHRELIN",
                "condition.1": "Both",
                "source": "PCSK1",
                "target": "GCG"
            }
        },
        {
            "data": {
                "node_src": "PCSK1",
                "node_dst": "GH1",
                "condition": "Both",
                "prior": "NONE",
                "pathway": "REACTOME_SYNTHESIS_SECRETION_AND_DEACYLATION_OF_GHRELIN",
                "condition.1": "Both",
                "source": "PCSK1",
                "target": "GH1"
            }
        },
        {
            "data": {
                "node_src": "PCSK1",
                "node_dst": "INS",
                "condition": "Both",
                "prior": "PRIOR",
                "pathway": "REACTOME_SYNTHESIS_SECRETION_AND_DEACYLATION_OF_GHRELIN",
                "condition.1": "Both",
                "source": "PCSK1",
                "target": "INS"
            }
        },
        {
            "data": {
                "node_src": "GHRL",
                "node_dst": "SEC11A",
                "condition": "Both",
                "prior": "PRIOR",
                "pathway": "REACTOME_SYNTHESIS_SECRETION_AND_DEACYLATION_OF_GHRELIN",
                "condition.1": "Both",
                "source": "GHRL",
                "target": "SEC11A"
            }
        },
        {
            "data": {
                "node_src": "GHRL",
                "node_dst": "GCG",
                "condition": "Both",
                "prior": "PRIOR",
                "pathway": "REACTOME_SYNTHESIS_SECRETION_AND_DEACYLATION_OF_GHRELIN",
                "condition.1": "Both",
                "source": "GHRL",
                "target": "GCG"
            }
        },
        {
            "data": {
                "node_src": "GHRL",
                "node_dst": "GH1",
                "condition": "Both",
                "prior": "PRIOR",
                "pathway": "REACTOME_SYNTHESIS_SECRETION_AND_DEACYLATION_OF_GHRELIN",
                "condition.1": "Both",
                "source": "GHRL",
                "target": "GH1"
            }
        },
        {
            "data": {
                "node_src": "GHRL",
                "node_dst": "SPCS1",
                "condition": "Both",
                "prior": "PRIOR",
                "pathway": "REACTOME_SYNTHESIS_SECRETION_AND_DEACYLATION_OF_GHRELIN",
                "condition.1": "Both",
                "source": "GHRL",
                "target": "SPCS1"
            }
        },
        {
            "data": {
                "node_src": "GHRL",
                "node_dst": "INS",
                "condition": "Both",
                "prior": "PRIOR",
                "pathway": "REACTOME_SYNTHESIS_SECRETION_AND_DEACYLATION_OF_GHRELIN",
                "condition.1": "Both",
                "source": "GHRL",
                "target": "INS"
            }
        },
        {
            "data": {
                "node_src": "GHRL",
                "node_dst": "PCSK1",
                "condition": "Both",
                "prior": "PRIOR",
                "pathway": "REACTOME_SYNTHESIS_SECRETION_AND_DEACYLATION_OF_GHRELIN",
                "condition.1": "Both",
                "source": "GHRL",
                "target": "PCSK1"
            }
        },
        {
            "data": {
                "node_src": "BCHE",
                "node_dst": "GCG",
                "condition": "Both",
                "prior": "NONE",
                "pathway": "REACTOME_SYNTHESIS_SECRETION_AND_DEACYLATION_OF_GHRELIN",
                "condition.1": "Both",
                "source": "BCHE",
                "target": "GCG"
            }
        },
        {
            "data": {
                "node_src": "BCHE",
                "node_dst": "GH1",
                "condition": "Both",
                "prior": "NONE",
                "pathway": "REACTOME_SYNTHESIS_SECRETION_AND_DEACYLATION_OF_GHRELIN",
                "condition.1": "Both",
                "source": "BCHE",
                "target": "GH1"
            }
        },
        {
            "data": {
                "node_src": "BCHE",
                "node_dst": "INS",
                "condition": "Both",
                "prior": "NONE",
                "pathway": "REACTOME_SYNTHESIS_SECRETION_AND_DEACYLATION_OF_GHRELIN",
                "condition.1": "Both",
                "source": "BCHE",
                "target": "INS"
            }
        },
        {
            "data": {
                "node_src": "BCHE",
                "node_dst": "PCSK1",
                "condition": "Both",
                "prior": "NONE",
                "pathway": "REACTOME_SYNTHESIS_SECRETION_AND_DEACYLATION_OF_GHRELIN",
                "condition.1": "Both",
                "source": "BCHE",
                "target": "PCSK1"
            }
        },
        {
            "data": {
                "node_src": "BCHE",
                "node_dst": "GHRL",
                "condition": "Both",
                "prior": "PRIOR",
                "pathway": "REACTOME_SYNTHESIS_SECRETION_AND_DEACYLATION_OF_GHRELIN",
                "condition.1": "Both",
                "source": "BCHE",
                "target": "GHRL"
            }
        },
        {
            "data": {
                "node_src": "SPCS3",
                "node_dst": "SEC11A",
                "condition": "Both",
                "prior": "PRIOR",
                "pathway": "REACTOME_SYNTHESIS_SECRETION_AND_DEACYLATION_OF_GHRELIN",
                "condition.1": "Both",
                "source": "SPCS3",
                "target": "SEC11A"
            }
        },
        {
            "data": {
                "node_src": "SPCS3",
                "node_dst": "GCG",
                "condition": "Both",
                "prior": "PRIOR",
                "pathway": "REACTOME_SYNTHESIS_SECRETION_AND_DEACYLATION_OF_GHRELIN",
                "condition.1": "Both",
                "source": "SPCS3",
                "target": "GCG"
            }
        },
        {
            "data": {
                "node_src": "SPCS3",
                "node_dst": "GH1",
                "condition": "C1",
                "prior": "NONE",
                "pathway": "REACTOME_SYNTHESIS_SECRETION_AND_DEACYLATION_OF_GHRELIN",
                "condition.1": "GBApPD",
                "source": "SPCS3",
                "target": "GH1"
            }
        },
        {
            "data": {
                "node_src": "SPCS3",
                "node_dst": "SPCS1",
                "condition": "Both",
                "prior": "PRIOR",
                "pathway": "REACTOME_SYNTHESIS_SECRETION_AND_DEACYLATION_OF_GHRELIN",
                "condition.1": "Both",
                "source": "SPCS3",
                "target": "SPCS1"
            }
        },
        {
            "data": {
                "node_src": "SPCS3",
                "node_dst": "INS",
                "condition": "Both",
                "prior": "NONE",
                "pathway": "REACTOME_SYNTHESIS_SECRETION_AND_DEACYLATION_OF_GHRELIN",
                "condition.1": "Both",
                "source": "SPCS3",
                "target": "INS"
            }
        },
        {
            "data": {
                "node_src": "SPCS3",
                "node_dst": "PCSK1",
                "condition": "Both",
                "prior": "NONE",
                "pathway": "REACTOME_SYNTHESIS_SECRETION_AND_DEACYLATION_OF_GHRELIN",
                "condition.1": "Both",
                "source": "SPCS3",
                "target": "PCSK1"
            }
        },
        {
            "data": {
                "node_src": "SPCS3",
                "node_dst": "GHRL",
                "condition": "Both",
                "prior": "PRIOR",
                "pathway": "REACTOME_SYNTHESIS_SECRETION_AND_DEACYLATION_OF_GHRELIN",
                "condition.1": "Both",
                "source": "SPCS3",
                "target": "GHRL"
            }
        },
        {
            "data": {
                "node_src": "SPCS3",
                "node_dst": "BCHE",
                "condition": "Both",
                "prior": "NONE",
                "pathway": "REACTOME_SYNTHESIS_SECRETION_AND_DEACYLATION_OF_GHRELIN",
                "condition.1": "Both",
                "source": "SPCS3",
                "target": "BCHE"
            }
        },
        {
            "data": {
                "node_src": "MBOAT4",
                "node_dst": "GCG",
                "condition": "Both",
                "prior": "NONE",
                "pathway": "REACTOME_SYNTHESIS_SECRETION_AND_DEACYLATION_OF_GHRELIN",
                "condition.1": "Both",
                "source": "MBOAT4",
                "target": "GCG"
            }
        },
        {
            "data": {
                "node_src": "MBOAT4",
                "node_dst": "GH1",
                "condition": "Both",
                "prior": "NONE",
                "pathway": "REACTOME_SYNTHESIS_SECRETION_AND_DEACYLATION_OF_GHRELIN",
                "condition.1": "Both",
                "source": "MBOAT4",
                "target": "GH1"
            }
        },
        {
            "data": {
                "node_src": "MBOAT4",
                "node_dst": "INS",
                "condition": "Both",
                "prior": "NONE",
                "pathway": "REACTOME_SYNTHESIS_SECRETION_AND_DEACYLATION_OF_GHRELIN",
                "condition.1": "Both",
                "source": "MBOAT4",
                "target": "INS"
            }
        },
        {
            "data": {
                "node_src": "MBOAT4",
                "node_dst": "PCSK1",
                "condition": "Both",
                "prior": "NONE",
                "pathway": "REACTOME_SYNTHESIS_SECRETION_AND_DEACYLATION_OF_GHRELIN",
                "condition.1": "Both",
                "source": "MBOAT4",
                "target": "PCSK1"
            }
        },
        {
            "data": {
                "node_src": "MBOAT4",
                "node_dst": "BCHE",
                "condition": "Both",
                "prior": "NONE",
                "pathway": "REACTOME_SYNTHESIS_SECRETION_AND_DEACYLATION_OF_GHRELIN",
                "condition.1": "Both",
                "source": "MBOAT4",
                "target": "BCHE"
            }
        },
        {
            "data": {
                "node_src": "MBOAT4",
                "node_dst": "SPCS3",
                "condition": "Both",
                "prior": "NONE",
                "pathway": "REACTOME_SYNTHESIS_SECRETION_AND_DEACYLATION_OF_GHRELIN",
                "condition.1": "Both",
                "source": "MBOAT4",
                "target": "SPCS3"
            }
        },
        {
            "data": {
                "node_src": "PLA2G7",
                "node_dst": "SEC11A",
                "condition": "Both",
                "prior": "NONE",
                "pathway": "REACTOME_SYNTHESIS_SECRETION_AND_DEACYLATION_OF_GHRELIN",
                "condition.1": "Both",
                "source": "PLA2G7",
                "target": "SEC11A"
            }
        },
        {
            "data": {
                "node_src": "PLA2G7",
                "node_dst": "SPCS1",
                "condition": "Both",
                "prior": "NONE",
                "pathway": "REACTOME_SYNTHESIS_SECRETION_AND_DEACYLATION_OF_GHRELIN",
                "condition.1": "Both",
                "source": "PLA2G7",
                "target": "SPCS1"
            }
        },
        {
            "data": {
                "node_src": "PLA2G7",
                "node_dst": "GHRL",
                "condition": "Both",
                "prior": "PRIOR",
                "pathway": "REACTOME_SYNTHESIS_SECRETION_AND_DEACYLATION_OF_GHRELIN",
                "condition.1": "Both",
                "source": "PLA2G7",
                "target": "GHRL"
            }
        },
        {
            "data": {
                "node_src": "PLA2G7",
                "node_dst": "SPCS3",
                "condition": "Both",
                "prior": "NONE",
                "pathway": "REACTOME_SYNTHESIS_SECRETION_AND_DEACYLATION_OF_GHRELIN",
                "condition.1": "Both",
                "source": "PLA2G7",
                "target": "SPCS3"
            }
        },
        {
            "data": {
                "node_src": "SEC11C",
                "node_dst": "GCG",
                "condition": "Both",
                "prior": "PRIOR",
                "pathway": "REACTOME_SYNTHESIS_SECRETION_AND_DEACYLATION_OF_GHRELIN",
                "condition.1": "Both",
                "source": "SEC11C",
                "target": "GCG"
            }
        },
        {
            "data": {
                "node_src": "SEC11C",
                "node_dst": "GH1",
                "condition": "C1",
                "prior": "NONE",
                "pathway": "REACTOME_SYNTHESIS_SECRETION_AND_DEACYLATION_OF_GHRELIN",
                "condition.1": "GBApPD",
                "source": "SEC11C",
                "target": "GH1"
            }
        },
        {
            "data": {
                "node_src": "SEC11C",
                "node_dst": "SPCS1",
                "condition": "Both",
                "prior": "PRIOR",
                "pathway": "REACTOME_SYNTHESIS_SECRETION_AND_DEACYLATION_OF_GHRELIN",
                "condition.1": "Both",
                "source": "SEC11C",
                "target": "SPCS1"
            }
        },
        {
            "data": {
                "node_src": "SEC11C",
                "node_dst": "INS",
                "condition": "Both",
                "prior": "NONE",
                "pathway": "REACTOME_SYNTHESIS_SECRETION_AND_DEACYLATION_OF_GHRELIN",
                "condition.1": "Both",
                "source": "SEC11C",
                "target": "INS"
            }
        },
        {
            "data": {
                "node_src": "SEC11C",
                "node_dst": "PCSK1",
                "condition": "Both",
                "prior": "NONE",
                "pathway": "REACTOME_SYNTHESIS_SECRETION_AND_DEACYLATION_OF_GHRELIN",
                "condition.1": "Both",
                "source": "SEC11C",
                "target": "PCSK1"
            }
        },
        {
            "data": {
                "node_src": "SEC11C",
                "node_dst": "GHRL",
                "condition": "Both",
                "prior": "PRIOR",
                "pathway": "REACTOME_SYNTHESIS_SECRETION_AND_DEACYLATION_OF_GHRELIN",
                "condition.1": "Both",
                "source": "SEC11C",
                "target": "GHRL"
            }
        },
        {
            "data": {
                "node_src": "SEC11C",
                "node_dst": "BCHE",
                "condition": "Both",
                "prior": "NONE",
                "pathway": "REACTOME_SYNTHESIS_SECRETION_AND_DEACYLATION_OF_GHRELIN",
                "condition.1": "Both",
                "source": "SEC11C",
                "target": "BCHE"
            }
        },
        {
            "data": {
                "node_src": "SEC11C",
                "node_dst": "MBOAT4",
                "condition": "Both",
                "prior": "NONE",
                "pathway": "REACTOME_SYNTHESIS_SECRETION_AND_DEACYLATION_OF_GHRELIN",
                "condition.1": "Both",
                "source": "SEC11C",
                "target": "MBOAT4"
            }
        },
        {
            "data": {
                "node_src": "SEC11C",
                "node_dst": "PLA2G7",
                "condition": "Both",
                "prior": "NONE",
                "pathway": "REACTOME_SYNTHESIS_SECRETION_AND_DEACYLATION_OF_GHRELIN",
                "condition.1": "Both",
                "source": "SEC11C",
                "target": "PLA2G7"
            }
        },
        {
            "data": {
                "node_src": "KLF4",
                "node_dst": "SEC11A",
                "condition": "Both",
                "prior": "NONE",
                "pathway": "REACTOME_SYNTHESIS_SECRETION_AND_DEACYLATION_OF_GHRELIN",
                "condition.1": "Both",
                "source": "KLF4",
                "target": "SEC11A"
            }
        },
        {
            "data": {
                "node_src": "KLF4",
                "node_dst": "SPCS1",
                "condition": "Both",
                "prior": "NONE",
                "pathway": "REACTOME_SYNTHESIS_SECRETION_AND_DEACYLATION_OF_GHRELIN",
                "condition.1": "Both",
                "source": "KLF4",
                "target": "SPCS1"
            }
        },
        {
            "data": {
                "node_src": "KLF4",
                "node_dst": "INS",
                "condition": "C1",
                "prior": "NONE",
                "pathway": "REACTOME_SYNTHESIS_SECRETION_AND_DEACYLATION_OF_GHRELIN",
                "condition.1": "GBApPD",
                "source": "KLF4",
                "target": "INS"
            }
        },
        {
            "data": {
                "node_src": "KLF4",
                "node_dst": "PCSK1",
                "condition": "C1",
                "prior": "NONE",
                "pathway": "REACTOME_SYNTHESIS_SECRETION_AND_DEACYLATION_OF_GHRELIN",
                "condition.1": "GBApPD",
                "source": "KLF4",
                "target": "PCSK1"
            }
        },
        {
            "data": {
                "node_src": "KLF4",
                "node_dst": "GHRL",
                "condition": "Both",
                "prior": "PRIOR",
                "pathway": "REACTOME_SYNTHESIS_SECRETION_AND_DEACYLATION_OF_GHRELIN",
                "condition.1": "Both",
                "source": "KLF4",
                "target": "GHRL"
            }
        },
        {
            "data": {
                "node_src": "KLF4",
                "node_dst": "BCHE",
                "condition": "C1",
                "prior": "NONE",
                "pathway": "REACTOME_SYNTHESIS_SECRETION_AND_DEACYLATION_OF_GHRELIN",
                "condition.1": "GBApPD",
                "source": "KLF4",
                "target": "BCHE"
            }
        },
        {
            "data": {
                "node_src": "KLF4",
                "node_dst": "SPCS3",
                "condition": "Both",
                "prior": "NONE",
                "pathway": "REACTOME_SYNTHESIS_SECRETION_AND_DEACYLATION_OF_GHRELIN",
                "condition.1": "Both",
                "source": "KLF4",
                "target": "SPCS3"
            }
        },
        {
            "data": {
                "node_src": "KLF4",
                "node_dst": "MBOAT4",
                "condition": "C1",
                "prior": "NONE",
                "pathway": "REACTOME_SYNTHESIS_SECRETION_AND_DEACYLATION_OF_GHRELIN",
                "condition.1": "GBApPD",
                "source": "KLF4",
                "target": "MBOAT4"
            }
        },
        {
            "data": {
                "node_src": "KLF4",
                "node_dst": "PLA2G7",
                "condition": "Both",
                "prior": "NONE",
                "pathway": "REACTOME_SYNTHESIS_SECRETION_AND_DEACYLATION_OF_GHRELIN",
                "condition.1": "Both",
                "source": "KLF4",
                "target": "PLA2G7"
            }
        },
        {
            "data": {
                "node_src": "KLF4",
                "node_dst": "SEC11C",
                "condition": "Both",
                "prior": "NONE",
                "pathway": "REACTOME_SYNTHESIS_SECRETION_AND_DEACYLATION_OF_GHRELIN",
                "condition.1": "Both",
                "source": "KLF4",
                "target": "SEC11C"
            }
        },
        {
            "data": {
                "node_src": "SPCS1",
                "node_dst": "GH1",
                "condition": "C2",
                "prior": "NONE",
                "pathway": "REACTOME_SYNTHESIS_SECRETION_AND_DEACYLATION_OF_GHRELIN",
                "condition.1": "GBApUnaffected",
                "source": "SPCS1",
                "target": "GH1"
            }
        },
        {
            "data": {
                "node_src": "PCSK1",
                "node_dst": "SPCS1",
                "condition": "C2",
                "prior": "NONE",
                "pathway": "REACTOME_SYNTHESIS_SECRETION_AND_DEACYLATION_OF_GHRELIN",
                "condition.1": "GBApUnaffected",
                "source": "PCSK1",
                "target": "SPCS1"
            }
        },
        {
            "data": {
                "node_src": "BCHE",
                "node_dst": "SPCS1",
                "condition": "C2",
                "prior": "NONE",
                "pathway": "REACTOME_SYNTHESIS_SECRETION_AND_DEACYLATION_OF_GHRELIN",
                "condition.1": "GBApUnaffected",
                "source": "BCHE",
                "target": "SPCS1"
            }
        },
        {
            "data": {
                "node_src": "MBOAT4",
                "node_dst": "GHRL",
                "condition": "C2",
                "prior": "PRIOR",
                "pathway": "REACTOME_SYNTHESIS_SECRETION_AND_DEACYLATION_OF_GHRELIN",
                "condition.1": "GBApUnaffected",
                "source": "MBOAT4",
                "target": "GHRL"
            }
        },
        {
            "data": {
                "node_src": "SEC11C",
                "node_dst": "SEC11A",
                "condition": "C2",
                "prior": "PRIOR",
                "pathway": "REACTOME_SYNTHESIS_SECRETION_AND_DEACYLATION_OF_GHRELIN",
                "condition.1": "GBApUnaffected",
                "source": "SEC11C",
                "target": "SEC11A"
            }
        }
    ]
}

