{
    "metadata": [
        {
            "data": {
                "Both": "Both",
                "C1": "GBApPD",
                "C2": "GBApUnaffected"
            }
        }
    ],
    "nodes": [
        {
            "data": {
                "pathway": "REACTOME_DESTABILIZATION_OF_MRNA_BY_TRISTETRAPROLIN_TTP",
                "id": "REACTOME_DESTABILIZATION_OF_MRNA_BY_TRISTETRAPROLIN_TTP"
            }
        },
        {
            "data": {
                "name": "EXOSC6",
                "mediator.essentiality": true,
                "mediator.specificity": false,
                "mediator": "Essentiality mediator",
                "id": "EXOSC6",
                "pathway": "REACTOME_DESTABILIZATION_OF_MRNA_BY_TRISTETRAPROLIN_TTP",
                "n": 17,
                "parent": "REACTOME_DESTABILIZATION_OF_MRNA_BY_TRISTETRAPROLIN_TTP"
            }
        },
        {
            "data": {
                "name": "DCP2",
                "mediator.essentiality": false,
                "mediator.specificity": false,
                "mediator": "",
                "id": "DCP2",
                "pathway": "REACTOME_DESTABILIZATION_OF_MRNA_BY_TRISTETRAPROLIN_TTP",
                "n": 17,
                "parent": "REACTOME_DESTABILIZATION_OF_MRNA_BY_TRISTETRAPROLIN_TTP"
            }
        },
        {
            "data": {
                "name": "DIS3",
                "mediator.essentiality": false,
                "mediator.specificity": false,
                "mediator": "",
                "id": "DIS3",
                "pathway": "REACTOME_DESTABILIZATION_OF_MRNA_BY_TRISTETRAPROLIN_TTP",
                "n": 17,
                "parent": "REACTOME_DESTABILIZATION_OF_MRNA_BY_TRISTETRAPROLIN_TTP"
            }
        },
        {
            "data": {
                "name": "EXOSC7",
                "mediator.essentiality": false,
                "mediator.specificity": false,
                "mediator": "",
                "id": "EXOSC7",
                "pathway": "REACTOME_DESTABILIZATION_OF_MRNA_BY_TRISTETRAPROLIN_TTP",
                "n": 17,
                "parent": "REACTOME_DESTABILIZATION_OF_MRNA_BY_TRISTETRAPROLIN_TTP"
            }
        },
        {
            "data": {
                "name": "EXOSC2",
                "mediator.essentiality": false,
                "mediator.specificity": false,
                "mediator": "",
                "id": "EXOSC2",
                "pathway": "REACTOME_DESTABILIZATION_OF_MRNA_BY_TRISTETRAPROLIN_TTP",
                "n": 17,
                "parent": "REACTOME_DESTABILIZATION_OF_MRNA_BY_TRISTETRAPROLIN_TTP"
            }
        },
        {
            "data": {
                "name": "TNPO1",
                "mediator.essentiality": false,
                "mediator.specificity": false,
                "mediator": "",
                "id": "TNPO1",
                "pathway": "REACTOME_DESTABILIZATION_OF_MRNA_BY_TRISTETRAPROLIN_TTP",
                "n": 17,
                "parent": "REACTOME_DESTABILIZATION_OF_MRNA_BY_TRISTETRAPROLIN_TTP"
            }
        },
        {
            "data": {
                "name": "EXOSC3",
                "mediator.essentiality": false,
                "mediator.specificity": false,
                "mediator": "",
                "id": "EXOSC3",
                "pathway": "REACTOME_DESTABILIZATION_OF_MRNA_BY_TRISTETRAPROLIN_TTP",
                "n": 17,
                "parent": "REACTOME_DESTABILIZATION_OF_MRNA_BY_TRISTETRAPROLIN_TTP"
            }
        },
        {
            "data": {
                "name": "EXOSC1",
                "mediator.essentiality": false,
                "mediator.specificity": false,
                "mediator": "",
                "id": "EXOSC1",
                "pathway": "REACTOME_DESTABILIZATION_OF_MRNA_BY_TRISTETRAPROLIN_TTP",
                "n": 17,
                "parent": "REACTOME_DESTABILIZATION_OF_MRNA_BY_TRISTETRAPROLIN_TTP"
            }
        },
        {
            "data": {
                "name": "EXOSC9",
                "mediator.essentiality": false,
                "mediator.specificity": false,
                "mediator": "",
                "id": "EXOSC9",
                "pathway": "REACTOME_DESTABILIZATION_OF_MRNA_BY_TRISTETRAPROLIN_TTP",
                "n": 17,
                "parent": "REACTOME_DESTABILIZATION_OF_MRNA_BY_TRISTETRAPROLIN_TTP"
            }
        },
        {
            "data": {
                "name": "XRN1",
                "mediator.essentiality": false,
                "mediator.specificity": false,
                "mediator": "",
                "id": "XRN1",
                "pathway": "REACTOME_DESTABILIZATION_OF_MRNA_BY_TRISTETRAPROLIN_TTP",
                "n": 17,
                "parent": "REACTOME_DESTABILIZATION_OF_MRNA_BY_TRISTETRAPROLIN_TTP"
            }
        },
        {
            "data": {
                "name": "EXOSC4",
                "mediator.essentiality": false,
                "mediator.specificity": false,
                "mediator": "",
                "id": "EXOSC4",
                "pathway": "REACTOME_DESTABILIZATION_OF_MRNA_BY_TRISTETRAPROLIN_TTP",
                "n": 17,
                "parent": "REACTOME_DESTABILIZATION_OF_MRNA_BY_TRISTETRAPROLIN_TTP"
            }
        },
        {
            "data": {
                "name": "DCP1A",
                "mediator.essentiality": false,
                "mediator.specificity": false,
                "mediator": "",
                "id": "DCP1A",
                "pathway": "REACTOME_DESTABILIZATION_OF_MRNA_BY_TRISTETRAPROLIN_TTP",
                "n": 17,
                "parent": "REACTOME_DESTABILIZATION_OF_MRNA_BY_TRISTETRAPROLIN_TTP"
            }
        },
        {
            "data": {
                "name": "EXOSC5",
                "mediator.essentiality": false,
                "mediator.specificity": false,
                "mediator": "",
                "id": "EXOSC5",
                "pathway": "REACTOME_DESTABILIZATION_OF_MRNA_BY_TRISTETRAPROLIN_TTP",
                "n": 17,
                "parent": "REACTOME_DESTABILIZATION_OF_MRNA_BY_TRISTETRAPROLIN_TTP"
            }
        },
        {
            "data": {
                "name": "YWHAB",
                "mediator.essentiality": false,
                "mediator.specificity": false,
                "mediator": "",
                "id": "YWHAB",
                "pathway": "REACTOME_DESTABILIZATION_OF_MRNA_BY_TRISTETRAPROLIN_TTP",
                "n": 17,
                "parent": "REACTOME_DESTABILIZATION_OF_MRNA_BY_TRISTETRAPROLIN_TTP"
            }
        },
        {
            "data": {
                "name": "ZFP36",
                "mediator.essentiality": true,
                "mediator.specificity": false,
                "mediator": "Essentiality mediator",
                "id": "ZFP36",
                "pathway": "REACTOME_DESTABILIZATION_OF_MRNA_BY_TRISTETRAPROLIN_TTP",
                "n": 17,
                "parent": "REACTOME_DESTABILIZATION_OF_MRNA_BY_TRISTETRAPROLIN_TTP"
            }
        },
        {
            "data": {
                "name": "MAPKAPK2",
                "mediator.essentiality": false,
                "mediator.specificity": false,
                "mediator": "",
                "id": "MAPKAPK2",
                "pathway": "REACTOME_DESTABILIZATION_OF_MRNA_BY_TRISTETRAPROLIN_TTP",
                "n": 17,
                "parent": "REACTOME_DESTABILIZATION_OF_MRNA_BY_TRISTETRAPROLIN_TTP"
            }
        },
        {
            "data": {
                "name": "EXOSC8",
                "mediator.essentiality": false,
                "mediator.specificity": false,
                "mediator": "",
                "id": "EXOSC8",
                "pathway": "REACTOME_DESTABILIZATION_OF_MRNA_BY_TRISTETRAPROLIN_TTP",
                "n": 17,
                "parent": "REACTOME_DESTABILIZATION_OF_MRNA_BY_TRISTETRAPROLIN_TTP"
            }
        }
    ],
    "edges": [
        {
            "data": {
                "node_src": "EXOSC6",
                "node_dst": "EXOSC8",
                "condition": "Both",
                "prior": "PRIOR",
                "pathway": "REACTOME_DESTABILIZATION_OF_MRNA_BY_TRISTETRAPROLIN_TTP",
                "condition.1": "Both",
                "source": "EXOSC6",
                "target": "EXOSC8"
            }
        },
        {
            "data": {
                "node_src": "DCP2",
                "node_dst": "EXOSC6",
                "condition": "Both",
                "prior": "PRIOR",
                "pathway": "REACTOME_DESTABILIZATION_OF_MRNA_BY_TRISTETRAPROLIN_TTP",
                "condition.1": "Both",
                "source": "DCP2",
                "target": "EXOSC6"
            }
        },
        {
            "data": {
                "node_src": "DIS3",
                "node_dst": "EXOSC6",
                "condition": "Both",
                "prior": "PRIOR",
                "pathway": "REACTOME_DESTABILIZATION_OF_MRNA_BY_TRISTETRAPROLIN_TTP",
                "condition.1": "Both",
                "source": "DIS3",
                "target": "EXOSC6"
            }
        },
        {
            "data": {
                "node_src": "EXOSC7",
                "node_dst": "DCP2",
                "condition": "Both",
                "prior": "PRIOR",
                "pathway": "REACTOME_DESTABILIZATION_OF_MRNA_BY_TRISTETRAPROLIN_TTP",
                "condition.1": "Both",
                "source": "EXOSC7",
                "target": "DCP2"
            }
        },
        {
            "data": {
                "node_src": "EXOSC2",
                "node_dst": "DCP2",
                "condition": "Both",
                "prior": "PRIOR",
                "pathway": "REACTOME_DESTABILIZATION_OF_MRNA_BY_TRISTETRAPROLIN_TTP",
                "condition.1": "Both",
                "source": "EXOSC2",
                "target": "DCP2"
            }
        },
        {
            "data": {
                "node_src": "EXOSC2",
                "node_dst": "DIS3",
                "condition": "C1",
                "prior": "PRIOR",
                "pathway": "REACTOME_DESTABILIZATION_OF_MRNA_BY_TRISTETRAPROLIN_TTP",
                "condition.1": "GBApPD",
                "source": "EXOSC2",
                "target": "DIS3"
            }
        },
        {
            "data": {
                "node_src": "TNPO1",
                "node_dst": "EXOSC6",
                "condition": "Both",
                "prior": "PRIOR",
                "pathway": "REACTOME_DESTABILIZATION_OF_MRNA_BY_TRISTETRAPROLIN_TTP",
                "condition.1": "Both",
                "source": "TNPO1",
                "target": "EXOSC6"
            }
        },
        {
            "data": {
                "node_src": "TNPO1",
                "node_dst": "EXOSC7",
                "condition": "Both",
                "prior": "PRIOR",
                "pathway": "REACTOME_DESTABILIZATION_OF_MRNA_BY_TRISTETRAPROLIN_TTP",
                "condition.1": "Both",
                "source": "TNPO1",
                "target": "EXOSC7"
            }
        },
        {
            "data": {
                "node_src": "TNPO1",
                "node_dst": "EXOSC2",
                "condition": "Both",
                "prior": "PRIOR",
                "pathway": "REACTOME_DESTABILIZATION_OF_MRNA_BY_TRISTETRAPROLIN_TTP",
                "condition.1": "Both",
                "source": "TNPO1",
                "target": "EXOSC2"
            }
        },
        {
            "data": {
                "node_src": "EXOSC3",
                "node_dst": "EXOSC6",
                "condition": "Both",
                "prior": "PRIOR",
                "pathway": "REACTOME_DESTABILIZATION_OF_MRNA_BY_TRISTETRAPROLIN_TTP",
                "condition.1": "Both",
                "source": "EXOSC3",
                "target": "EXOSC6"
            }
        },
        {
            "data": {
                "node_src": "EXOSC1",
                "node_dst": "EXOSC6",
                "condition": "C1",
                "prior": "PRIOR",
                "pathway": "REACTOME_DESTABILIZATION_OF_MRNA_BY_TRISTETRAPROLIN_TTP",
                "condition.1": "GBApPD",
                "source": "EXOSC1",
                "target": "EXOSC6"
            }
        },
        {
            "data": {
                "node_src": "EXOSC1",
                "node_dst": "DCP2",
                "condition": "Both",
                "prior": "PRIOR",
                "pathway": "REACTOME_DESTABILIZATION_OF_MRNA_BY_TRISTETRAPROLIN_TTP",
                "condition.1": "Both",
                "source": "EXOSC1",
                "target": "DCP2"
            }
        },
        {
            "data": {
                "node_src": "EXOSC1",
                "node_dst": "TNPO1",
                "condition": "Both",
                "prior": "PRIOR",
                "pathway": "REACTOME_DESTABILIZATION_OF_MRNA_BY_TRISTETRAPROLIN_TTP",
                "condition.1": "Both",
                "source": "EXOSC1",
                "target": "TNPO1"
            }
        },
        {
            "data": {
                "node_src": "EXOSC9",
                "node_dst": "EXOSC6",
                "condition": "Both",
                "prior": "PRIOR",
                "pathway": "REACTOME_DESTABILIZATION_OF_MRNA_BY_TRISTETRAPROLIN_TTP",
                "condition.1": "Both",
                "source": "EXOSC9",
                "target": "EXOSC6"
            }
        },
        {
            "data": {
                "node_src": "XRN1",
                "node_dst": "EXOSC6",
                "condition": "Both",
                "prior": "PRIOR",
                "pathway": "REACTOME_DESTABILIZATION_OF_MRNA_BY_TRISTETRAPROLIN_TTP",
                "condition.1": "Both",
                "source": "XRN1",
                "target": "EXOSC6"
            }
        },
        {
            "data": {
                "node_src": "XRN1",
                "node_dst": "EXOSC2",
                "condition": "Both",
                "prior": "PRIOR",
                "pathway": "REACTOME_DESTABILIZATION_OF_MRNA_BY_TRISTETRAPROLIN_TTP",
                "condition.1": "Both",
                "source": "XRN1",
                "target": "EXOSC2"
            }
        },
        {
            "data": {
                "node_src": "EXOSC4",
                "node_dst": "EXOSC6",
                "condition": "Both",
                "prior": "PRIOR",
                "pathway": "REACTOME_DESTABILIZATION_OF_MRNA_BY_TRISTETRAPROLIN_TTP",
                "condition.1": "Both",
                "source": "EXOSC4",
                "target": "EXOSC6"
            }
        },
        {
            "data": {
                "node_src": "EXOSC4",
                "node_dst": "DCP2",
                "condition": "Both",
                "prior": "PRIOR",
                "pathway": "REACTOME_DESTABILIZATION_OF_MRNA_BY_TRISTETRAPROLIN_TTP",
                "condition.1": "Both",
                "source": "EXOSC4",
                "target": "DCP2"
            }
        },
        {
            "data": {
                "node_src": "EXOSC4",
                "node_dst": "EXOSC2",
                "condition": "Both",
                "prior": "PRIOR",
                "pathway": "REACTOME_DESTABILIZATION_OF_MRNA_BY_TRISTETRAPROLIN_TTP",
                "condition.1": "Both",
                "source": "EXOSC4",
                "target": "EXOSC2"
            }
        },
        {
            "data": {
                "node_src": "EXOSC4",
                "node_dst": "TNPO1",
                "condition": "Both",
                "prior": "PRIOR",
                "pathway": "REACTOME_DESTABILIZATION_OF_MRNA_BY_TRISTETRAPROLIN_TTP",
                "condition.1": "Both",
                "source": "EXOSC4",
                "target": "TNPO1"
            }
        },
        {
            "data": {
                "node_src": "EXOSC4",
                "node_dst": "EXOSC3",
                "condition": "Both",
                "prior": "PRIOR",
                "pathway": "REACTOME_DESTABILIZATION_OF_MRNA_BY_TRISTETRAPROLIN_TTP",
                "condition.1": "Both",
                "source": "EXOSC4",
                "target": "EXOSC3"
            }
        },
        {
            "data": {
                "node_src": "EXOSC4",
                "node_dst": "XRN1",
                "condition": "Both",
                "prior": "PRIOR",
                "pathway": "REACTOME_DESTABILIZATION_OF_MRNA_BY_TRISTETRAPROLIN_TTP",
                "condition.1": "Both",
                "source": "EXOSC4",
                "target": "XRN1"
            }
        },
        {
            "data": {
                "node_src": "DCP1A",
                "node_dst": "EXOSC8",
                "condition": "Both",
                "prior": "PRIOR",
                "pathway": "REACTOME_DESTABILIZATION_OF_MRNA_BY_TRISTETRAPROLIN_TTP",
                "condition.1": "Both",
                "source": "DCP1A",
                "target": "EXOSC8"
            }
        },
        {
            "data": {
                "node_src": "DCP1A",
                "node_dst": "DCP2",
                "condition": "Both",
                "prior": "PRIOR",
                "pathway": "REACTOME_DESTABILIZATION_OF_MRNA_BY_TRISTETRAPROLIN_TTP",
                "condition.1": "Both",
                "source": "DCP1A",
                "target": "DCP2"
            }
        },
        {
            "data": {
                "node_src": "DCP1A",
                "node_dst": "DIS3",
                "condition": "Both",
                "prior": "PRIOR",
                "pathway": "REACTOME_DESTABILIZATION_OF_MRNA_BY_TRISTETRAPROLIN_TTP",
                "condition.1": "Both",
                "source": "DCP1A",
                "target": "DIS3"
            }
        },
        {
            "data": {
                "node_src": "DCP1A",
                "node_dst": "EXOSC2",
                "condition": "C1",
                "prior": "PRIOR",
                "pathway": "REACTOME_DESTABILIZATION_OF_MRNA_BY_TRISTETRAPROLIN_TTP",
                "condition.1": "GBApPD",
                "source": "DCP1A",
                "target": "EXOSC2"
            }
        },
        {
            "data": {
                "node_src": "DCP1A",
                "node_dst": "TNPO1",
                "condition": "Both",
                "prior": "PRIOR",
                "pathway": "REACTOME_DESTABILIZATION_OF_MRNA_BY_TRISTETRAPROLIN_TTP",
                "condition.1": "Both",
                "source": "DCP1A",
                "target": "TNPO1"
            }
        },
        {
            "data": {
                "node_src": "DCP1A",
                "node_dst": "EXOSC9",
                "condition": "Both",
                "prior": "PRIOR",
                "pathway": "REACTOME_DESTABILIZATION_OF_MRNA_BY_TRISTETRAPROLIN_TTP",
                "condition.1": "Both",
                "source": "DCP1A",
                "target": "EXOSC9"
            }
        },
        {
            "data": {
                "node_src": "DCP1A",
                "node_dst": "XRN1",
                "condition": "Both",
                "prior": "PRIOR",
                "pathway": "REACTOME_DESTABILIZATION_OF_MRNA_BY_TRISTETRAPROLIN_TTP",
                "condition.1": "Both",
                "source": "DCP1A",
                "target": "XRN1"
            }
        },
        {
            "data": {
                "node_src": "DCP1A",
                "node_dst": "EXOSC4",
                "condition": "Both",
                "prior": "PRIOR",
                "pathway": "REACTOME_DESTABILIZATION_OF_MRNA_BY_TRISTETRAPROLIN_TTP",
                "condition.1": "Both",
                "source": "DCP1A",
                "target": "EXOSC4"
            }
        },
        {
            "data": {
                "node_src": "EXOSC5",
                "node_dst": "EXOSC8",
                "condition": "Both",
                "prior": "PRIOR",
                "pathway": "REACTOME_DESTABILIZATION_OF_MRNA_BY_TRISTETRAPROLIN_TTP",
                "condition.1": "Both",
                "source": "EXOSC5",
                "target": "EXOSC8"
            }
        },
        {
            "data": {
                "node_src": "EXOSC5",
                "node_dst": "EXOSC6",
                "condition": "Both",
                "prior": "PRIOR",
                "pathway": "REACTOME_DESTABILIZATION_OF_MRNA_BY_TRISTETRAPROLIN_TTP",
                "condition.1": "Both",
                "source": "EXOSC5",
                "target": "EXOSC6"
            }
        },
        {
            "data": {
                "node_src": "EXOSC5",
                "node_dst": "DCP2",
                "condition": "Both",
                "prior": "PRIOR",
                "pathway": "REACTOME_DESTABILIZATION_OF_MRNA_BY_TRISTETRAPROLIN_TTP",
                "condition.1": "Both",
                "source": "EXOSC5",
                "target": "DCP2"
            }
        },
        {
            "data": {
                "node_src": "EXOSC5",
                "node_dst": "DIS3",
                "condition": "Both",
                "prior": "PRIOR",
                "pathway": "REACTOME_DESTABILIZATION_OF_MRNA_BY_TRISTETRAPROLIN_TTP",
                "condition.1": "Both",
                "source": "EXOSC5",
                "target": "DIS3"
            }
        },
        {
            "data": {
                "node_src": "EXOSC5",
                "node_dst": "EXOSC2",
                "condition": "Both",
                "prior": "PRIOR",
                "pathway": "REACTOME_DESTABILIZATION_OF_MRNA_BY_TRISTETRAPROLIN_TTP",
                "condition.1": "Both",
                "source": "EXOSC5",
                "target": "EXOSC2"
            }
        },
        {
            "data": {
                "node_src": "EXOSC5",
                "node_dst": "TNPO1",
                "condition": "Both",
                "prior": "PRIOR",
                "pathway": "REACTOME_DESTABILIZATION_OF_MRNA_BY_TRISTETRAPROLIN_TTP",
                "condition.1": "Both",
                "source": "EXOSC5",
                "target": "TNPO1"
            }
        },
        {
            "data": {
                "node_src": "EXOSC5",
                "node_dst": "EXOSC3",
                "condition": "Both",
                "prior": "PRIOR",
                "pathway": "REACTOME_DESTABILIZATION_OF_MRNA_BY_TRISTETRAPROLIN_TTP",
                "condition.1": "Both",
                "source": "EXOSC5",
                "target": "EXOSC3"
            }
        },
        {
            "data": {
                "node_src": "EXOSC5",
                "node_dst": "EXOSC9",
                "condition": "Both",
                "prior": "PRIOR",
                "pathway": "REACTOME_DESTABILIZATION_OF_MRNA_BY_TRISTETRAPROLIN_TTP",
                "condition.1": "Both",
                "source": "EXOSC5",
                "target": "EXOSC9"
            }
        },
        {
            "data": {
                "node_src": "EXOSC5",
                "node_dst": "XRN1",
                "condition": "Both",
                "prior": "PRIOR",
                "pathway": "REACTOME_DESTABILIZATION_OF_MRNA_BY_TRISTETRAPROLIN_TTP",
                "condition.1": "Both",
                "source": "EXOSC5",
                "target": "XRN1"
            }
        },
        {
            "data": {
                "node_src": "EXOSC5",
                "node_dst": "DCP1A",
                "condition": "Both",
                "prior": "PRIOR",
                "pathway": "REACTOME_DESTABILIZATION_OF_MRNA_BY_TRISTETRAPROLIN_TTP",
                "condition.1": "Both",
                "source": "EXOSC5",
                "target": "DCP1A"
            }
        },
        {
            "data": {
                "node_src": "YWHAB",
                "node_dst": "EXOSC8",
                "condition": "Both",
                "prior": "NONE",
                "pathway": "REACTOME_DESTABILIZATION_OF_MRNA_BY_TRISTETRAPROLIN_TTP",
                "condition.1": "Both",
                "source": "YWHAB",
                "target": "EXOSC8"
            }
        },
        {
            "data": {
                "node_src": "YWHAB",
                "node_dst": "EXOSC6",
                "condition": "Both",
                "prior": "NONE",
                "pathway": "REACTOME_DESTABILIZATION_OF_MRNA_BY_TRISTETRAPROLIN_TTP",
                "condition.1": "Both",
                "source": "YWHAB",
                "target": "EXOSC6"
            }
        },
        {
            "data": {
                "node_src": "YWHAB",
                "node_dst": "EXOSC2",
                "condition": "Both",
                "prior": "NONE",
                "pathway": "REACTOME_DESTABILIZATION_OF_MRNA_BY_TRISTETRAPROLIN_TTP",
                "condition.1": "Both",
                "source": "YWHAB",
                "target": "EXOSC2"
            }
        },
        {
            "data": {
                "node_src": "YWHAB",
                "node_dst": "EXOSC1",
                "condition": "Both",
                "prior": "NONE",
                "pathway": "REACTOME_DESTABILIZATION_OF_MRNA_BY_TRISTETRAPROLIN_TTP",
                "condition.1": "Both",
                "source": "YWHAB",
                "target": "EXOSC1"
            }
        },
        {
            "data": {
                "node_src": "YWHAB",
                "node_dst": "EXOSC9",
                "condition": "Both",
                "prior": "PRIOR",
                "pathway": "REACTOME_DESTABILIZATION_OF_MRNA_BY_TRISTETRAPROLIN_TTP",
                "condition.1": "Both",
                "source": "YWHAB",
                "target": "EXOSC9"
            }
        },
        {
            "data": {
                "node_src": "YWHAB",
                "node_dst": "EXOSC4",
                "condition": "Both",
                "prior": "NONE",
                "pathway": "REACTOME_DESTABILIZATION_OF_MRNA_BY_TRISTETRAPROLIN_TTP",
                "condition.1": "Both",
                "source": "YWHAB",
                "target": "EXOSC4"
            }
        },
        {
            "data": {
                "node_src": "YWHAB",
                "node_dst": "EXOSC5",
                "condition": "Both",
                "prior": "NONE",
                "pathway": "REACTOME_DESTABILIZATION_OF_MRNA_BY_TRISTETRAPROLIN_TTP",
                "condition.1": "Both",
                "source": "YWHAB",
                "target": "EXOSC5"
            }
        },
        {
            "data": {
                "node_src": "ZFP36",
                "node_dst": "EXOSC8",
                "condition": "Both",
                "prior": "PRIOR",
                "pathway": "REACTOME_DESTABILIZATION_OF_MRNA_BY_TRISTETRAPROLIN_TTP",
                "condition.1": "Both",
                "source": "ZFP36",
                "target": "EXOSC8"
            }
        },
        {
            "data": {
                "node_src": "ZFP36",
                "node_dst": "EXOSC6",
                "condition": "Both",
                "prior": "PRIOR",
                "pathway": "REACTOME_DESTABILIZATION_OF_MRNA_BY_TRISTETRAPROLIN_TTP",
                "condition.1": "Both",
                "source": "ZFP36",
                "target": "EXOSC6"
            }
        },
        {
            "data": {
                "node_src": "ZFP36",
                "node_dst": "DCP2",
                "condition": "Both",
                "prior": "PRIOR",
                "pathway": "REACTOME_DESTABILIZATION_OF_MRNA_BY_TRISTETRAPROLIN_TTP",
                "condition.1": "Both",
                "source": "ZFP36",
                "target": "DCP2"
            }
        },
        {
            "data": {
                "node_src": "ZFP36",
                "node_dst": "DIS3",
                "condition": "Both",
                "prior": "PRIOR",
                "pathway": "REACTOME_DESTABILIZATION_OF_MRNA_BY_TRISTETRAPROLIN_TTP",
                "condition.1": "Both",
                "source": "ZFP36",
                "target": "DIS3"
            }
        },
        {
            "data": {
                "node_src": "ZFP36",
                "node_dst": "EXOSC7",
                "condition": "Both",
                "prior": "PRIOR",
                "pathway": "REACTOME_DESTABILIZATION_OF_MRNA_BY_TRISTETRAPROLIN_TTP",
                "condition.1": "Both",
                "source": "ZFP36",
                "target": "EXOSC7"
            }
        },
        {
            "data": {
                "node_src": "ZFP36",
                "node_dst": "EXOSC2",
                "condition": "Both",
                "prior": "PRIOR",
                "pathway": "REACTOME_DESTABILIZATION_OF_MRNA_BY_TRISTETRAPROLIN_TTP",
                "condition.1": "Both",
                "source": "ZFP36",
                "target": "EXOSC2"
            }
        },
        {
            "data": {
                "node_src": "ZFP36",
                "node_dst": "TNPO1",
                "condition": "Both",
                "prior": "PRIOR",
                "pathway": "REACTOME_DESTABILIZATION_OF_MRNA_BY_TRISTETRAPROLIN_TTP",
                "condition.1": "Both",
                "source": "ZFP36",
                "target": "TNPO1"
            }
        },
        {
            "data": {
                "node_src": "ZFP36",
                "node_dst": "EXOSC3",
                "condition": "Both",
                "prior": "PRIOR",
                "pathway": "REACTOME_DESTABILIZATION_OF_MRNA_BY_TRISTETRAPROLIN_TTP",
                "condition.1": "Both",
                "source": "ZFP36",
                "target": "EXOSC3"
            }
        },
        {
            "data": {
                "node_src": "ZFP36",
                "node_dst": "EXOSC1",
                "condition": "Both",
                "prior": "PRIOR",
                "pathway": "REACTOME_DESTABILIZATION_OF_MRNA_BY_TRISTETRAPROLIN_TTP",
                "condition.1": "Both",
                "source": "ZFP36",
                "target": "EXOSC1"
            }
        },
        {
            "data": {
                "node_src": "ZFP36",
                "node_dst": "EXOSC9",
                "condition": "Both",
                "prior": "PRIOR",
                "pathway": "REACTOME_DESTABILIZATION_OF_MRNA_BY_TRISTETRAPROLIN_TTP",
                "condition.1": "Both",
                "source": "ZFP36",
                "target": "EXOSC9"
            }
        },
        {
            "data": {
                "node_src": "ZFP36",
                "node_dst": "XRN1",
                "condition": "Both",
                "prior": "PRIOR",
                "pathway": "REACTOME_DESTABILIZATION_OF_MRNA_BY_TRISTETRAPROLIN_TTP",
                "condition.1": "Both",
                "source": "ZFP36",
                "target": "XRN1"
            }
        },
        {
            "data": {
                "node_src": "ZFP36",
                "node_dst": "EXOSC4",
                "condition": "Both",
                "prior": "PRIOR",
                "pathway": "REACTOME_DESTABILIZATION_OF_MRNA_BY_TRISTETRAPROLIN_TTP",
                "condition.1": "Both",
                "source": "ZFP36",
                "target": "EXOSC4"
            }
        },
        {
            "data": {
                "node_src": "ZFP36",
                "node_dst": "DCP1A",
                "condition": "Both",
                "prior": "PRIOR",
                "pathway": "REACTOME_DESTABILIZATION_OF_MRNA_BY_TRISTETRAPROLIN_TTP",
                "condition.1": "Both",
                "source": "ZFP36",
                "target": "DCP1A"
            }
        },
        {
            "data": {
                "node_src": "ZFP36",
                "node_dst": "EXOSC5",
                "condition": "Both",
                "prior": "PRIOR",
                "pathway": "REACTOME_DESTABILIZATION_OF_MRNA_BY_TRISTETRAPROLIN_TTP",
                "condition.1": "Both",
                "source": "ZFP36",
                "target": "EXOSC5"
            }
        },
        {
            "data": {
                "node_src": "ZFP36",
                "node_dst": "YWHAB",
                "condition": "Both",
                "prior": "PRIOR",
                "pathway": "REACTOME_DESTABILIZATION_OF_MRNA_BY_TRISTETRAPROLIN_TTP",
                "condition.1": "Both",
                "source": "ZFP36",
                "target": "YWHAB"
            }
        },
        {
            "data": {
                "node_src": "MAPKAPK2",
                "node_dst": "EXOSC8",
                "condition": "Both",
                "prior": "NONE",
                "pathway": "REACTOME_DESTABILIZATION_OF_MRNA_BY_TRISTETRAPROLIN_TTP",
                "condition.1": "Both",
                "source": "MAPKAPK2",
                "target": "EXOSC8"
            }
        },
        {
            "data": {
                "node_src": "MAPKAPK2",
                "node_dst": "DCP2",
                "condition": "Both",
                "prior": "NONE",
                "pathway": "REACTOME_DESTABILIZATION_OF_MRNA_BY_TRISTETRAPROLIN_TTP",
                "condition.1": "Both",
                "source": "MAPKAPK2",
                "target": "DCP2"
            }
        },
        {
            "data": {
                "node_src": "MAPKAPK2",
                "node_dst": "DIS3",
                "condition": "Both",
                "prior": "NONE",
                "pathway": "REACTOME_DESTABILIZATION_OF_MRNA_BY_TRISTETRAPROLIN_TTP",
                "condition.1": "Both",
                "source": "MAPKAPK2",
                "target": "DIS3"
            }
        },
        {
            "data": {
                "node_src": "MAPKAPK2",
                "node_dst": "EXOSC7",
                "condition": "Both",
                "prior": "NONE",
                "pathway": "REACTOME_DESTABILIZATION_OF_MRNA_BY_TRISTETRAPROLIN_TTP",
                "condition.1": "Both",
                "source": "MAPKAPK2",
                "target": "EXOSC7"
            }
        },
        {
            "data": {
                "node_src": "MAPKAPK2",
                "node_dst": "EXOSC2",
                "condition": "Both",
                "prior": "NONE",
                "pathway": "REACTOME_DESTABILIZATION_OF_MRNA_BY_TRISTETRAPROLIN_TTP",
                "condition.1": "Both",
                "source": "MAPKAPK2",
                "target": "EXOSC2"
            }
        },
        {
            "data": {
                "node_src": "MAPKAPK2",
                "node_dst": "TNPO1",
                "condition": "Both",
                "prior": "PRIOR",
                "pathway": "REACTOME_DESTABILIZATION_OF_MRNA_BY_TRISTETRAPROLIN_TTP",
                "condition.1": "Both",
                "source": "MAPKAPK2",
                "target": "TNPO1"
            }
        },
        {
            "data": {
                "node_src": "MAPKAPK2",
                "node_dst": "EXOSC3",
                "condition": "Both",
                "prior": "NONE",
                "pathway": "REACTOME_DESTABILIZATION_OF_MRNA_BY_TRISTETRAPROLIN_TTP",
                "condition.1": "Both",
                "source": "MAPKAPK2",
                "target": "EXOSC3"
            }
        },
        {
            "data": {
                "node_src": "MAPKAPK2",
                "node_dst": "EXOSC1",
                "condition": "Both",
                "prior": "NONE",
                "pathway": "REACTOME_DESTABILIZATION_OF_MRNA_BY_TRISTETRAPROLIN_TTP",
                "condition.1": "Both",
                "source": "MAPKAPK2",
                "target": "EXOSC1"
            }
        },
        {
            "data": {
                "node_src": "MAPKAPK2",
                "node_dst": "EXOSC9",
                "condition": "Both",
                "prior": "NONE",
                "pathway": "REACTOME_DESTABILIZATION_OF_MRNA_BY_TRISTETRAPROLIN_TTP",
                "condition.1": "Both",
                "source": "MAPKAPK2",
                "target": "EXOSC9"
            }
        },
        {
            "data": {
                "node_src": "MAPKAPK2",
                "node_dst": "XRN1",
                "condition": "Both",
                "prior": "NONE",
                "pathway": "REACTOME_DESTABILIZATION_OF_MRNA_BY_TRISTETRAPROLIN_TTP",
                "condition.1": "Both",
                "source": "MAPKAPK2",
                "target": "XRN1"
            }
        },
        {
            "data": {
                "node_src": "MAPKAPK2",
                "node_dst": "EXOSC4",
                "condition": "Both",
                "prior": "NONE",
                "pathway": "REACTOME_DESTABILIZATION_OF_MRNA_BY_TRISTETRAPROLIN_TTP",
                "condition.1": "Both",
                "source": "MAPKAPK2",
                "target": "EXOSC4"
            }
        },
        {
            "data": {
                "node_src": "MAPKAPK2",
                "node_dst": "EXOSC5",
                "condition": "Both",
                "prior": "NONE",
                "pathway": "REACTOME_DESTABILIZATION_OF_MRNA_BY_TRISTETRAPROLIN_TTP",
                "condition.1": "Both",
                "source": "MAPKAPK2",
                "target": "EXOSC5"
            }
        },
        {
            "data": {
                "node_src": "EXOSC7",
                "node_dst": "EXOSC8",
                "condition": "C2",
                "prior": "PRIOR",
                "pathway": "REACTOME_DESTABILIZATION_OF_MRNA_BY_TRISTETRAPROLIN_TTP",
                "condition.1": "GBApUnaffected",
                "source": "EXOSC7",
                "target": "EXOSC8"
            }
        },
        {
            "data": {
                "node_src": "EXOSC7",
                "node_dst": "EXOSC6",
                "condition": "C2",
                "prior": "PRIOR",
                "pathway": "REACTOME_DESTABILIZATION_OF_MRNA_BY_TRISTETRAPROLIN_TTP",
                "condition.1": "GBApUnaffected",
                "source": "EXOSC7",
                "target": "EXOSC6"
            }
        },
        {
            "data": {
                "node_src": "EXOSC7",
                "node_dst": "DIS3",
                "condition": "C2",
                "prior": "PRIOR",
                "pathway": "REACTOME_DESTABILIZATION_OF_MRNA_BY_TRISTETRAPROLIN_TTP",
                "condition.1": "GBApUnaffected",
                "source": "EXOSC7",
                "target": "DIS3"
            }
        },
        {
            "data": {
                "node_src": "EXOSC9",
                "node_dst": "DCP2",
                "condition": "C2",
                "prior": "PRIOR",
                "pathway": "REACTOME_DESTABILIZATION_OF_MRNA_BY_TRISTETRAPROLIN_TTP",
                "condition.1": "GBApUnaffected",
                "source": "EXOSC9",
                "target": "DCP2"
            }
        },
        {
            "data": {
                "node_src": "EXOSC9",
                "node_dst": "EXOSC7",
                "condition": "C2",
                "prior": "PRIOR",
                "pathway": "REACTOME_DESTABILIZATION_OF_MRNA_BY_TRISTETRAPROLIN_TTP",
                "condition.1": "GBApUnaffected",
                "source": "EXOSC9",
                "target": "EXOSC7"
            }
        },
        {
            "data": {
                "node_src": "EXOSC9",
                "node_dst": "EXOSC2",
                "condition": "C2",
                "prior": "PRIOR",
                "pathway": "REACTOME_DESTABILIZATION_OF_MRNA_BY_TRISTETRAPROLIN_TTP",
                "condition.1": "GBApUnaffected",
                "source": "EXOSC9",
                "target": "EXOSC2"
            }
        },
        {
            "data": {
                "node_src": "XRN1",
                "node_dst": "EXOSC7",
                "condition": "C2",
                "prior": "PRIOR",
                "pathway": "REACTOME_DESTABILIZATION_OF_MRNA_BY_TRISTETRAPROLIN_TTP",
                "condition.1": "GBApUnaffected",
                "source": "XRN1",
                "target": "EXOSC7"
            }
        },
        {
            "data": {
                "node_src": "XRN1",
                "node_dst": "EXOSC1",
                "condition": "C2",
                "prior": "PRIOR",
                "pathway": "REACTOME_DESTABILIZATION_OF_MRNA_BY_TRISTETRAPROLIN_TTP",
                "condition.1": "GBApUnaffected",
                "source": "XRN1",
                "target": "EXOSC1"
            }
        },
        {
            "data": {
                "node_src": "EXOSC4",
                "node_dst": "EXOSC8",
                "condition": "C2",
                "prior": "PRIOR",
                "pathway": "REACTOME_DESTABILIZATION_OF_MRNA_BY_TRISTETRAPROLIN_TTP",
                "condition.1": "GBApUnaffected",
                "source": "EXOSC4",
                "target": "EXOSC8"
            }
        },
        {
            "data": {
                "node_src": "EXOSC4",
                "node_dst": "DIS3",
                "condition": "C2",
                "prior": "PRIOR",
                "pathway": "REACTOME_DESTABILIZATION_OF_MRNA_BY_TRISTETRAPROLIN_TTP",
                "condition.1": "GBApUnaffected",
                "source": "EXOSC4",
                "target": "DIS3"
            }
        },
        {
            "data": {
                "node_src": "EXOSC4",
                "node_dst": "EXOSC7",
                "condition": "C2",
                "prior": "PRIOR",
                "pathway": "REACTOME_DESTABILIZATION_OF_MRNA_BY_TRISTETRAPROLIN_TTP",
                "condition.1": "GBApUnaffected",
                "source": "EXOSC4",
                "target": "EXOSC7"
            }
        },
        {
            "data": {
                "node_src": "EXOSC4",
                "node_dst": "EXOSC1",
                "condition": "C2",
                "prior": "PRIOR",
                "pathway": "REACTOME_DESTABILIZATION_OF_MRNA_BY_TRISTETRAPROLIN_TTP",
                "condition.1": "GBApUnaffected",
                "source": "EXOSC4",
                "target": "EXOSC1"
            }
        },
        {
            "data": {
                "node_src": "EXOSC4",
                "node_dst": "EXOSC9",
                "condition": "C2",
                "prior": "PRIOR",
                "pathway": "REACTOME_DESTABILIZATION_OF_MRNA_BY_TRISTETRAPROLIN_TTP",
                "condition.1": "GBApUnaffected",
                "source": "EXOSC4",
                "target": "EXOSC9"
            }
        },
        {
            "data": {
                "node_src": "DCP1A",
                "node_dst": "EXOSC7",
                "condition": "C2",
                "prior": "PRIOR",
                "pathway": "REACTOME_DESTABILIZATION_OF_MRNA_BY_TRISTETRAPROLIN_TTP",
                "condition.1": "GBApUnaffected",
                "source": "DCP1A",
                "target": "EXOSC7"
            }
        },
        {
            "data": {
                "node_src": "DCP1A",
                "node_dst": "EXOSC3",
                "condition": "C2",
                "prior": "PRIOR",
                "pathway": "REACTOME_DESTABILIZATION_OF_MRNA_BY_TRISTETRAPROLIN_TTP",
                "condition.1": "GBApUnaffected",
                "source": "DCP1A",
                "target": "EXOSC3"
            }
        },
        {
            "data": {
                "node_src": "DCP1A",
                "node_dst": "EXOSC1",
                "condition": "C2",
                "prior": "PRIOR",
                "pathway": "REACTOME_DESTABILIZATION_OF_MRNA_BY_TRISTETRAPROLIN_TTP",
                "condition.1": "GBApUnaffected",
                "source": "DCP1A",
                "target": "EXOSC1"
            }
        },
        {
            "data": {
                "node_src": "EXOSC5",
                "node_dst": "EXOSC1",
                "condition": "C2",
                "prior": "PRIOR",
                "pathway": "REACTOME_DESTABILIZATION_OF_MRNA_BY_TRISTETRAPROLIN_TTP",
                "condition.1": "GBApUnaffected",
                "source": "EXOSC5",
                "target": "EXOSC1"
            }
        },
        {
            "data": {
                "node_src": "EXOSC5",
                "node_dst": "EXOSC4",
                "condition": "C2",
                "prior": "PRIOR",
                "pathway": "REACTOME_DESTABILIZATION_OF_MRNA_BY_TRISTETRAPROLIN_TTP",
                "condition.1": "GBApUnaffected",
                "source": "EXOSC5",
                "target": "EXOSC4"
            }
        },
        {
            "data": {
                "node_src": "YWHAB",
                "node_dst": "DCP2",
                "condition": "C2",
                "prior": "NONE",
                "pathway": "REACTOME_DESTABILIZATION_OF_MRNA_BY_TRISTETRAPROLIN_TTP",
                "condition.1": "GBApUnaffected",
                "source": "YWHAB",
                "target": "DCP2"
            }
        },
        {
            "data": {
                "node_src": "YWHAB",
                "node_dst": "DIS3",
                "condition": "C2",
                "prior": "NONE",
                "pathway": "REACTOME_DESTABILIZATION_OF_MRNA_BY_TRISTETRAPROLIN_TTP",
                "condition.1": "GBApUnaffected",
                "source": "YWHAB",
                "target": "DIS3"
            }
        },
        {
            "data": {
                "node_src": "YWHAB",
                "node_dst": "TNPO1",
                "condition": "C2",
                "prior": "PRIOR",
                "pathway": "REACTOME_DESTABILIZATION_OF_MRNA_BY_TRISTETRAPROLIN_TTP",
                "condition.1": "GBApUnaffected",
                "source": "YWHAB",
                "target": "TNPO1"
            }
        },
        {
            "data": {
                "node_src": "YWHAB",
                "node_dst": "XRN1",
                "condition": "C2",
                "prior": "PRIOR",
                "pathway": "REACTOME_DESTABILIZATION_OF_MRNA_BY_TRISTETRAPROLIN_TTP",
                "condition.1": "GBApUnaffected",
                "source": "YWHAB",
                "target": "XRN1"
            }
        },
        {
            "data": {
                "node_src": "YWHAB",
                "node_dst": "DCP1A",
                "condition": "C2",
                "prior": "NONE",
                "pathway": "REACTOME_DESTABILIZATION_OF_MRNA_BY_TRISTETRAPROLIN_TTP",
                "condition.1": "GBApUnaffected",
                "source": "YWHAB",
                "target": "DCP1A"
            }
        },
        {
            "data": {
                "node_src": "MAPKAPK2",
                "node_dst": "EXOSC6",
                "condition": "C2",
                "prior": "NONE",
                "pathway": "REACTOME_DESTABILIZATION_OF_MRNA_BY_TRISTETRAPROLIN_TTP",
                "condition.1": "GBApUnaffected",
                "source": "MAPKAPK2",
                "target": "EXOSC6"
            }
        },
        {
            "data": {
                "node_src": "MAPKAPK2",
                "node_dst": "DCP1A",
                "condition": "C2",
                "prior": "NONE",
                "pathway": "REACTOME_DESTABILIZATION_OF_MRNA_BY_TRISTETRAPROLIN_TTP",
                "condition.1": "GBApUnaffected",
                "source": "MAPKAPK2",
                "target": "DCP1A"
            }
        },
        {
            "data": {
                "node_src": "MAPKAPK2",
                "node_dst": "YWHAB",
                "condition": "C2",
                "prior": "NONE",
                "pathway": "REACTOME_DESTABILIZATION_OF_MRNA_BY_TRISTETRAPROLIN_TTP",
                "condition.1": "GBApUnaffected",
                "source": "MAPKAPK2",
                "target": "YWHAB"
            }
        },
        {
            "data": {
                "node_src": "MAPKAPK2",
                "node_dst": "ZFP36",
                "condition": "C2",
                "prior": "PRIOR",
                "pathway": "REACTOME_DESTABILIZATION_OF_MRNA_BY_TRISTETRAPROLIN_TTP",
                "condition.1": "GBApUnaffected",
                "source": "MAPKAPK2",
                "target": "ZFP36"
            }
        }
    ]
}

