{
    "metadata": [
        {
            "data": {
                "Both": "Both",
                "C1": "GBApPD",
                "C2": "GBApUnaffected"
            }
        }
    ],
    "nodes": [
        {
            "data": {
                "pathway": "REACTOME_INCRETIN_SYNTHESIS_SECRETION_AND_INACTIVATION",
                "id": "REACTOME_INCRETIN_SYNTHESIS_SECRETION_AND_INACTIVATION"
            }
        },
        {
            "data": {
                "name": "GPR119",
                "mediator.essentiality": false,
                "mediator.specificity": false,
                "mediator": "",
                "id": "GPR119",
                "pathway": "REACTOME_INCRETIN_SYNTHESIS_SECRETION_AND_INACTIVATION",
                "n": 17,
                "parent": "REACTOME_INCRETIN_SYNTHESIS_SECRETION_AND_INACTIVATION"
            }
        },
        {
            "data": {
                "name": "CTNNB1",
                "mediator.essentiality": true,
                "mediator.specificity": false,
                "mediator": "Essentiality mediator",
                "id": "CTNNB1",
                "pathway": "REACTOME_INCRETIN_SYNTHESIS_SECRETION_AND_INACTIVATION",
                "n": 17,
                "parent": "REACTOME_INCRETIN_SYNTHESIS_SECRETION_AND_INACTIVATION"
            }
        },
        {
            "data": {
                "name": "DPP4",
                "mediator.essentiality": false,
                "mediator.specificity": false,
                "mediator": "",
                "id": "DPP4",
                "pathway": "REACTOME_INCRETIN_SYNTHESIS_SECRETION_AND_INACTIVATION",
                "n": 17,
                "parent": "REACTOME_INCRETIN_SYNTHESIS_SECRETION_AND_INACTIVATION"
            }
        },
        {
            "data": {
                "name": "SEC11A",
                "mediator.essentiality": false,
                "mediator.specificity": false,
                "mediator": "",
                "id": "SEC11A",
                "pathway": "REACTOME_INCRETIN_SYNTHESIS_SECRETION_AND_INACTIVATION",
                "n": 17,
                "parent": "REACTOME_INCRETIN_SYNTHESIS_SECRETION_AND_INACTIVATION"
            }
        },
        {
            "data": {
                "name": "GATA4",
                "mediator.essentiality": false,
                "mediator.specificity": false,
                "mediator": "",
                "id": "GATA4",
                "pathway": "REACTOME_INCRETIN_SYNTHESIS_SECRETION_AND_INACTIVATION",
                "n": 17,
                "parent": "REACTOME_INCRETIN_SYNTHESIS_SECRETION_AND_INACTIVATION"
            }
        },
        {
            "data": {
                "name": "GCG",
                "mediator.essentiality": false,
                "mediator.specificity": false,
                "mediator": "",
                "id": "GCG",
                "pathway": "REACTOME_INCRETIN_SYNTHESIS_SECRETION_AND_INACTIVATION",
                "n": 17,
                "parent": "REACTOME_INCRETIN_SYNTHESIS_SECRETION_AND_INACTIVATION"
            }
        },
        {
            "data": {
                "name": "GIP",
                "mediator.essentiality": false,
                "mediator.specificity": false,
                "mediator": "",
                "id": "GIP",
                "pathway": "REACTOME_INCRETIN_SYNTHESIS_SECRETION_AND_INACTIVATION",
                "n": 17,
                "parent": "REACTOME_INCRETIN_SYNTHESIS_SECRETION_AND_INACTIVATION"
            }
        },
        {
            "data": {
                "name": "GNB3",
                "mediator.essentiality": false,
                "mediator.specificity": false,
                "mediator": "",
                "id": "GNB3",
                "pathway": "REACTOME_INCRETIN_SYNTHESIS_SECRETION_AND_INACTIVATION",
                "n": 17,
                "parent": "REACTOME_INCRETIN_SYNTHESIS_SECRETION_AND_INACTIVATION"
            }
        },
        {
            "data": {
                "name": "FFAR1",
                "mediator.essentiality": false,
                "mediator.specificity": false,
                "mediator": "",
                "id": "FFAR1",
                "pathway": "REACTOME_INCRETIN_SYNTHESIS_SECRETION_AND_INACTIVATION",
                "n": 17,
                "parent": "REACTOME_INCRETIN_SYNTHESIS_SECRETION_AND_INACTIVATION"
            }
        },
        {
            "data": {
                "name": "SPCS1",
                "mediator.essentiality": false,
                "mediator.specificity": false,
                "mediator": "",
                "id": "SPCS1",
                "pathway": "REACTOME_INCRETIN_SYNTHESIS_SECRETION_AND_INACTIVATION",
                "n": 17,
                "parent": "REACTOME_INCRETIN_SYNTHESIS_SECRETION_AND_INACTIVATION"
            }
        },
        {
            "data": {
                "name": "GRP",
                "mediator.essentiality": false,
                "mediator.specificity": false,
                "mediator": "",
                "id": "GRP",
                "pathway": "REACTOME_INCRETIN_SYNTHESIS_SECRETION_AND_INACTIVATION",
                "n": 17,
                "parent": "REACTOME_INCRETIN_SYNTHESIS_SECRETION_AND_INACTIVATION"
            }
        },
        {
            "data": {
                "name": "ISL1",
                "mediator.essentiality": false,
                "mediator.specificity": false,
                "mediator": "",
                "id": "ISL1",
                "pathway": "REACTOME_INCRETIN_SYNTHESIS_SECRETION_AND_INACTIVATION",
                "n": 17,
                "parent": "REACTOME_INCRETIN_SYNTHESIS_SECRETION_AND_INACTIVATION"
            }
        },
        {
            "data": {
                "name": "PCSK1",
                "mediator.essentiality": false,
                "mediator.specificity": false,
                "mediator": "",
                "id": "PCSK1",
                "pathway": "REACTOME_INCRETIN_SYNTHESIS_SECRETION_AND_INACTIVATION",
                "n": 17,
                "parent": "REACTOME_INCRETIN_SYNTHESIS_SECRETION_AND_INACTIVATION"
            }
        },
        {
            "data": {
                "name": "GNG13",
                "mediator.essentiality": false,
                "mediator.specificity": false,
                "mediator": "",
                "id": "GNG13",
                "pathway": "REACTOME_INCRETIN_SYNTHESIS_SECRETION_AND_INACTIVATION",
                "n": 17,
                "parent": "REACTOME_INCRETIN_SYNTHESIS_SECRETION_AND_INACTIVATION"
            }
        },
        {
            "data": {
                "name": "SPCS3",
                "mediator.essentiality": false,
                "mediator.specificity": false,
                "mediator": "",
                "id": "SPCS3",
                "pathway": "REACTOME_INCRETIN_SYNTHESIS_SECRETION_AND_INACTIVATION",
                "n": 17,
                "parent": "REACTOME_INCRETIN_SYNTHESIS_SECRETION_AND_INACTIVATION"
            }
        },
        {
            "data": {
                "name": "SEC11C",
                "mediator.essentiality": false,
                "mediator.specificity": false,
                "mediator": "",
                "id": "SEC11C",
                "pathway": "REACTOME_INCRETIN_SYNTHESIS_SECRETION_AND_INACTIVATION",
                "n": 17,
                "parent": "REACTOME_INCRETIN_SYNTHESIS_SECRETION_AND_INACTIVATION"
            }
        },
        {
            "data": {
                "name": "CDX2",
                "mediator.essentiality": false,
                "mediator.specificity": false,
                "mediator": "",
                "id": "CDX2",
                "pathway": "REACTOME_INCRETIN_SYNTHESIS_SECRETION_AND_INACTIVATION",
                "n": 17,
                "parent": "REACTOME_INCRETIN_SYNTHESIS_SECRETION_AND_INACTIVATION"
            }
        }
    ],
    "edges": [
        {
            "data": {
                "node_src": "GPR119",
                "node_dst": "CDX2",
                "condition": "Both",
                "prior": "NONE",
                "pathway": "REACTOME_INCRETIN_SYNTHESIS_SECRETION_AND_INACTIVATION",
                "condition.1": "Both",
                "source": "GPR119",
                "target": "CDX2"
            }
        },
        {
            "data": {
                "node_src": "CTNNB1",
                "node_dst": "CDX2",
                "condition": "Both",
                "prior": "NONE",
                "pathway": "REACTOME_INCRETIN_SYNTHESIS_SECRETION_AND_INACTIVATION",
                "condition.1": "Both",
                "source": "CTNNB1",
                "target": "CDX2"
            }
        },
        {
            "data": {
                "node_src": "CTNNB1",
                "node_dst": "GPR119",
                "condition": "Both",
                "prior": "NONE",
                "pathway": "REACTOME_INCRETIN_SYNTHESIS_SECRETION_AND_INACTIVATION",
                "condition.1": "Both",
                "source": "CTNNB1",
                "target": "GPR119"
            }
        },
        {
            "data": {
                "node_src": "DPP4",
                "node_dst": "CDX2",
                "condition": "Both",
                "prior": "NONE",
                "pathway": "REACTOME_INCRETIN_SYNTHESIS_SECRETION_AND_INACTIVATION",
                "condition.1": "Both",
                "source": "DPP4",
                "target": "CDX2"
            }
        },
        {
            "data": {
                "node_src": "DPP4",
                "node_dst": "GPR119",
                "condition": "Both",
                "prior": "NONE",
                "pathway": "REACTOME_INCRETIN_SYNTHESIS_SECRETION_AND_INACTIVATION",
                "condition.1": "Both",
                "source": "DPP4",
                "target": "GPR119"
            }
        },
        {
            "data": {
                "node_src": "SEC11A",
                "node_dst": "CTNNB1",
                "condition": "C1",
                "prior": "NONE",
                "pathway": "REACTOME_INCRETIN_SYNTHESIS_SECRETION_AND_INACTIVATION",
                "condition.1": "GBApPD",
                "source": "SEC11A",
                "target": "CTNNB1"
            }
        },
        {
            "data": {
                "node_src": "SEC11A",
                "node_dst": "DPP4",
                "condition": "Both",
                "prior": "NONE",
                "pathway": "REACTOME_INCRETIN_SYNTHESIS_SECRETION_AND_INACTIVATION",
                "condition.1": "Both",
                "source": "SEC11A",
                "target": "DPP4"
            }
        },
        {
            "data": {
                "node_src": "GATA4",
                "node_dst": "CDX2",
                "condition": "Both",
                "prior": "NONE",
                "pathway": "REACTOME_INCRETIN_SYNTHESIS_SECRETION_AND_INACTIVATION",
                "condition.1": "Both",
                "source": "GATA4",
                "target": "CDX2"
            }
        },
        {
            "data": {
                "node_src": "GATA4",
                "node_dst": "GPR119",
                "condition": "Both",
                "prior": "NONE",
                "pathway": "REACTOME_INCRETIN_SYNTHESIS_SECRETION_AND_INACTIVATION",
                "condition.1": "Both",
                "source": "GATA4",
                "target": "GPR119"
            }
        },
        {
            "data": {
                "node_src": "GATA4",
                "node_dst": "CTNNB1",
                "condition": "Both",
                "prior": "NONE",
                "pathway": "REACTOME_INCRETIN_SYNTHESIS_SECRETION_AND_INACTIVATION",
                "condition.1": "Both",
                "source": "GATA4",
                "target": "CTNNB1"
            }
        },
        {
            "data": {
                "node_src": "GATA4",
                "node_dst": "DPP4",
                "condition": "Both",
                "prior": "NONE",
                "pathway": "REACTOME_INCRETIN_SYNTHESIS_SECRETION_AND_INACTIVATION",
                "condition.1": "Both",
                "source": "GATA4",
                "target": "DPP4"
            }
        },
        {
            "data": {
                "node_src": "GCG",
                "node_dst": "CDX2",
                "condition": "Both",
                "prior": "PRIOR",
                "pathway": "REACTOME_INCRETIN_SYNTHESIS_SECRETION_AND_INACTIVATION",
                "condition.1": "Both",
                "source": "GCG",
                "target": "CDX2"
            }
        },
        {
            "data": {
                "node_src": "GCG",
                "node_dst": "GPR119",
                "condition": "Both",
                "prior": "PRIOR",
                "pathway": "REACTOME_INCRETIN_SYNTHESIS_SECRETION_AND_INACTIVATION",
                "condition.1": "Both",
                "source": "GCG",
                "target": "GPR119"
            }
        },
        {
            "data": {
                "node_src": "GCG",
                "node_dst": "CTNNB1",
                "condition": "Both",
                "prior": "PRIOR",
                "pathway": "REACTOME_INCRETIN_SYNTHESIS_SECRETION_AND_INACTIVATION",
                "condition.1": "Both",
                "source": "GCG",
                "target": "CTNNB1"
            }
        },
        {
            "data": {
                "node_src": "GCG",
                "node_dst": "DPP4",
                "condition": "Both",
                "prior": "PRIOR",
                "pathway": "REACTOME_INCRETIN_SYNTHESIS_SECRETION_AND_INACTIVATION",
                "condition.1": "Both",
                "source": "GCG",
                "target": "DPP4"
            }
        },
        {
            "data": {
                "node_src": "GCG",
                "node_dst": "SEC11A",
                "condition": "Both",
                "prior": "PRIOR",
                "pathway": "REACTOME_INCRETIN_SYNTHESIS_SECRETION_AND_INACTIVATION",
                "condition.1": "Both",
                "source": "GCG",
                "target": "SEC11A"
            }
        },
        {
            "data": {
                "node_src": "GCG",
                "node_dst": "GATA4",
                "condition": "Both",
                "prior": "NONE",
                "pathway": "REACTOME_INCRETIN_SYNTHESIS_SECRETION_AND_INACTIVATION",
                "condition.1": "Both",
                "source": "GCG",
                "target": "GATA4"
            }
        },
        {
            "data": {
                "node_src": "GIP",
                "node_dst": "CDX2",
                "condition": "Both",
                "prior": "NONE",
                "pathway": "REACTOME_INCRETIN_SYNTHESIS_SECRETION_AND_INACTIVATION",
                "condition.1": "Both",
                "source": "GIP",
                "target": "CDX2"
            }
        },
        {
            "data": {
                "node_src": "GIP",
                "node_dst": "GPR119",
                "condition": "Both",
                "prior": "PRIOR",
                "pathway": "REACTOME_INCRETIN_SYNTHESIS_SECRETION_AND_INACTIVATION",
                "condition.1": "Both",
                "source": "GIP",
                "target": "GPR119"
            }
        },
        {
            "data": {
                "node_src": "GIP",
                "node_dst": "CTNNB1",
                "condition": "Both",
                "prior": "NONE",
                "pathway": "REACTOME_INCRETIN_SYNTHESIS_SECRETION_AND_INACTIVATION",
                "condition.1": "Both",
                "source": "GIP",
                "target": "CTNNB1"
            }
        },
        {
            "data": {
                "node_src": "GIP",
                "node_dst": "DPP4",
                "condition": "Both",
                "prior": "PRIOR",
                "pathway": "REACTOME_INCRETIN_SYNTHESIS_SECRETION_AND_INACTIVATION",
                "condition.1": "Both",
                "source": "GIP",
                "target": "DPP4"
            }
        },
        {
            "data": {
                "node_src": "GIP",
                "node_dst": "SEC11A",
                "condition": "Both",
                "prior": "PRIOR",
                "pathway": "REACTOME_INCRETIN_SYNTHESIS_SECRETION_AND_INACTIVATION",
                "condition.1": "Both",
                "source": "GIP",
                "target": "SEC11A"
            }
        },
        {
            "data": {
                "node_src": "GIP",
                "node_dst": "GATA4",
                "condition": "Both",
                "prior": "PRIOR",
                "pathway": "REACTOME_INCRETIN_SYNTHESIS_SECRETION_AND_INACTIVATION",
                "condition.1": "Both",
                "source": "GIP",
                "target": "GATA4"
            }
        },
        {
            "data": {
                "node_src": "GIP",
                "node_dst": "GCG",
                "condition": "Both",
                "prior": "NONE",
                "pathway": "REACTOME_INCRETIN_SYNTHESIS_SECRETION_AND_INACTIVATION",
                "condition.1": "Both",
                "source": "GIP",
                "target": "GCG"
            }
        },
        {
            "data": {
                "node_src": "GNB3",
                "node_dst": "CDX2",
                "condition": "C1",
                "prior": "NONE",
                "pathway": "REACTOME_INCRETIN_SYNTHESIS_SECRETION_AND_INACTIVATION",
                "condition.1": "GBApPD",
                "source": "GNB3",
                "target": "CDX2"
            }
        },
        {
            "data": {
                "node_src": "GNB3",
                "node_dst": "GPR119",
                "condition": "Both",
                "prior": "NONE",
                "pathway": "REACTOME_INCRETIN_SYNTHESIS_SECRETION_AND_INACTIVATION",
                "condition.1": "Both",
                "source": "GNB3",
                "target": "GPR119"
            }
        },
        {
            "data": {
                "node_src": "GNB3",
                "node_dst": "CTNNB1",
                "condition": "Both",
                "prior": "PRIOR",
                "pathway": "REACTOME_INCRETIN_SYNTHESIS_SECRETION_AND_INACTIVATION",
                "condition.1": "Both",
                "source": "GNB3",
                "target": "CTNNB1"
            }
        },
        {
            "data": {
                "node_src": "GNB3",
                "node_dst": "DPP4",
                "condition": "Both",
                "prior": "NONE",
                "pathway": "REACTOME_INCRETIN_SYNTHESIS_SECRETION_AND_INACTIVATION",
                "condition.1": "Both",
                "source": "GNB3",
                "target": "DPP4"
            }
        },
        {
            "data": {
                "node_src": "GNB3",
                "node_dst": "GATA4",
                "condition": "Both",
                "prior": "NONE",
                "pathway": "REACTOME_INCRETIN_SYNTHESIS_SECRETION_AND_INACTIVATION",
                "condition.1": "Both",
                "source": "GNB3",
                "target": "GATA4"
            }
        },
        {
            "data": {
                "node_src": "GNB3",
                "node_dst": "GCG",
                "condition": "Both",
                "prior": "PRIOR",
                "pathway": "REACTOME_INCRETIN_SYNTHESIS_SECRETION_AND_INACTIVATION",
                "condition.1": "Both",
                "source": "GNB3",
                "target": "GCG"
            }
        },
        {
            "data": {
                "node_src": "GNB3",
                "node_dst": "GIP",
                "condition": "Both",
                "prior": "PRIOR",
                "pathway": "REACTOME_INCRETIN_SYNTHESIS_SECRETION_AND_INACTIVATION",
                "condition.1": "Both",
                "source": "GNB3",
                "target": "GIP"
            }
        },
        {
            "data": {
                "node_src": "FFAR1",
                "node_dst": "CDX2",
                "condition": "C1",
                "prior": "NONE",
                "pathway": "REACTOME_INCRETIN_SYNTHESIS_SECRETION_AND_INACTIVATION",
                "condition.1": "GBApPD",
                "source": "FFAR1",
                "target": "CDX2"
            }
        },
        {
            "data": {
                "node_src": "FFAR1",
                "node_dst": "GPR119",
                "condition": "Both",
                "prior": "NONE",
                "pathway": "REACTOME_INCRETIN_SYNTHESIS_SECRETION_AND_INACTIVATION",
                "condition.1": "Both",
                "source": "FFAR1",
                "target": "GPR119"
            }
        },
        {
            "data": {
                "node_src": "FFAR1",
                "node_dst": "CTNNB1",
                "condition": "Both",
                "prior": "NONE",
                "pathway": "REACTOME_INCRETIN_SYNTHESIS_SECRETION_AND_INACTIVATION",
                "condition.1": "Both",
                "source": "FFAR1",
                "target": "CTNNB1"
            }
        },
        {
            "data": {
                "node_src": "FFAR1",
                "node_dst": "DPP4",
                "condition": "Both",
                "prior": "NONE",
                "pathway": "REACTOME_INCRETIN_SYNTHESIS_SECRETION_AND_INACTIVATION",
                "condition.1": "Both",
                "source": "FFAR1",
                "target": "DPP4"
            }
        },
        {
            "data": {
                "node_src": "FFAR1",
                "node_dst": "SEC11A",
                "condition": "Both",
                "prior": "NONE",
                "pathway": "REACTOME_INCRETIN_SYNTHESIS_SECRETION_AND_INACTIVATION",
                "condition.1": "Both",
                "source": "FFAR1",
                "target": "SEC11A"
            }
        },
        {
            "data": {
                "node_src": "FFAR1",
                "node_dst": "GATA4",
                "condition": "Both",
                "prior": "NONE",
                "pathway": "REACTOME_INCRETIN_SYNTHESIS_SECRETION_AND_INACTIVATION",
                "condition.1": "Both",
                "source": "FFAR1",
                "target": "GATA4"
            }
        },
        {
            "data": {
                "node_src": "FFAR1",
                "node_dst": "GCG",
                "condition": "Both",
                "prior": "PRIOR",
                "pathway": "REACTOME_INCRETIN_SYNTHESIS_SECRETION_AND_INACTIVATION",
                "condition.1": "Both",
                "source": "FFAR1",
                "target": "GCG"
            }
        },
        {
            "data": {
                "node_src": "FFAR1",
                "node_dst": "GIP",
                "condition": "Both",
                "prior": "PRIOR",
                "pathway": "REACTOME_INCRETIN_SYNTHESIS_SECRETION_AND_INACTIVATION",
                "condition.1": "Both",
                "source": "FFAR1",
                "target": "GIP"
            }
        },
        {
            "data": {
                "node_src": "FFAR1",
                "node_dst": "GNB3",
                "condition": "C1",
                "prior": "PRIOR",
                "pathway": "REACTOME_INCRETIN_SYNTHESIS_SECRETION_AND_INACTIVATION",
                "condition.1": "GBApPD",
                "source": "FFAR1",
                "target": "GNB3"
            }
        },
        {
            "data": {
                "node_src": "SPCS1",
                "node_dst": "CTNNB1",
                "condition": "Both",
                "prior": "NONE",
                "pathway": "REACTOME_INCRETIN_SYNTHESIS_SECRETION_AND_INACTIVATION",
                "condition.1": "Both",
                "source": "SPCS1",
                "target": "CTNNB1"
            }
        },
        {
            "data": {
                "node_src": "SPCS1",
                "node_dst": "DPP4",
                "condition": "Both",
                "prior": "NONE",
                "pathway": "REACTOME_INCRETIN_SYNTHESIS_SECRETION_AND_INACTIVATION",
                "condition.1": "Both",
                "source": "SPCS1",
                "target": "DPP4"
            }
        },
        {
            "data": {
                "node_src": "SPCS1",
                "node_dst": "GCG",
                "condition": "Both",
                "prior": "PRIOR",
                "pathway": "REACTOME_INCRETIN_SYNTHESIS_SECRETION_AND_INACTIVATION",
                "condition.1": "Both",
                "source": "SPCS1",
                "target": "GCG"
            }
        },
        {
            "data": {
                "node_src": "SPCS1",
                "node_dst": "GIP",
                "condition": "Both",
                "prior": "PRIOR",
                "pathway": "REACTOME_INCRETIN_SYNTHESIS_SECRETION_AND_INACTIVATION",
                "condition.1": "Both",
                "source": "SPCS1",
                "target": "GIP"
            }
        },
        {
            "data": {
                "node_src": "SPCS1",
                "node_dst": "FFAR1",
                "condition": "Both",
                "prior": "NONE",
                "pathway": "REACTOME_INCRETIN_SYNTHESIS_SECRETION_AND_INACTIVATION",
                "condition.1": "Both",
                "source": "SPCS1",
                "target": "FFAR1"
            }
        },
        {
            "data": {
                "node_src": "GRP",
                "node_dst": "CDX2",
                "condition": "Both",
                "prior": "NONE",
                "pathway": "REACTOME_INCRETIN_SYNTHESIS_SECRETION_AND_INACTIVATION",
                "condition.1": "Both",
                "source": "GRP",
                "target": "CDX2"
            }
        },
        {
            "data": {
                "node_src": "GRP",
                "node_dst": "GPR119",
                "condition": "Both",
                "prior": "NONE",
                "pathway": "REACTOME_INCRETIN_SYNTHESIS_SECRETION_AND_INACTIVATION",
                "condition.1": "Both",
                "source": "GRP",
                "target": "GPR119"
            }
        },
        {
            "data": {
                "node_src": "GRP",
                "node_dst": "CTNNB1",
                "condition": "Both",
                "prior": "NONE",
                "pathway": "REACTOME_INCRETIN_SYNTHESIS_SECRETION_AND_INACTIVATION",
                "condition.1": "Both",
                "source": "GRP",
                "target": "CTNNB1"
            }
        },
        {
            "data": {
                "node_src": "GRP",
                "node_dst": "DPP4",
                "condition": "Both",
                "prior": "PRIOR",
                "pathway": "REACTOME_INCRETIN_SYNTHESIS_SECRETION_AND_INACTIVATION",
                "condition.1": "Both",
                "source": "GRP",
                "target": "DPP4"
            }
        },
        {
            "data": {
                "node_src": "GRP",
                "node_dst": "GATA4",
                "condition": "Both",
                "prior": "NONE",
                "pathway": "REACTOME_INCRETIN_SYNTHESIS_SECRETION_AND_INACTIVATION",
                "condition.1": "Both",
                "source": "GRP",
                "target": "GATA4"
            }
        },
        {
            "data": {
                "node_src": "GRP",
                "node_dst": "GCG",
                "condition": "Both",
                "prior": "PRIOR",
                "pathway": "REACTOME_INCRETIN_SYNTHESIS_SECRETION_AND_INACTIVATION",
                "condition.1": "Both",
                "source": "GRP",
                "target": "GCG"
            }
        },
        {
            "data": {
                "node_src": "GRP",
                "node_dst": "GIP",
                "condition": "Both",
                "prior": "NONE",
                "pathway": "REACTOME_INCRETIN_SYNTHESIS_SECRETION_AND_INACTIVATION",
                "condition.1": "Both",
                "source": "GRP",
                "target": "GIP"
            }
        },
        {
            "data": {
                "node_src": "GRP",
                "node_dst": "GNB3",
                "condition": "Both",
                "prior": "PRIOR",
                "pathway": "REACTOME_INCRETIN_SYNTHESIS_SECRETION_AND_INACTIVATION",
                "condition.1": "Both",
                "source": "GRP",
                "target": "GNB3"
            }
        },
        {
            "data": {
                "node_src": "GRP",
                "node_dst": "FFAR1",
                "condition": "Both",
                "prior": "NONE",
                "pathway": "REACTOME_INCRETIN_SYNTHESIS_SECRETION_AND_INACTIVATION",
                "condition.1": "Both",
                "source": "GRP",
                "target": "FFAR1"
            }
        },
        {
            "data": {
                "node_src": "ISL1",
                "node_dst": "GPR119",
                "condition": "Both",
                "prior": "NONE",
                "pathway": "REACTOME_INCRETIN_SYNTHESIS_SECRETION_AND_INACTIVATION",
                "condition.1": "Both",
                "source": "ISL1",
                "target": "GPR119"
            }
        },
        {
            "data": {
                "node_src": "ISL1",
                "node_dst": "CTNNB1",
                "condition": "Both",
                "prior": "NONE",
                "pathway": "REACTOME_INCRETIN_SYNTHESIS_SECRETION_AND_INACTIVATION",
                "condition.1": "Both",
                "source": "ISL1",
                "target": "CTNNB1"
            }
        },
        {
            "data": {
                "node_src": "ISL1",
                "node_dst": "DPP4",
                "condition": "Both",
                "prior": "NONE",
                "pathway": "REACTOME_INCRETIN_SYNTHESIS_SECRETION_AND_INACTIVATION",
                "condition.1": "Both",
                "source": "ISL1",
                "target": "DPP4"
            }
        },
        {
            "data": {
                "node_src": "ISL1",
                "node_dst": "GCG",
                "condition": "Both",
                "prior": "NONE",
                "pathway": "REACTOME_INCRETIN_SYNTHESIS_SECRETION_AND_INACTIVATION",
                "condition.1": "Both",
                "source": "ISL1",
                "target": "GCG"
            }
        },
        {
            "data": {
                "node_src": "ISL1",
                "node_dst": "GIP",
                "condition": "Both",
                "prior": "PRIOR",
                "pathway": "REACTOME_INCRETIN_SYNTHESIS_SECRETION_AND_INACTIVATION",
                "condition.1": "Both",
                "source": "ISL1",
                "target": "GIP"
            }
        },
        {
            "data": {
                "node_src": "ISL1",
                "node_dst": "GNB3",
                "condition": "Both",
                "prior": "NONE",
                "pathway": "REACTOME_INCRETIN_SYNTHESIS_SECRETION_AND_INACTIVATION",
                "condition.1": "Both",
                "source": "ISL1",
                "target": "GNB3"
            }
        },
        {
            "data": {
                "node_src": "ISL1",
                "node_dst": "FFAR1",
                "condition": "Both",
                "prior": "NONE",
                "pathway": "REACTOME_INCRETIN_SYNTHESIS_SECRETION_AND_INACTIVATION",
                "condition.1": "Both",
                "source": "ISL1",
                "target": "FFAR1"
            }
        },
        {
            "data": {
                "node_src": "ISL1",
                "node_dst": "GRP",
                "condition": "Both",
                "prior": "NONE",
                "pathway": "REACTOME_INCRETIN_SYNTHESIS_SECRETION_AND_INACTIVATION",
                "condition.1": "Both",
                "source": "ISL1",
                "target": "GRP"
            }
        },
        {
            "data": {
                "node_src": "PCSK1",
                "node_dst": "CDX2",
                "condition": "Both",
                "prior": "NONE",
                "pathway": "REACTOME_INCRETIN_SYNTHESIS_SECRETION_AND_INACTIVATION",
                "condition.1": "Both",
                "source": "PCSK1",
                "target": "CDX2"
            }
        },
        {
            "data": {
                "node_src": "PCSK1",
                "node_dst": "GPR119",
                "condition": "Both",
                "prior": "NONE",
                "pathway": "REACTOME_INCRETIN_SYNTHESIS_SECRETION_AND_INACTIVATION",
                "condition.1": "Both",
                "source": "PCSK1",
                "target": "GPR119"
            }
        },
        {
            "data": {
                "node_src": "PCSK1",
                "node_dst": "CTNNB1",
                "condition": "Both",
                "prior": "PRIOR",
                "pathway": "REACTOME_INCRETIN_SYNTHESIS_SECRETION_AND_INACTIVATION",
                "condition.1": "Both",
                "source": "PCSK1",
                "target": "CTNNB1"
            }
        },
        {
            "data": {
                "node_src": "PCSK1",
                "node_dst": "DPP4",
                "condition": "Both",
                "prior": "NONE",
                "pathway": "REACTOME_INCRETIN_SYNTHESIS_SECRETION_AND_INACTIVATION",
                "condition.1": "Both",
                "source": "PCSK1",
                "target": "DPP4"
            }
        },
        {
            "data": {
                "node_src": "PCSK1",
                "node_dst": "GCG",
                "condition": "Both",
                "prior": "PRIOR",
                "pathway": "REACTOME_INCRETIN_SYNTHESIS_SECRETION_AND_INACTIVATION",
                "condition.1": "Both",
                "source": "PCSK1",
                "target": "GCG"
            }
        },
        {
            "data": {
                "node_src": "PCSK1",
                "node_dst": "GIP",
                "condition": "Both",
                "prior": "PRIOR",
                "pathway": "REACTOME_INCRETIN_SYNTHESIS_SECRETION_AND_INACTIVATION",
                "condition.1": "Both",
                "source": "PCSK1",
                "target": "GIP"
            }
        },
        {
            "data": {
                "node_src": "PCSK1",
                "node_dst": "GNB3",
                "condition": "Both",
                "prior": "NONE",
                "pathway": "REACTOME_INCRETIN_SYNTHESIS_SECRETION_AND_INACTIVATION",
                "condition.1": "Both",
                "source": "PCSK1",
                "target": "GNB3"
            }
        },
        {
            "data": {
                "node_src": "PCSK1",
                "node_dst": "FFAR1",
                "condition": "Both",
                "prior": "NONE",
                "pathway": "REACTOME_INCRETIN_SYNTHESIS_SECRETION_AND_INACTIVATION",
                "condition.1": "Both",
                "source": "PCSK1",
                "target": "FFAR1"
            }
        },
        {
            "data": {
                "node_src": "PCSK1",
                "node_dst": "GRP",
                "condition": "Both",
                "prior": "NONE",
                "pathway": "REACTOME_INCRETIN_SYNTHESIS_SECRETION_AND_INACTIVATION",
                "condition.1": "Both",
                "source": "PCSK1",
                "target": "GRP"
            }
        },
        {
            "data": {
                "node_src": "PCSK1",
                "node_dst": "ISL1",
                "condition": "C1",
                "prior": "NONE",
                "pathway": "REACTOME_INCRETIN_SYNTHESIS_SECRETION_AND_INACTIVATION",
                "condition.1": "GBApPD",
                "source": "PCSK1",
                "target": "ISL1"
            }
        },
        {
            "data": {
                "node_src": "GNG13",
                "node_dst": "CDX2",
                "condition": "Both",
                "prior": "NONE",
                "pathway": "REACTOME_INCRETIN_SYNTHESIS_SECRETION_AND_INACTIVATION",
                "condition.1": "Both",
                "source": "GNG13",
                "target": "CDX2"
            }
        },
        {
            "data": {
                "node_src": "GNG13",
                "node_dst": "GPR119",
                "condition": "Both",
                "prior": "NONE",
                "pathway": "REACTOME_INCRETIN_SYNTHESIS_SECRETION_AND_INACTIVATION",
                "condition.1": "Both",
                "source": "GNG13",
                "target": "GPR119"
            }
        },
        {
            "data": {
                "node_src": "GNG13",
                "node_dst": "CTNNB1",
                "condition": "Both",
                "prior": "NONE",
                "pathway": "REACTOME_INCRETIN_SYNTHESIS_SECRETION_AND_INACTIVATION",
                "condition.1": "Both",
                "source": "GNG13",
                "target": "CTNNB1"
            }
        },
        {
            "data": {
                "node_src": "GNG13",
                "node_dst": "DPP4",
                "condition": "C1",
                "prior": "NONE",
                "pathway": "REACTOME_INCRETIN_SYNTHESIS_SECRETION_AND_INACTIVATION",
                "condition.1": "GBApPD",
                "source": "GNG13",
                "target": "DPP4"
            }
        },
        {
            "data": {
                "node_src": "GNG13",
                "node_dst": "GATA4",
                "condition": "Both",
                "prior": "NONE",
                "pathway": "REACTOME_INCRETIN_SYNTHESIS_SECRETION_AND_INACTIVATION",
                "condition.1": "Both",
                "source": "GNG13",
                "target": "GATA4"
            }
        },
        {
            "data": {
                "node_src": "GNG13",
                "node_dst": "GCG",
                "condition": "Both",
                "prior": "PRIOR",
                "pathway": "REACTOME_INCRETIN_SYNTHESIS_SECRETION_AND_INACTIVATION",
                "condition.1": "Both",
                "source": "GNG13",
                "target": "GCG"
            }
        },
        {
            "data": {
                "node_src": "GNG13",
                "node_dst": "GIP",
                "condition": "Both",
                "prior": "PRIOR",
                "pathway": "REACTOME_INCRETIN_SYNTHESIS_SECRETION_AND_INACTIVATION",
                "condition.1": "Both",
                "source": "GNG13",
                "target": "GIP"
            }
        },
        {
            "data": {
                "node_src": "GNG13",
                "node_dst": "GNB3",
                "condition": "Both",
                "prior": "PRIOR",
                "pathway": "REACTOME_INCRETIN_SYNTHESIS_SECRETION_AND_INACTIVATION",
                "condition.1": "Both",
                "source": "GNG13",
                "target": "GNB3"
            }
        },
        {
            "data": {
                "node_src": "GNG13",
                "node_dst": "FFAR1",
                "condition": "Both",
                "prior": "PRIOR",
                "pathway": "REACTOME_INCRETIN_SYNTHESIS_SECRETION_AND_INACTIVATION",
                "condition.1": "Both",
                "source": "GNG13",
                "target": "FFAR1"
            }
        },
        {
            "data": {
                "node_src": "GNG13",
                "node_dst": "GRP",
                "condition": "Both",
                "prior": "PRIOR",
                "pathway": "REACTOME_INCRETIN_SYNTHESIS_SECRETION_AND_INACTIVATION",
                "condition.1": "Both",
                "source": "GNG13",
                "target": "GRP"
            }
        },
        {
            "data": {
                "node_src": "GNG13",
                "node_dst": "ISL1",
                "condition": "Both",
                "prior": "NONE",
                "pathway": "REACTOME_INCRETIN_SYNTHESIS_SECRETION_AND_INACTIVATION",
                "condition.1": "Both",
                "source": "GNG13",
                "target": "ISL1"
            }
        },
        {
            "data": {
                "node_src": "GNG13",
                "node_dst": "PCSK1",
                "condition": "Both",
                "prior": "NONE",
                "pathway": "REACTOME_INCRETIN_SYNTHESIS_SECRETION_AND_INACTIVATION",
                "condition.1": "Both",
                "source": "GNG13",
                "target": "PCSK1"
            }
        },
        {
            "data": {
                "node_src": "SPCS3",
                "node_dst": "CDX2",
                "condition": "Both",
                "prior": "NONE",
                "pathway": "REACTOME_INCRETIN_SYNTHESIS_SECRETION_AND_INACTIVATION",
                "condition.1": "Both",
                "source": "SPCS3",
                "target": "CDX2"
            }
        },
        {
            "data": {
                "node_src": "SPCS3",
                "node_dst": "GPR119",
                "condition": "Both",
                "prior": "NONE",
                "pathway": "REACTOME_INCRETIN_SYNTHESIS_SECRETION_AND_INACTIVATION",
                "condition.1": "Both",
                "source": "SPCS3",
                "target": "GPR119"
            }
        },
        {
            "data": {
                "node_src": "SPCS3",
                "node_dst": "DPP4",
                "condition": "Both",
                "prior": "NONE",
                "pathway": "REACTOME_INCRETIN_SYNTHESIS_SECRETION_AND_INACTIVATION",
                "condition.1": "Both",
                "source": "SPCS3",
                "target": "DPP4"
            }
        },
        {
            "data": {
                "node_src": "SPCS3",
                "node_dst": "SEC11A",
                "condition": "Both",
                "prior": "PRIOR",
                "pathway": "REACTOME_INCRETIN_SYNTHESIS_SECRETION_AND_INACTIVATION",
                "condition.1": "Both",
                "source": "SPCS3",
                "target": "SEC11A"
            }
        },
        {
            "data": {
                "node_src": "SPCS3",
                "node_dst": "GATA4",
                "condition": "Both",
                "prior": "NONE",
                "pathway": "REACTOME_INCRETIN_SYNTHESIS_SECRETION_AND_INACTIVATION",
                "condition.1": "Both",
                "source": "SPCS3",
                "target": "GATA4"
            }
        },
        {
            "data": {
                "node_src": "SPCS3",
                "node_dst": "GCG",
                "condition": "Both",
                "prior": "PRIOR",
                "pathway": "REACTOME_INCRETIN_SYNTHESIS_SECRETION_AND_INACTIVATION",
                "condition.1": "Both",
                "source": "SPCS3",
                "target": "GCG"
            }
        },
        {
            "data": {
                "node_src": "SPCS3",
                "node_dst": "GIP",
                "condition": "Both",
                "prior": "PRIOR",
                "pathway": "REACTOME_INCRETIN_SYNTHESIS_SECRETION_AND_INACTIVATION",
                "condition.1": "Both",
                "source": "SPCS3",
                "target": "GIP"
            }
        },
        {
            "data": {
                "node_src": "SPCS3",
                "node_dst": "GNB3",
                "condition": "Both",
                "prior": "NONE",
                "pathway": "REACTOME_INCRETIN_SYNTHESIS_SECRETION_AND_INACTIVATION",
                "condition.1": "Both",
                "source": "SPCS3",
                "target": "GNB3"
            }
        },
        {
            "data": {
                "node_src": "SPCS3",
                "node_dst": "FFAR1",
                "condition": "Both",
                "prior": "NONE",
                "pathway": "REACTOME_INCRETIN_SYNTHESIS_SECRETION_AND_INACTIVATION",
                "condition.1": "Both",
                "source": "SPCS3",
                "target": "FFAR1"
            }
        },
        {
            "data": {
                "node_src": "SPCS3",
                "node_dst": "SPCS1",
                "condition": "Both",
                "prior": "PRIOR",
                "pathway": "REACTOME_INCRETIN_SYNTHESIS_SECRETION_AND_INACTIVATION",
                "condition.1": "Both",
                "source": "SPCS3",
                "target": "SPCS1"
            }
        },
        {
            "data": {
                "node_src": "SPCS3",
                "node_dst": "GRP",
                "condition": "Both",
                "prior": "NONE",
                "pathway": "REACTOME_INCRETIN_SYNTHESIS_SECRETION_AND_INACTIVATION",
                "condition.1": "Both",
                "source": "SPCS3",
                "target": "GRP"
            }
        },
        {
            "data": {
                "node_src": "SPCS3",
                "node_dst": "ISL1",
                "condition": "Both",
                "prior": "NONE",
                "pathway": "REACTOME_INCRETIN_SYNTHESIS_SECRETION_AND_INACTIVATION",
                "condition.1": "Both",
                "source": "SPCS3",
                "target": "ISL1"
            }
        },
        {
            "data": {
                "node_src": "SPCS3",
                "node_dst": "PCSK1",
                "condition": "Both",
                "prior": "NONE",
                "pathway": "REACTOME_INCRETIN_SYNTHESIS_SECRETION_AND_INACTIVATION",
                "condition.1": "Both",
                "source": "SPCS3",
                "target": "PCSK1"
            }
        },
        {
            "data": {
                "node_src": "SPCS3",
                "node_dst": "GNG13",
                "condition": "Both",
                "prior": "NONE",
                "pathway": "REACTOME_INCRETIN_SYNTHESIS_SECRETION_AND_INACTIVATION",
                "condition.1": "Both",
                "source": "SPCS3",
                "target": "GNG13"
            }
        },
        {
            "data": {
                "node_src": "SEC11C",
                "node_dst": "CDX2",
                "condition": "Both",
                "prior": "NONE",
                "pathway": "REACTOME_INCRETIN_SYNTHESIS_SECRETION_AND_INACTIVATION",
                "condition.1": "Both",
                "source": "SEC11C",
                "target": "CDX2"
            }
        },
        {
            "data": {
                "node_src": "SEC11C",
                "node_dst": "GPR119",
                "condition": "Both",
                "prior": "NONE",
                "pathway": "REACTOME_INCRETIN_SYNTHESIS_SECRETION_AND_INACTIVATION",
                "condition.1": "Both",
                "source": "SEC11C",
                "target": "GPR119"
            }
        },
        {
            "data": {
                "node_src": "SEC11C",
                "node_dst": "CTNNB1",
                "condition": "Both",
                "prior": "NONE",
                "pathway": "REACTOME_INCRETIN_SYNTHESIS_SECRETION_AND_INACTIVATION",
                "condition.1": "Both",
                "source": "SEC11C",
                "target": "CTNNB1"
            }
        },
        {
            "data": {
                "node_src": "SEC11C",
                "node_dst": "DPP4",
                "condition": "Both",
                "prior": "NONE",
                "pathway": "REACTOME_INCRETIN_SYNTHESIS_SECRETION_AND_INACTIVATION",
                "condition.1": "Both",
                "source": "SEC11C",
                "target": "DPP4"
            }
        },
        {
            "data": {
                "node_src": "SEC11C",
                "node_dst": "GATA4",
                "condition": "C1",
                "prior": "NONE",
                "pathway": "REACTOME_INCRETIN_SYNTHESIS_SECRETION_AND_INACTIVATION",
                "condition.1": "GBApPD",
                "source": "SEC11C",
                "target": "GATA4"
            }
        },
        {
            "data": {
                "node_src": "SEC11C",
                "node_dst": "GCG",
                "condition": "Both",
                "prior": "PRIOR",
                "pathway": "REACTOME_INCRETIN_SYNTHESIS_SECRETION_AND_INACTIVATION",
                "condition.1": "Both",
                "source": "SEC11C",
                "target": "GCG"
            }
        },
        {
            "data": {
                "node_src": "SEC11C",
                "node_dst": "GIP",
                "condition": "Both",
                "prior": "PRIOR",
                "pathway": "REACTOME_INCRETIN_SYNTHESIS_SECRETION_AND_INACTIVATION",
                "condition.1": "Both",
                "source": "SEC11C",
                "target": "GIP"
            }
        },
        {
            "data": {
                "node_src": "SEC11C",
                "node_dst": "GNB3",
                "condition": "Both",
                "prior": "NONE",
                "pathway": "REACTOME_INCRETIN_SYNTHESIS_SECRETION_AND_INACTIVATION",
                "condition.1": "Both",
                "source": "SEC11C",
                "target": "GNB3"
            }
        },
        {
            "data": {
                "node_src": "SEC11C",
                "node_dst": "FFAR1",
                "condition": "Both",
                "prior": "NONE",
                "pathway": "REACTOME_INCRETIN_SYNTHESIS_SECRETION_AND_INACTIVATION",
                "condition.1": "Both",
                "source": "SEC11C",
                "target": "FFAR1"
            }
        },
        {
            "data": {
                "node_src": "SEC11C",
                "node_dst": "SPCS1",
                "condition": "Both",
                "prior": "PRIOR",
                "pathway": "REACTOME_INCRETIN_SYNTHESIS_SECRETION_AND_INACTIVATION",
                "condition.1": "Both",
                "source": "SEC11C",
                "target": "SPCS1"
            }
        },
        {
            "data": {
                "node_src": "SEC11C",
                "node_dst": "GRP",
                "condition": "C1",
                "prior": "NONE",
                "pathway": "REACTOME_INCRETIN_SYNTHESIS_SECRETION_AND_INACTIVATION",
                "condition.1": "GBApPD",
                "source": "SEC11C",
                "target": "GRP"
            }
        },
        {
            "data": {
                "node_src": "SEC11C",
                "node_dst": "ISL1",
                "condition": "Both",
                "prior": "NONE",
                "pathway": "REACTOME_INCRETIN_SYNTHESIS_SECRETION_AND_INACTIVATION",
                "condition.1": "Both",
                "source": "SEC11C",
                "target": "ISL1"
            }
        },
        {
            "data": {
                "node_src": "SEC11C",
                "node_dst": "PCSK1",
                "condition": "Both",
                "prior": "NONE",
                "pathway": "REACTOME_INCRETIN_SYNTHESIS_SECRETION_AND_INACTIVATION",
                "condition.1": "Both",
                "source": "SEC11C",
                "target": "PCSK1"
            }
        },
        {
            "data": {
                "node_src": "SEC11C",
                "node_dst": "GNG13",
                "condition": "C1",
                "prior": "NONE",
                "pathway": "REACTOME_INCRETIN_SYNTHESIS_SECRETION_AND_INACTIVATION",
                "condition.1": "GBApPD",
                "source": "SEC11C",
                "target": "GNG13"
            }
        },
        {
            "data": {
                "node_src": "DPP4",
                "node_dst": "CTNNB1",
                "condition": "C2",
                "prior": "NONE",
                "pathway": "REACTOME_INCRETIN_SYNTHESIS_SECRETION_AND_INACTIVATION",
                "condition.1": "GBApUnaffected",
                "source": "DPP4",
                "target": "CTNNB1"
            }
        },
        {
            "data": {
                "node_src": "ISL1",
                "node_dst": "GATA4",
                "condition": "C2",
                "prior": "NONE",
                "pathway": "REACTOME_INCRETIN_SYNTHESIS_SECRETION_AND_INACTIVATION",
                "condition.1": "GBApUnaffected",
                "source": "ISL1",
                "target": "GATA4"
            }
        },
        {
            "data": {
                "node_src": "PCSK1",
                "node_dst": "SPCS1",
                "condition": "C2",
                "prior": "NONE",
                "pathway": "REACTOME_INCRETIN_SYNTHESIS_SECRETION_AND_INACTIVATION",
                "condition.1": "GBApUnaffected",
                "source": "PCSK1",
                "target": "SPCS1"
            }
        },
        {
            "data": {
                "node_src": "SPCS3",
                "node_dst": "CTNNB1",
                "condition": "C2",
                "prior": "NONE",
                "pathway": "REACTOME_INCRETIN_SYNTHESIS_SECRETION_AND_INACTIVATION",
                "condition.1": "GBApUnaffected",
                "source": "SPCS3",
                "target": "CTNNB1"
            }
        },
        {
            "data": {
                "node_src": "SEC11C",
                "node_dst": "SEC11A",
                "condition": "C2",
                "prior": "PRIOR",
                "pathway": "REACTOME_INCRETIN_SYNTHESIS_SECRETION_AND_INACTIVATION",
                "condition.1": "GBApUnaffected",
                "source": "SEC11C",
                "target": "SEC11A"
            }
        }
    ]
}

