{
    "metadata": [
        {
            "data": {
                "Both": "Both",
                "C1": "GBApPD",
                "C2": "GBApUnaffected"
            }
        }
    ],
    "nodes": [
        {
            "data": {
                "pathway": "REACTOME_HS_GAG_DEGRADATION",
                "id": "REACTOME_HS_GAG_DEGRADATION"
            }
        },
        {
            "data": {
                "name": "HPSE",
                "mediator.essentiality": false,
                "mediator.specificity": false,
                "mediator": "",
                "id": "HPSE",
                "pathway": "REACTOME_HS_GAG_DEGRADATION",
                "n": 17,
                "parent": "REACTOME_HS_GAG_DEGRADATION"
            }
        },
        {
            "data": {
                "name": "GPC2",
                "mediator.essentiality": true,
                "mediator.specificity": false,
                "mediator": "Essentiality mediator",
                "id": "GPC2",
                "pathway": "REACTOME_HS_GAG_DEGRADATION",
                "n": 17,
                "parent": "REACTOME_HS_GAG_DEGRADATION"
            }
        },
        {
            "data": {
                "name": "GPC5",
                "mediator.essentiality": false,
                "mediator.specificity": false,
                "mediator": "",
                "id": "GPC5",
                "pathway": "REACTOME_HS_GAG_DEGRADATION",
                "n": 17,
                "parent": "REACTOME_HS_GAG_DEGRADATION"
            }
        },
        {
            "data": {
                "name": "GPC3",
                "mediator.essentiality": false,
                "mediator.specificity": false,
                "mediator": "",
                "id": "GPC3",
                "pathway": "REACTOME_HS_GAG_DEGRADATION",
                "n": 17,
                "parent": "REACTOME_HS_GAG_DEGRADATION"
            }
        },
        {
            "data": {
                "name": "GLB1",
                "mediator.essentiality": false,
                "mediator.specificity": false,
                "mediator": "",
                "id": "GLB1",
                "pathway": "REACTOME_HS_GAG_DEGRADATION",
                "n": 17,
                "parent": "REACTOME_HS_GAG_DEGRADATION"
            }
        },
        {
            "data": {
                "name": "GUSB",
                "mediator.essentiality": false,
                "mediator.specificity": false,
                "mediator": "",
                "id": "GUSB",
                "pathway": "REACTOME_HS_GAG_DEGRADATION",
                "n": 17,
                "parent": "REACTOME_HS_GAG_DEGRADATION"
            }
        },
        {
            "data": {
                "name": "IDS",
                "mediator.essentiality": false,
                "mediator.specificity": false,
                "mediator": "",
                "id": "IDS",
                "pathway": "REACTOME_HS_GAG_DEGRADATION",
                "n": 17,
                "parent": "REACTOME_HS_GAG_DEGRADATION"
            }
        },
        {
            "data": {
                "name": "IDUA",
                "mediator.essentiality": false,
                "mediator.specificity": false,
                "mediator": "",
                "id": "IDUA",
                "pathway": "REACTOME_HS_GAG_DEGRADATION",
                "n": 17,
                "parent": "REACTOME_HS_GAG_DEGRADATION"
            }
        },
        {
            "data": {
                "name": "AGRN",
                "mediator.essentiality": false,
                "mediator.specificity": false,
                "mediator": "",
                "id": "AGRN",
                "pathway": "REACTOME_HS_GAG_DEGRADATION",
                "n": 17,
                "parent": "REACTOME_HS_GAG_DEGRADATION"
            }
        },
        {
            "data": {
                "name": "NAGLU",
                "mediator.essentiality": false,
                "mediator.specificity": false,
                "mediator": "",
                "id": "NAGLU",
                "pathway": "REACTOME_HS_GAG_DEGRADATION",
                "n": 17,
                "parent": "REACTOME_HS_GAG_DEGRADATION"
            }
        },
        {
            "data": {
                "name": "HPSE2",
                "mediator.essentiality": false,
                "mediator.specificity": false,
                "mediator": "",
                "id": "HPSE2",
                "pathway": "REACTOME_HS_GAG_DEGRADATION",
                "n": 17,
                "parent": "REACTOME_HS_GAG_DEGRADATION"
            }
        },
        {
            "data": {
                "name": "SDC1",
                "mediator.essentiality": false,
                "mediator.specificity": false,
                "mediator": "",
                "id": "SDC1",
                "pathway": "REACTOME_HS_GAG_DEGRADATION",
                "n": 17,
                "parent": "REACTOME_HS_GAG_DEGRADATION"
            }
        },
        {
            "data": {
                "name": "SDC2",
                "mediator.essentiality": false,
                "mediator.specificity": false,
                "mediator": "",
                "id": "SDC2",
                "pathway": "REACTOME_HS_GAG_DEGRADATION",
                "n": 17,
                "parent": "REACTOME_HS_GAG_DEGRADATION"
            }
        },
        {
            "data": {
                "name": "SDC4",
                "mediator.essentiality": false,
                "mediator.specificity": false,
                "mediator": "",
                "id": "SDC4",
                "pathway": "REACTOME_HS_GAG_DEGRADATION",
                "n": 17,
                "parent": "REACTOME_HS_GAG_DEGRADATION"
            }
        },
        {
            "data": {
                "name": "SGSH",
                "mediator.essentiality": true,
                "mediator.specificity": false,
                "mediator": "Essentiality mediator",
                "id": "SGSH",
                "pathway": "REACTOME_HS_GAG_DEGRADATION",
                "n": 17,
                "parent": "REACTOME_HS_GAG_DEGRADATION"
            }
        },
        {
            "data": {
                "name": "SDC3",
                "mediator.essentiality": false,
                "mediator.specificity": false,
                "mediator": "",
                "id": "SDC3",
                "pathway": "REACTOME_HS_GAG_DEGRADATION",
                "n": 17,
                "parent": "REACTOME_HS_GAG_DEGRADATION"
            }
        },
        {
            "data": {
                "name": "GPC6",
                "mediator.essentiality": false,
                "mediator.specificity": false,
                "mediator": "",
                "id": "GPC6",
                "pathway": "REACTOME_HS_GAG_DEGRADATION",
                "n": 17,
                "parent": "REACTOME_HS_GAG_DEGRADATION"
            }
        }
    ],
    "edges": [
        {
            "data": {
                "node_src": "HPSE",
                "node_dst": "GPC6",
                "condition": "Both",
                "prior": "PRIOR",
                "pathway": "REACTOME_HS_GAG_DEGRADATION",
                "condition.1": "Both",
                "source": "HPSE",
                "target": "GPC6"
            }
        },
        {
            "data": {
                "node_src": "GPC2",
                "node_dst": "GPC6",
                "condition": "Both",
                "prior": "NONE",
                "pathway": "REACTOME_HS_GAG_DEGRADATION",
                "condition.1": "Both",
                "source": "GPC2",
                "target": "GPC6"
            }
        },
        {
            "data": {
                "node_src": "GPC2",
                "node_dst": "HPSE",
                "condition": "Both",
                "prior": "PRIOR",
                "pathway": "REACTOME_HS_GAG_DEGRADATION",
                "condition.1": "Both",
                "source": "GPC2",
                "target": "HPSE"
            }
        },
        {
            "data": {
                "node_src": "GPC5",
                "node_dst": "GPC6",
                "condition": "Both",
                "prior": "NONE",
                "pathway": "REACTOME_HS_GAG_DEGRADATION",
                "condition.1": "Both",
                "source": "GPC5",
                "target": "GPC6"
            }
        },
        {
            "data": {
                "node_src": "GPC5",
                "node_dst": "HPSE",
                "condition": "Both",
                "prior": "PRIOR",
                "pathway": "REACTOME_HS_GAG_DEGRADATION",
                "condition.1": "Both",
                "source": "GPC5",
                "target": "HPSE"
            }
        },
        {
            "data": {
                "node_src": "GPC5",
                "node_dst": "GPC2",
                "condition": "Both",
                "prior": "NONE",
                "pathway": "REACTOME_HS_GAG_DEGRADATION",
                "condition.1": "Both",
                "source": "GPC5",
                "target": "GPC2"
            }
        },
        {
            "data": {
                "node_src": "GPC3",
                "node_dst": "HPSE",
                "condition": "Both",
                "prior": "PRIOR",
                "pathway": "REACTOME_HS_GAG_DEGRADATION",
                "condition.1": "Both",
                "source": "GPC3",
                "target": "HPSE"
            }
        },
        {
            "data": {
                "node_src": "GPC3",
                "node_dst": "GPC2",
                "condition": "Both",
                "prior": "NONE",
                "pathway": "REACTOME_HS_GAG_DEGRADATION",
                "condition.1": "Both",
                "source": "GPC3",
                "target": "GPC2"
            }
        },
        {
            "data": {
                "node_src": "GPC3",
                "node_dst": "GPC5",
                "condition": "Both",
                "prior": "NONE",
                "pathway": "REACTOME_HS_GAG_DEGRADATION",
                "condition.1": "Both",
                "source": "GPC3",
                "target": "GPC5"
            }
        },
        {
            "data": {
                "node_src": "GLB1",
                "node_dst": "GPC6",
                "condition": "Both",
                "prior": "NONE",
                "pathway": "REACTOME_HS_GAG_DEGRADATION",
                "condition.1": "Both",
                "source": "GLB1",
                "target": "GPC6"
            }
        },
        {
            "data": {
                "node_src": "GLB1",
                "node_dst": "HPSE",
                "condition": "Both",
                "prior": "NONE",
                "pathway": "REACTOME_HS_GAG_DEGRADATION",
                "condition.1": "Both",
                "source": "GLB1",
                "target": "HPSE"
            }
        },
        {
            "data": {
                "node_src": "GLB1",
                "node_dst": "GPC2",
                "condition": "Both",
                "prior": "NONE",
                "pathway": "REACTOME_HS_GAG_DEGRADATION",
                "condition.1": "Both",
                "source": "GLB1",
                "target": "GPC2"
            }
        },
        {
            "data": {
                "node_src": "GLB1",
                "node_dst": "GPC5",
                "condition": "Both",
                "prior": "NONE",
                "pathway": "REACTOME_HS_GAG_DEGRADATION",
                "condition.1": "Both",
                "source": "GLB1",
                "target": "GPC5"
            }
        },
        {
            "data": {
                "node_src": "GLB1",
                "node_dst": "GPC3",
                "condition": "Both",
                "prior": "NONE",
                "pathway": "REACTOME_HS_GAG_DEGRADATION",
                "condition.1": "Both",
                "source": "GLB1",
                "target": "GPC3"
            }
        },
        {
            "data": {
                "node_src": "GUSB",
                "node_dst": "GPC6",
                "condition": "Both",
                "prior": "NONE",
                "pathway": "REACTOME_HS_GAG_DEGRADATION",
                "condition.1": "Both",
                "source": "GUSB",
                "target": "GPC6"
            }
        },
        {
            "data": {
                "node_src": "GUSB",
                "node_dst": "HPSE",
                "condition": "Both",
                "prior": "NONE",
                "pathway": "REACTOME_HS_GAG_DEGRADATION",
                "condition.1": "Both",
                "source": "GUSB",
                "target": "HPSE"
            }
        },
        {
            "data": {
                "node_src": "GUSB",
                "node_dst": "GPC2",
                "condition": "Both",
                "prior": "NONE",
                "pathway": "REACTOME_HS_GAG_DEGRADATION",
                "condition.1": "Both",
                "source": "GUSB",
                "target": "GPC2"
            }
        },
        {
            "data": {
                "node_src": "GUSB",
                "node_dst": "GPC5",
                "condition": "Both",
                "prior": "NONE",
                "pathway": "REACTOME_HS_GAG_DEGRADATION",
                "condition.1": "Both",
                "source": "GUSB",
                "target": "GPC5"
            }
        },
        {
            "data": {
                "node_src": "IDS",
                "node_dst": "GPC6",
                "condition": "Both",
                "prior": "NONE",
                "pathway": "REACTOME_HS_GAG_DEGRADATION",
                "condition.1": "Both",
                "source": "IDS",
                "target": "GPC6"
            }
        },
        {
            "data": {
                "node_src": "IDS",
                "node_dst": "GPC2",
                "condition": "Both",
                "prior": "NONE",
                "pathway": "REACTOME_HS_GAG_DEGRADATION",
                "condition.1": "Both",
                "source": "IDS",
                "target": "GPC2"
            }
        },
        {
            "data": {
                "node_src": "IDS",
                "node_dst": "GPC5",
                "condition": "C1",
                "prior": "NONE",
                "pathway": "REACTOME_HS_GAG_DEGRADATION",
                "condition.1": "GBApPD",
                "source": "IDS",
                "target": "GPC5"
            }
        },
        {
            "data": {
                "node_src": "IDS",
                "node_dst": "GPC3",
                "condition": "Both",
                "prior": "NONE",
                "pathway": "REACTOME_HS_GAG_DEGRADATION",
                "condition.1": "Both",
                "source": "IDS",
                "target": "GPC3"
            }
        },
        {
            "data": {
                "node_src": "IDS",
                "node_dst": "GLB1",
                "condition": "Both",
                "prior": "NONE",
                "pathway": "REACTOME_HS_GAG_DEGRADATION",
                "condition.1": "Both",
                "source": "IDS",
                "target": "GLB1"
            }
        },
        {
            "data": {
                "node_src": "IDS",
                "node_dst": "GUSB",
                "condition": "Both",
                "prior": "NONE",
                "pathway": "REACTOME_HS_GAG_DEGRADATION",
                "condition.1": "Both",
                "source": "IDS",
                "target": "GUSB"
            }
        },
        {
            "data": {
                "node_src": "IDUA",
                "node_dst": "HPSE",
                "condition": "Both",
                "prior": "PRIOR",
                "pathway": "REACTOME_HS_GAG_DEGRADATION",
                "condition.1": "Both",
                "source": "IDUA",
                "target": "HPSE"
            }
        },
        {
            "data": {
                "node_src": "IDUA",
                "node_dst": "GPC2",
                "condition": "Both",
                "prior": "NONE",
                "pathway": "REACTOME_HS_GAG_DEGRADATION",
                "condition.1": "Both",
                "source": "IDUA",
                "target": "GPC2"
            }
        },
        {
            "data": {
                "node_src": "IDUA",
                "node_dst": "GLB1",
                "condition": "Both",
                "prior": "NONE",
                "pathway": "REACTOME_HS_GAG_DEGRADATION",
                "condition.1": "Both",
                "source": "IDUA",
                "target": "GLB1"
            }
        },
        {
            "data": {
                "node_src": "IDUA",
                "node_dst": "GUSB",
                "condition": "Both",
                "prior": "NONE",
                "pathway": "REACTOME_HS_GAG_DEGRADATION",
                "condition.1": "Both",
                "source": "IDUA",
                "target": "GUSB"
            }
        },
        {
            "data": {
                "node_src": "IDUA",
                "node_dst": "IDS",
                "condition": "Both",
                "prior": "PRIOR",
                "pathway": "REACTOME_HS_GAG_DEGRADATION",
                "condition.1": "Both",
                "source": "IDUA",
                "target": "IDS"
            }
        },
        {
            "data": {
                "node_src": "AGRN",
                "node_dst": "GPC6",
                "condition": "Both",
                "prior": "NONE",
                "pathway": "REACTOME_HS_GAG_DEGRADATION",
                "condition.1": "Both",
                "source": "AGRN",
                "target": "GPC6"
            }
        },
        {
            "data": {
                "node_src": "AGRN",
                "node_dst": "HPSE",
                "condition": "Both",
                "prior": "PRIOR",
                "pathway": "REACTOME_HS_GAG_DEGRADATION",
                "condition.1": "Both",
                "source": "AGRN",
                "target": "HPSE"
            }
        },
        {
            "data": {
                "node_src": "AGRN",
                "node_dst": "GPC5",
                "condition": "Both",
                "prior": "NONE",
                "pathway": "REACTOME_HS_GAG_DEGRADATION",
                "condition.1": "Both",
                "source": "AGRN",
                "target": "GPC5"
            }
        },
        {
            "data": {
                "node_src": "AGRN",
                "node_dst": "GPC3",
                "condition": "Both",
                "prior": "NONE",
                "pathway": "REACTOME_HS_GAG_DEGRADATION",
                "condition.1": "Both",
                "source": "AGRN",
                "target": "GPC3"
            }
        },
        {
            "data": {
                "node_src": "AGRN",
                "node_dst": "GLB1",
                "condition": "Both",
                "prior": "NONE",
                "pathway": "REACTOME_HS_GAG_DEGRADATION",
                "condition.1": "Both",
                "source": "AGRN",
                "target": "GLB1"
            }
        },
        {
            "data": {
                "node_src": "AGRN",
                "node_dst": "GUSB",
                "condition": "Both",
                "prior": "NONE",
                "pathway": "REACTOME_HS_GAG_DEGRADATION",
                "condition.1": "Both",
                "source": "AGRN",
                "target": "GUSB"
            }
        },
        {
            "data": {
                "node_src": "AGRN",
                "node_dst": "IDS",
                "condition": "Both",
                "prior": "PRIOR",
                "pathway": "REACTOME_HS_GAG_DEGRADATION",
                "condition.1": "Both",
                "source": "AGRN",
                "target": "IDS"
            }
        },
        {
            "data": {
                "node_src": "AGRN",
                "node_dst": "IDUA",
                "condition": "Both",
                "prior": "NONE",
                "pathway": "REACTOME_HS_GAG_DEGRADATION",
                "condition.1": "Both",
                "source": "AGRN",
                "target": "IDUA"
            }
        },
        {
            "data": {
                "node_src": "NAGLU",
                "node_dst": "GPC6",
                "condition": "Both",
                "prior": "NONE",
                "pathway": "REACTOME_HS_GAG_DEGRADATION",
                "condition.1": "Both",
                "source": "NAGLU",
                "target": "GPC6"
            }
        },
        {
            "data": {
                "node_src": "NAGLU",
                "node_dst": "HPSE",
                "condition": "Both",
                "prior": "NONE",
                "pathway": "REACTOME_HS_GAG_DEGRADATION",
                "condition.1": "Both",
                "source": "NAGLU",
                "target": "HPSE"
            }
        },
        {
            "data": {
                "node_src": "NAGLU",
                "node_dst": "GPC2",
                "condition": "Both",
                "prior": "NONE",
                "pathway": "REACTOME_HS_GAG_DEGRADATION",
                "condition.1": "Both",
                "source": "NAGLU",
                "target": "GPC2"
            }
        },
        {
            "data": {
                "node_src": "NAGLU",
                "node_dst": "GPC5",
                "condition": "Both",
                "prior": "NONE",
                "pathway": "REACTOME_HS_GAG_DEGRADATION",
                "condition.1": "Both",
                "source": "NAGLU",
                "target": "GPC5"
            }
        },
        {
            "data": {
                "node_src": "NAGLU",
                "node_dst": "GPC3",
                "condition": "Both",
                "prior": "NONE",
                "pathway": "REACTOME_HS_GAG_DEGRADATION",
                "condition.1": "Both",
                "source": "NAGLU",
                "target": "GPC3"
            }
        },
        {
            "data": {
                "node_src": "NAGLU",
                "node_dst": "GLB1",
                "condition": "Both",
                "prior": "NONE",
                "pathway": "REACTOME_HS_GAG_DEGRADATION",
                "condition.1": "Both",
                "source": "NAGLU",
                "target": "GLB1"
            }
        },
        {
            "data": {
                "node_src": "NAGLU",
                "node_dst": "IDS",
                "condition": "Both",
                "prior": "PRIOR",
                "pathway": "REACTOME_HS_GAG_DEGRADATION",
                "condition.1": "Both",
                "source": "NAGLU",
                "target": "IDS"
            }
        },
        {
            "data": {
                "node_src": "NAGLU",
                "node_dst": "IDUA",
                "condition": "Both",
                "prior": "NONE",
                "pathway": "REACTOME_HS_GAG_DEGRADATION",
                "condition.1": "Both",
                "source": "NAGLU",
                "target": "IDUA"
            }
        },
        {
            "data": {
                "node_src": "NAGLU",
                "node_dst": "AGRN",
                "condition": "Both",
                "prior": "NONE",
                "pathway": "REACTOME_HS_GAG_DEGRADATION",
                "condition.1": "Both",
                "source": "NAGLU",
                "target": "AGRN"
            }
        },
        {
            "data": {
                "node_src": "HPSE2",
                "node_dst": "GPC6",
                "condition": "C1",
                "prior": "PRIOR",
                "pathway": "REACTOME_HS_GAG_DEGRADATION",
                "condition.1": "GBApPD",
                "source": "HPSE2",
                "target": "GPC6"
            }
        },
        {
            "data": {
                "node_src": "HPSE2",
                "node_dst": "HPSE",
                "condition": "C1",
                "prior": "NONE",
                "pathway": "REACTOME_HS_GAG_DEGRADATION",
                "condition.1": "GBApPD",
                "source": "HPSE2",
                "target": "HPSE"
            }
        },
        {
            "data": {
                "node_src": "HPSE2",
                "node_dst": "GPC2",
                "condition": "Both",
                "prior": "PRIOR",
                "pathway": "REACTOME_HS_GAG_DEGRADATION",
                "condition.1": "Both",
                "source": "HPSE2",
                "target": "GPC2"
            }
        },
        {
            "data": {
                "node_src": "HPSE2",
                "node_dst": "GPC5",
                "condition": "Both",
                "prior": "PRIOR",
                "pathway": "REACTOME_HS_GAG_DEGRADATION",
                "condition.1": "Both",
                "source": "HPSE2",
                "target": "GPC5"
            }
        },
        {
            "data": {
                "node_src": "HPSE2",
                "node_dst": "GPC3",
                "condition": "Both",
                "prior": "PRIOR",
                "pathway": "REACTOME_HS_GAG_DEGRADATION",
                "condition.1": "Both",
                "source": "HPSE2",
                "target": "GPC3"
            }
        },
        {
            "data": {
                "node_src": "HPSE2",
                "node_dst": "GLB1",
                "condition": "Both",
                "prior": "NONE",
                "pathway": "REACTOME_HS_GAG_DEGRADATION",
                "condition.1": "Both",
                "source": "HPSE2",
                "target": "GLB1"
            }
        },
        {
            "data": {
                "node_src": "HPSE2",
                "node_dst": "GUSB",
                "condition": "C1",
                "prior": "NONE",
                "pathway": "REACTOME_HS_GAG_DEGRADATION",
                "condition.1": "GBApPD",
                "source": "HPSE2",
                "target": "GUSB"
            }
        },
        {
            "data": {
                "node_src": "HPSE2",
                "node_dst": "IDS",
                "condition": "Both",
                "prior": "NONE",
                "pathway": "REACTOME_HS_GAG_DEGRADATION",
                "condition.1": "Both",
                "source": "HPSE2",
                "target": "IDS"
            }
        },
        {
            "data": {
                "node_src": "HPSE2",
                "node_dst": "AGRN",
                "condition": "Both",
                "prior": "PRIOR",
                "pathway": "REACTOME_HS_GAG_DEGRADATION",
                "condition.1": "Both",
                "source": "HPSE2",
                "target": "AGRN"
            }
        },
        {
            "data": {
                "node_src": "HPSE2",
                "node_dst": "NAGLU",
                "condition": "Both",
                "prior": "NONE",
                "pathway": "REACTOME_HS_GAG_DEGRADATION",
                "condition.1": "Both",
                "source": "HPSE2",
                "target": "NAGLU"
            }
        },
        {
            "data": {
                "node_src": "SDC1",
                "node_dst": "HPSE",
                "condition": "Both",
                "prior": "PRIOR",
                "pathway": "REACTOME_HS_GAG_DEGRADATION",
                "condition.1": "Both",
                "source": "SDC1",
                "target": "HPSE"
            }
        },
        {
            "data": {
                "node_src": "SDC1",
                "node_dst": "GPC2",
                "condition": "Both",
                "prior": "NONE",
                "pathway": "REACTOME_HS_GAG_DEGRADATION",
                "condition.1": "Both",
                "source": "SDC1",
                "target": "GPC2"
            }
        },
        {
            "data": {
                "node_src": "SDC1",
                "node_dst": "GPC5",
                "condition": "Both",
                "prior": "NONE",
                "pathway": "REACTOME_HS_GAG_DEGRADATION",
                "condition.1": "Both",
                "source": "SDC1",
                "target": "GPC5"
            }
        },
        {
            "data": {
                "node_src": "SDC1",
                "node_dst": "GPC3",
                "condition": "Both",
                "prior": "NONE",
                "pathway": "REACTOME_HS_GAG_DEGRADATION",
                "condition.1": "Both",
                "source": "SDC1",
                "target": "GPC3"
            }
        },
        {
            "data": {
                "node_src": "SDC1",
                "node_dst": "GLB1",
                "condition": "Both",
                "prior": "NONE",
                "pathway": "REACTOME_HS_GAG_DEGRADATION",
                "condition.1": "Both",
                "source": "SDC1",
                "target": "GLB1"
            }
        },
        {
            "data": {
                "node_src": "SDC1",
                "node_dst": "IDS",
                "condition": "Both",
                "prior": "NONE",
                "pathway": "REACTOME_HS_GAG_DEGRADATION",
                "condition.1": "Both",
                "source": "SDC1",
                "target": "IDS"
            }
        },
        {
            "data": {
                "node_src": "SDC1",
                "node_dst": "AGRN",
                "condition": "Both",
                "prior": "NONE",
                "pathway": "REACTOME_HS_GAG_DEGRADATION",
                "condition.1": "Both",
                "source": "SDC1",
                "target": "AGRN"
            }
        },
        {
            "data": {
                "node_src": "SDC1",
                "node_dst": "NAGLU",
                "condition": "Both",
                "prior": "NONE",
                "pathway": "REACTOME_HS_GAG_DEGRADATION",
                "condition.1": "Both",
                "source": "SDC1",
                "target": "NAGLU"
            }
        },
        {
            "data": {
                "node_src": "SDC1",
                "node_dst": "HPSE2",
                "condition": "C1",
                "prior": "PRIOR",
                "pathway": "REACTOME_HS_GAG_DEGRADATION",
                "condition.1": "GBApPD",
                "source": "SDC1",
                "target": "HPSE2"
            }
        },
        {
            "data": {
                "node_src": "SDC2",
                "node_dst": "GPC6",
                "condition": "Both",
                "prior": "NONE",
                "pathway": "REACTOME_HS_GAG_DEGRADATION",
                "condition.1": "Both",
                "source": "SDC2",
                "target": "GPC6"
            }
        },
        {
            "data": {
                "node_src": "SDC2",
                "node_dst": "HPSE",
                "condition": "Both",
                "prior": "PRIOR",
                "pathway": "REACTOME_HS_GAG_DEGRADATION",
                "condition.1": "Both",
                "source": "SDC2",
                "target": "HPSE"
            }
        },
        {
            "data": {
                "node_src": "SDC2",
                "node_dst": "GPC2",
                "condition": "Both",
                "prior": "NONE",
                "pathway": "REACTOME_HS_GAG_DEGRADATION",
                "condition.1": "Both",
                "source": "SDC2",
                "target": "GPC2"
            }
        },
        {
            "data": {
                "node_src": "SDC2",
                "node_dst": "GPC5",
                "condition": "Both",
                "prior": "NONE",
                "pathway": "REACTOME_HS_GAG_DEGRADATION",
                "condition.1": "Both",
                "source": "SDC2",
                "target": "GPC5"
            }
        },
        {
            "data": {
                "node_src": "SDC2",
                "node_dst": "HPSE2",
                "condition": "Both",
                "prior": "PRIOR",
                "pathway": "REACTOME_HS_GAG_DEGRADATION",
                "condition.1": "Both",
                "source": "SDC2",
                "target": "HPSE2"
            }
        },
        {
            "data": {
                "node_src": "SDC2",
                "node_dst": "SDC1",
                "condition": "Both",
                "prior": "PRIOR",
                "pathway": "REACTOME_HS_GAG_DEGRADATION",
                "condition.1": "Both",
                "source": "SDC2",
                "target": "SDC1"
            }
        },
        {
            "data": {
                "node_src": "SDC4",
                "node_dst": "GPC6",
                "condition": "Both",
                "prior": "NONE",
                "pathway": "REACTOME_HS_GAG_DEGRADATION",
                "condition.1": "Both",
                "source": "SDC4",
                "target": "GPC6"
            }
        },
        {
            "data": {
                "node_src": "SDC4",
                "node_dst": "HPSE",
                "condition": "Both",
                "prior": "PRIOR",
                "pathway": "REACTOME_HS_GAG_DEGRADATION",
                "condition.1": "Both",
                "source": "SDC4",
                "target": "HPSE"
            }
        },
        {
            "data": {
                "node_src": "SDC4",
                "node_dst": "GPC2",
                "condition": "Both",
                "prior": "NONE",
                "pathway": "REACTOME_HS_GAG_DEGRADATION",
                "condition.1": "Both",
                "source": "SDC4",
                "target": "GPC2"
            }
        },
        {
            "data": {
                "node_src": "SDC4",
                "node_dst": "GPC5",
                "condition": "Both",
                "prior": "NONE",
                "pathway": "REACTOME_HS_GAG_DEGRADATION",
                "condition.1": "Both",
                "source": "SDC4",
                "target": "GPC5"
            }
        },
        {
            "data": {
                "node_src": "SDC4",
                "node_dst": "GPC3",
                "condition": "Both",
                "prior": "NONE",
                "pathway": "REACTOME_HS_GAG_DEGRADATION",
                "condition.1": "Both",
                "source": "SDC4",
                "target": "GPC3"
            }
        },
        {
            "data": {
                "node_src": "SDC4",
                "node_dst": "GLB1",
                "condition": "Both",
                "prior": "NONE",
                "pathway": "REACTOME_HS_GAG_DEGRADATION",
                "condition.1": "Both",
                "source": "SDC4",
                "target": "GLB1"
            }
        },
        {
            "data": {
                "node_src": "SDC4",
                "node_dst": "GUSB",
                "condition": "Both",
                "prior": "NONE",
                "pathway": "REACTOME_HS_GAG_DEGRADATION",
                "condition.1": "Both",
                "source": "SDC4",
                "target": "GUSB"
            }
        },
        {
            "data": {
                "node_src": "SDC4",
                "node_dst": "IDS",
                "condition": "Both",
                "prior": "NONE",
                "pathway": "REACTOME_HS_GAG_DEGRADATION",
                "condition.1": "Both",
                "source": "SDC4",
                "target": "IDS"
            }
        },
        {
            "data": {
                "node_src": "SDC4",
                "node_dst": "IDUA",
                "condition": "Both",
                "prior": "NONE",
                "pathway": "REACTOME_HS_GAG_DEGRADATION",
                "condition.1": "Both",
                "source": "SDC4",
                "target": "IDUA"
            }
        },
        {
            "data": {
                "node_src": "SDC4",
                "node_dst": "AGRN",
                "condition": "Both",
                "prior": "NONE",
                "pathway": "REACTOME_HS_GAG_DEGRADATION",
                "condition.1": "Both",
                "source": "SDC4",
                "target": "AGRN"
            }
        },
        {
            "data": {
                "node_src": "SDC4",
                "node_dst": "NAGLU",
                "condition": "C1",
                "prior": "NONE",
                "pathway": "REACTOME_HS_GAG_DEGRADATION",
                "condition.1": "GBApPD",
                "source": "SDC4",
                "target": "NAGLU"
            }
        },
        {
            "data": {
                "node_src": "SDC4",
                "node_dst": "HPSE2",
                "condition": "Both",
                "prior": "PRIOR",
                "pathway": "REACTOME_HS_GAG_DEGRADATION",
                "condition.1": "Both",
                "source": "SDC4",
                "target": "HPSE2"
            }
        },
        {
            "data": {
                "node_src": "SDC4",
                "node_dst": "SDC2",
                "condition": "Both",
                "prior": "PRIOR",
                "pathway": "REACTOME_HS_GAG_DEGRADATION",
                "condition.1": "Both",
                "source": "SDC4",
                "target": "SDC2"
            }
        },
        {
            "data": {
                "node_src": "SGSH",
                "node_dst": "GPC6",
                "condition": "C1",
                "prior": "NONE",
                "pathway": "REACTOME_HS_GAG_DEGRADATION",
                "condition.1": "GBApPD",
                "source": "SGSH",
                "target": "GPC6"
            }
        },
        {
            "data": {
                "node_src": "SGSH",
                "node_dst": "HPSE",
                "condition": "Both",
                "prior": "NONE",
                "pathway": "REACTOME_HS_GAG_DEGRADATION",
                "condition.1": "Both",
                "source": "SGSH",
                "target": "HPSE"
            }
        },
        {
            "data": {
                "node_src": "SGSH",
                "node_dst": "GPC2",
                "condition": "Both",
                "prior": "NONE",
                "pathway": "REACTOME_HS_GAG_DEGRADATION",
                "condition.1": "Both",
                "source": "SGSH",
                "target": "GPC2"
            }
        },
        {
            "data": {
                "node_src": "SGSH",
                "node_dst": "GPC3",
                "condition": "C1",
                "prior": "NONE",
                "pathway": "REACTOME_HS_GAG_DEGRADATION",
                "condition.1": "GBApPD",
                "source": "SGSH",
                "target": "GPC3"
            }
        },
        {
            "data": {
                "node_src": "SGSH",
                "node_dst": "GLB1",
                "condition": "Both",
                "prior": "NONE",
                "pathway": "REACTOME_HS_GAG_DEGRADATION",
                "condition.1": "Both",
                "source": "SGSH",
                "target": "GLB1"
            }
        },
        {
            "data": {
                "node_src": "SGSH",
                "node_dst": "GUSB",
                "condition": "Both",
                "prior": "PRIOR",
                "pathway": "REACTOME_HS_GAG_DEGRADATION",
                "condition.1": "Both",
                "source": "SGSH",
                "target": "GUSB"
            }
        },
        {
            "data": {
                "node_src": "SGSH",
                "node_dst": "IDS",
                "condition": "Both",
                "prior": "NONE",
                "pathway": "REACTOME_HS_GAG_DEGRADATION",
                "condition.1": "Both",
                "source": "SGSH",
                "target": "IDS"
            }
        },
        {
            "data": {
                "node_src": "SGSH",
                "node_dst": "AGRN",
                "condition": "Both",
                "prior": "NONE",
                "pathway": "REACTOME_HS_GAG_DEGRADATION",
                "condition.1": "Both",
                "source": "SGSH",
                "target": "AGRN"
            }
        },
        {
            "data": {
                "node_src": "SGSH",
                "node_dst": "NAGLU",
                "condition": "Both",
                "prior": "NONE",
                "pathway": "REACTOME_HS_GAG_DEGRADATION",
                "condition.1": "Both",
                "source": "SGSH",
                "target": "NAGLU"
            }
        },
        {
            "data": {
                "node_src": "SGSH",
                "node_dst": "SDC2",
                "condition": "C1",
                "prior": "NONE",
                "pathway": "REACTOME_HS_GAG_DEGRADATION",
                "condition.1": "GBApPD",
                "source": "SGSH",
                "target": "SDC2"
            }
        },
        {
            "data": {
                "node_src": "SGSH",
                "node_dst": "SDC4",
                "condition": "Both",
                "prior": "NONE",
                "pathway": "REACTOME_HS_GAG_DEGRADATION",
                "condition.1": "Both",
                "source": "SGSH",
                "target": "SDC4"
            }
        },
        {
            "data": {
                "node_src": "SDC3",
                "node_dst": "GPC6",
                "condition": "C1",
                "prior": "NONE",
                "pathway": "REACTOME_HS_GAG_DEGRADATION",
                "condition.1": "GBApPD",
                "source": "SDC3",
                "target": "GPC6"
            }
        },
        {
            "data": {
                "node_src": "SDC3",
                "node_dst": "HPSE",
                "condition": "Both",
                "prior": "PRIOR",
                "pathway": "REACTOME_HS_GAG_DEGRADATION",
                "condition.1": "Both",
                "source": "SDC3",
                "target": "HPSE"
            }
        },
        {
            "data": {
                "node_src": "SDC3",
                "node_dst": "GPC5",
                "condition": "Both",
                "prior": "NONE",
                "pathway": "REACTOME_HS_GAG_DEGRADATION",
                "condition.1": "Both",
                "source": "SDC3",
                "target": "GPC5"
            }
        },
        {
            "data": {
                "node_src": "SDC3",
                "node_dst": "GPC3",
                "condition": "Both",
                "prior": "NONE",
                "pathway": "REACTOME_HS_GAG_DEGRADATION",
                "condition.1": "Both",
                "source": "SDC3",
                "target": "GPC3"
            }
        },
        {
            "data": {
                "node_src": "SDC3",
                "node_dst": "GLB1",
                "condition": "Both",
                "prior": "NONE",
                "pathway": "REACTOME_HS_GAG_DEGRADATION",
                "condition.1": "Both",
                "source": "SDC3",
                "target": "GLB1"
            }
        },
        {
            "data": {
                "node_src": "SDC3",
                "node_dst": "GUSB",
                "condition": "Both",
                "prior": "NONE",
                "pathway": "REACTOME_HS_GAG_DEGRADATION",
                "condition.1": "Both",
                "source": "SDC3",
                "target": "GUSB"
            }
        },
        {
            "data": {
                "node_src": "SDC3",
                "node_dst": "IDS",
                "condition": "Both",
                "prior": "NONE",
                "pathway": "REACTOME_HS_GAG_DEGRADATION",
                "condition.1": "Both",
                "source": "SDC3",
                "target": "IDS"
            }
        },
        {
            "data": {
                "node_src": "SDC3",
                "node_dst": "IDUA",
                "condition": "Both",
                "prior": "NONE",
                "pathway": "REACTOME_HS_GAG_DEGRADATION",
                "condition.1": "Both",
                "source": "SDC3",
                "target": "IDUA"
            }
        },
        {
            "data": {
                "node_src": "SDC3",
                "node_dst": "NAGLU",
                "condition": "Both",
                "prior": "NONE",
                "pathway": "REACTOME_HS_GAG_DEGRADATION",
                "condition.1": "Both",
                "source": "SDC3",
                "target": "NAGLU"
            }
        },
        {
            "data": {
                "node_src": "SDC3",
                "node_dst": "HPSE2",
                "condition": "Both",
                "prior": "PRIOR",
                "pathway": "REACTOME_HS_GAG_DEGRADATION",
                "condition.1": "Both",
                "source": "SDC3",
                "target": "HPSE2"
            }
        },
        {
            "data": {
                "node_src": "SDC3",
                "node_dst": "SDC1",
                "condition": "C1",
                "prior": "PRIOR",
                "pathway": "REACTOME_HS_GAG_DEGRADATION",
                "condition.1": "GBApPD",
                "source": "SDC3",
                "target": "SDC1"
            }
        },
        {
            "data": {
                "node_src": "SDC3",
                "node_dst": "SDC2",
                "condition": "Both",
                "prior": "PRIOR",
                "pathway": "REACTOME_HS_GAG_DEGRADATION",
                "condition.1": "Both",
                "source": "SDC3",
                "target": "SDC2"
            }
        },
        {
            "data": {
                "node_src": "SDC3",
                "node_dst": "SDC4",
                "condition": "Both",
                "prior": "PRIOR",
                "pathway": "REACTOME_HS_GAG_DEGRADATION",
                "condition.1": "Both",
                "source": "SDC3",
                "target": "SDC4"
            }
        },
        {
            "data": {
                "node_src": "SDC3",
                "node_dst": "SGSH",
                "condition": "Both",
                "prior": "NONE",
                "pathway": "REACTOME_HS_GAG_DEGRADATION",
                "condition.1": "Both",
                "source": "SDC3",
                "target": "SGSH"
            }
        },
        {
            "data": {
                "node_src": "GPC3",
                "node_dst": "GPC6",
                "condition": "C2",
                "prior": "NONE",
                "pathway": "REACTOME_HS_GAG_DEGRADATION",
                "condition.1": "GBApUnaffected",
                "source": "GPC3",
                "target": "GPC6"
            }
        },
        {
            "data": {
                "node_src": "GUSB",
                "node_dst": "GPC3",
                "condition": "C2",
                "prior": "NONE",
                "pathway": "REACTOME_HS_GAG_DEGRADATION",
                "condition.1": "GBApUnaffected",
                "source": "GUSB",
                "target": "GPC3"
            }
        },
        {
            "data": {
                "node_src": "IDS",
                "node_dst": "HPSE",
                "condition": "C2",
                "prior": "NONE",
                "pathway": "REACTOME_HS_GAG_DEGRADATION",
                "condition.1": "GBApUnaffected",
                "source": "IDS",
                "target": "HPSE"
            }
        },
        {
            "data": {
                "node_src": "IDUA",
                "node_dst": "GPC3",
                "condition": "C2",
                "prior": "NONE",
                "pathway": "REACTOME_HS_GAG_DEGRADATION",
                "condition.1": "GBApUnaffected",
                "source": "IDUA",
                "target": "GPC3"
            }
        },
        {
            "data": {
                "node_src": "SDC1",
                "node_dst": "GUSB",
                "condition": "C2",
                "prior": "NONE",
                "pathway": "REACTOME_HS_GAG_DEGRADATION",
                "condition.1": "GBApUnaffected",
                "source": "SDC1",
                "target": "GUSB"
            }
        },
        {
            "data": {
                "node_src": "SDC2",
                "node_dst": "GLB1",
                "condition": "C2",
                "prior": "NONE",
                "pathway": "REACTOME_HS_GAG_DEGRADATION",
                "condition.1": "GBApUnaffected",
                "source": "SDC2",
                "target": "GLB1"
            }
        },
        {
            "data": {
                "node_src": "SDC2",
                "node_dst": "GUSB",
                "condition": "C2",
                "prior": "NONE",
                "pathway": "REACTOME_HS_GAG_DEGRADATION",
                "condition.1": "GBApUnaffected",
                "source": "SDC2",
                "target": "GUSB"
            }
        },
        {
            "data": {
                "node_src": "SDC2",
                "node_dst": "IDS",
                "condition": "C2",
                "prior": "NONE",
                "pathway": "REACTOME_HS_GAG_DEGRADATION",
                "condition.1": "GBApUnaffected",
                "source": "SDC2",
                "target": "IDS"
            }
        },
        {
            "data": {
                "node_src": "SDC2",
                "node_dst": "AGRN",
                "condition": "C2",
                "prior": "NONE",
                "pathway": "REACTOME_HS_GAG_DEGRADATION",
                "condition.1": "GBApUnaffected",
                "source": "SDC2",
                "target": "AGRN"
            }
        },
        {
            "data": {
                "node_src": "SDC4",
                "node_dst": "SDC1",
                "condition": "C2",
                "prior": "NONE",
                "pathway": "REACTOME_HS_GAG_DEGRADATION",
                "condition.1": "GBApUnaffected",
                "source": "SDC4",
                "target": "SDC1"
            }
        },
        {
            "data": {
                "node_src": "SGSH",
                "node_dst": "GPC5",
                "condition": "C2",
                "prior": "NONE",
                "pathway": "REACTOME_HS_GAG_DEGRADATION",
                "condition.1": "GBApUnaffected",
                "source": "SGSH",
                "target": "GPC5"
            }
        },
        {
            "data": {
                "node_src": "SGSH",
                "node_dst": "IDUA",
                "condition": "C2",
                "prior": "PRIOR",
                "pathway": "REACTOME_HS_GAG_DEGRADATION",
                "condition.1": "GBApUnaffected",
                "source": "SGSH",
                "target": "IDUA"
            }
        }
    ]
}

