{
    "metadata": [
        {
            "data": {
                "Both": "Both",
                "C1": "GBApPD",
                "C2": "GBApUnaffected"
            }
        }
    ],
    "nodes": [
        {
            "data": {
                "pathway": "REACTOME_DOWNREGULATION_OF_TGF_BETA_RECEPTOR_SIGNALING",
                "id": "REACTOME_DOWNREGULATION_OF_TGF_BETA_RECEPTOR_SIGNALING"
            }
        },
        {
            "data": {
                "name": "STRAP",
                "mediator.essentiality": false,
                "mediator.specificity": false,
                "mediator": "",
                "id": "STRAP",
                "pathway": "REACTOME_DOWNREGULATION_OF_TGF_BETA_RECEPTOR_SIGNALING",
                "n": 20,
                "parent": "REACTOME_DOWNREGULATION_OF_TGF_BETA_RECEPTOR_SIGNALING"
            }
        },
        {
            "data": {
                "name": "PPP1R15A",
                "mediator.essentiality": false,
                "mediator.specificity": false,
                "mediator": "",
                "id": "PPP1R15A",
                "pathway": "REACTOME_DOWNREGULATION_OF_TGF_BETA_RECEPTOR_SIGNALING",
                "n": 20,
                "parent": "REACTOME_DOWNREGULATION_OF_TGF_BETA_RECEPTOR_SIGNALING"
            }
        },
        {
            "data": {
                "name": "SMAD2",
                "mediator.essentiality": false,
                "mediator.specificity": false,
                "mediator": "",
                "id": "SMAD2",
                "pathway": "REACTOME_DOWNREGULATION_OF_TGF_BETA_RECEPTOR_SIGNALING",
                "n": 20,
                "parent": "REACTOME_DOWNREGULATION_OF_TGF_BETA_RECEPTOR_SIGNALING"
            }
        },
        {
            "data": {
                "name": "SMAD3",
                "mediator.essentiality": false,
                "mediator.specificity": false,
                "mediator": "",
                "id": "SMAD3",
                "pathway": "REACTOME_DOWNREGULATION_OF_TGF_BETA_RECEPTOR_SIGNALING",
                "n": 20,
                "parent": "REACTOME_DOWNREGULATION_OF_TGF_BETA_RECEPTOR_SIGNALING"
            }
        },
        {
            "data": {
                "name": "SMAD7",
                "mediator.essentiality": false,
                "mediator.specificity": false,
                "mediator": "",
                "id": "SMAD7",
                "pathway": "REACTOME_DOWNREGULATION_OF_TGF_BETA_RECEPTOR_SIGNALING",
                "n": 20,
                "parent": "REACTOME_DOWNREGULATION_OF_TGF_BETA_RECEPTOR_SIGNALING"
            }
        },
        {
            "data": {
                "name": "UCHL5",
                "mediator.essentiality": false,
                "mediator.specificity": false,
                "mediator": "",
                "id": "UCHL5",
                "pathway": "REACTOME_DOWNREGULATION_OF_TGF_BETA_RECEPTOR_SIGNALING",
                "n": 20,
                "parent": "REACTOME_DOWNREGULATION_OF_TGF_BETA_RECEPTOR_SIGNALING"
            }
        },
        {
            "data": {
                "name": "PPP1CA",
                "mediator.essentiality": false,
                "mediator.specificity": false,
                "mediator": "",
                "id": "PPP1CA",
                "pathway": "REACTOME_DOWNREGULATION_OF_TGF_BETA_RECEPTOR_SIGNALING",
                "n": 20,
                "parent": "REACTOME_DOWNREGULATION_OF_TGF_BETA_RECEPTOR_SIGNALING"
            }
        },
        {
            "data": {
                "name": "PPP1CB",
                "mediator.essentiality": false,
                "mediator.specificity": false,
                "mediator": "",
                "id": "PPP1CB",
                "pathway": "REACTOME_DOWNREGULATION_OF_TGF_BETA_RECEPTOR_SIGNALING",
                "n": 20,
                "parent": "REACTOME_DOWNREGULATION_OF_TGF_BETA_RECEPTOR_SIGNALING"
            }
        },
        {
            "data": {
                "name": "PPP1CC",
                "mediator.essentiality": false,
                "mediator.specificity": false,
                "mediator": "",
                "id": "PPP1CC",
                "pathway": "REACTOME_DOWNREGULATION_OF_TGF_BETA_RECEPTOR_SIGNALING",
                "n": 20,
                "parent": "REACTOME_DOWNREGULATION_OF_TGF_BETA_RECEPTOR_SIGNALING"
            }
        },
        {
            "data": {
                "name": "PMEPA1",
                "mediator.essentiality": true,
                "mediator.specificity": false,
                "mediator": "Essentiality mediator",
                "id": "PMEPA1",
                "pathway": "REACTOME_DOWNREGULATION_OF_TGF_BETA_RECEPTOR_SIGNALING",
                "n": 20,
                "parent": "REACTOME_DOWNREGULATION_OF_TGF_BETA_RECEPTOR_SIGNALING"
            }
        },
        {
            "data": {
                "name": "SMURF1",
                "mediator.essentiality": false,
                "mediator.specificity": false,
                "mediator": "",
                "id": "SMURF1",
                "pathway": "REACTOME_DOWNREGULATION_OF_TGF_BETA_RECEPTOR_SIGNALING",
                "n": 20,
                "parent": "REACTOME_DOWNREGULATION_OF_TGF_BETA_RECEPTOR_SIGNALING"
            }
        },
        {
            "data": {
                "name": "RPS27A",
                "mediator.essentiality": false,
                "mediator.specificity": false,
                "mediator": "",
                "id": "RPS27A",
                "pathway": "REACTOME_DOWNREGULATION_OF_TGF_BETA_RECEPTOR_SIGNALING",
                "n": 20,
                "parent": "REACTOME_DOWNREGULATION_OF_TGF_BETA_RECEPTOR_SIGNALING"
            }
        },
        {
            "data": {
                "name": "SMURF2",
                "mediator.essentiality": false,
                "mediator.specificity": false,
                "mediator": "",
                "id": "SMURF2",
                "pathway": "REACTOME_DOWNREGULATION_OF_TGF_BETA_RECEPTOR_SIGNALING",
                "n": 20,
                "parent": "REACTOME_DOWNREGULATION_OF_TGF_BETA_RECEPTOR_SIGNALING"
            }
        },
        {
            "data": {
                "name": "TGFB1",
                "mediator.essentiality": false,
                "mediator.specificity": false,
                "mediator": "",
                "id": "TGFB1",
                "pathway": "REACTOME_DOWNREGULATION_OF_TGF_BETA_RECEPTOR_SIGNALING",
                "n": 20,
                "parent": "REACTOME_DOWNREGULATION_OF_TGF_BETA_RECEPTOR_SIGNALING"
            }
        },
        {
            "data": {
                "name": "TGFBR1",
                "mediator.essentiality": false,
                "mediator.specificity": false,
                "mediator": "",
                "id": "TGFBR1",
                "pathway": "REACTOME_DOWNREGULATION_OF_TGF_BETA_RECEPTOR_SIGNALING",
                "n": 20,
                "parent": "REACTOME_DOWNREGULATION_OF_TGF_BETA_RECEPTOR_SIGNALING"
            }
        },
        {
            "data": {
                "name": "TGFBR2",
                "mediator.essentiality": false,
                "mediator.specificity": false,
                "mediator": "",
                "id": "TGFBR2",
                "pathway": "REACTOME_DOWNREGULATION_OF_TGF_BETA_RECEPTOR_SIGNALING",
                "n": 20,
                "parent": "REACTOME_DOWNREGULATION_OF_TGF_BETA_RECEPTOR_SIGNALING"
            }
        },
        {
            "data": {
                "name": "XPO1",
                "mediator.essentiality": false,
                "mediator.specificity": false,
                "mediator": "",
                "id": "XPO1",
                "pathway": "REACTOME_DOWNREGULATION_OF_TGF_BETA_RECEPTOR_SIGNALING",
                "n": 20,
                "parent": "REACTOME_DOWNREGULATION_OF_TGF_BETA_RECEPTOR_SIGNALING"
            }
        },
        {
            "data": {
                "name": "MTMR4",
                "mediator.essentiality": false,
                "mediator.specificity": false,
                "mediator": "",
                "id": "MTMR4",
                "pathway": "REACTOME_DOWNREGULATION_OF_TGF_BETA_RECEPTOR_SIGNALING",
                "n": 20,
                "parent": "REACTOME_DOWNREGULATION_OF_TGF_BETA_RECEPTOR_SIGNALING"
            }
        },
        {
            "data": {
                "name": "ZFYVE9",
                "mediator.essentiality": false,
                "mediator.specificity": false,
                "mediator": "",
                "id": "ZFYVE9",
                "pathway": "REACTOME_DOWNREGULATION_OF_TGF_BETA_RECEPTOR_SIGNALING",
                "n": 20,
                "parent": "REACTOME_DOWNREGULATION_OF_TGF_BETA_RECEPTOR_SIGNALING"
            }
        },
        {
            "data": {
                "name": "STUB1",
                "mediator.essentiality": false,
                "mediator.specificity": false,
                "mediator": "",
                "id": "STUB1",
                "pathway": "REACTOME_DOWNREGULATION_OF_TGF_BETA_RECEPTOR_SIGNALING",
                "n": 20,
                "parent": "REACTOME_DOWNREGULATION_OF_TGF_BETA_RECEPTOR_SIGNALING"
            }
        }
    ],
    "edges": [
        {
            "data": {
                "node_src": "STRAP",
                "node_dst": "STUB1",
                "condition": "Both",
                "prior": "NONE",
                "pathway": "REACTOME_DOWNREGULATION_OF_TGF_BETA_RECEPTOR_SIGNALING",
                "condition.1": "Both",
                "source": "STRAP",
                "target": "STUB1"
            }
        },
        {
            "data": {
                "node_src": "PPP1R15A",
                "node_dst": "STUB1",
                "condition": "Both",
                "prior": "NONE",
                "pathway": "REACTOME_DOWNREGULATION_OF_TGF_BETA_RECEPTOR_SIGNALING",
                "condition.1": "Both",
                "source": "PPP1R15A",
                "target": "STUB1"
            }
        },
        {
            "data": {
                "node_src": "PPP1R15A",
                "node_dst": "STRAP",
                "condition": "Both",
                "prior": "NONE",
                "pathway": "REACTOME_DOWNREGULATION_OF_TGF_BETA_RECEPTOR_SIGNALING",
                "condition.1": "Both",
                "source": "PPP1R15A",
                "target": "STRAP"
            }
        },
        {
            "data": {
                "node_src": "SMAD2",
                "node_dst": "STUB1",
                "condition": "Both",
                "prior": "PRIOR",
                "pathway": "REACTOME_DOWNREGULATION_OF_TGF_BETA_RECEPTOR_SIGNALING",
                "condition.1": "Both",
                "source": "SMAD2",
                "target": "STUB1"
            }
        },
        {
            "data": {
                "node_src": "SMAD2",
                "node_dst": "STRAP",
                "condition": "Both",
                "prior": "PRIOR",
                "pathway": "REACTOME_DOWNREGULATION_OF_TGF_BETA_RECEPTOR_SIGNALING",
                "condition.1": "Both",
                "source": "SMAD2",
                "target": "STRAP"
            }
        },
        {
            "data": {
                "node_src": "SMAD2",
                "node_dst": "PPP1R15A",
                "condition": "Both",
                "prior": "NONE",
                "pathway": "REACTOME_DOWNREGULATION_OF_TGF_BETA_RECEPTOR_SIGNALING",
                "condition.1": "Both",
                "source": "SMAD2",
                "target": "PPP1R15A"
            }
        },
        {
            "data": {
                "node_src": "SMAD3",
                "node_dst": "STUB1",
                "condition": "Both",
                "prior": "PRIOR",
                "pathway": "REACTOME_DOWNREGULATION_OF_TGF_BETA_RECEPTOR_SIGNALING",
                "condition.1": "Both",
                "source": "SMAD3",
                "target": "STUB1"
            }
        },
        {
            "data": {
                "node_src": "SMAD3",
                "node_dst": "STRAP",
                "condition": "Both",
                "prior": "PRIOR",
                "pathway": "REACTOME_DOWNREGULATION_OF_TGF_BETA_RECEPTOR_SIGNALING",
                "condition.1": "Both",
                "source": "SMAD3",
                "target": "STRAP"
            }
        },
        {
            "data": {
                "node_src": "SMAD3",
                "node_dst": "PPP1R15A",
                "condition": "Both",
                "prior": "NONE",
                "pathway": "REACTOME_DOWNREGULATION_OF_TGF_BETA_RECEPTOR_SIGNALING",
                "condition.1": "Both",
                "source": "SMAD3",
                "target": "PPP1R15A"
            }
        },
        {
            "data": {
                "node_src": "SMAD3",
                "node_dst": "SMAD2",
                "condition": "Both",
                "prior": "PRIOR",
                "pathway": "REACTOME_DOWNREGULATION_OF_TGF_BETA_RECEPTOR_SIGNALING",
                "condition.1": "Both",
                "source": "SMAD3",
                "target": "SMAD2"
            }
        },
        {
            "data": {
                "node_src": "SMAD7",
                "node_dst": "STRAP",
                "condition": "Both",
                "prior": "PRIOR",
                "pathway": "REACTOME_DOWNREGULATION_OF_TGF_BETA_RECEPTOR_SIGNALING",
                "condition.1": "Both",
                "source": "SMAD7",
                "target": "STRAP"
            }
        },
        {
            "data": {
                "node_src": "SMAD7",
                "node_dst": "PPP1R15A",
                "condition": "Both",
                "prior": "PRIOR",
                "pathway": "REACTOME_DOWNREGULATION_OF_TGF_BETA_RECEPTOR_SIGNALING",
                "condition.1": "Both",
                "source": "SMAD7",
                "target": "PPP1R15A"
            }
        },
        {
            "data": {
                "node_src": "SMAD7",
                "node_dst": "SMAD2",
                "condition": "Both",
                "prior": "PRIOR",
                "pathway": "REACTOME_DOWNREGULATION_OF_TGF_BETA_RECEPTOR_SIGNALING",
                "condition.1": "Both",
                "source": "SMAD7",
                "target": "SMAD2"
            }
        },
        {
            "data": {
                "node_src": "UCHL5",
                "node_dst": "STUB1",
                "condition": "Both",
                "prior": "NONE",
                "pathway": "REACTOME_DOWNREGULATION_OF_TGF_BETA_RECEPTOR_SIGNALING",
                "condition.1": "Both",
                "source": "UCHL5",
                "target": "STUB1"
            }
        },
        {
            "data": {
                "node_src": "UCHL5",
                "node_dst": "PPP1R15A",
                "condition": "Both",
                "prior": "NONE",
                "pathway": "REACTOME_DOWNREGULATION_OF_TGF_BETA_RECEPTOR_SIGNALING",
                "condition.1": "Both",
                "source": "UCHL5",
                "target": "PPP1R15A"
            }
        },
        {
            "data": {
                "node_src": "UCHL5",
                "node_dst": "SMAD2",
                "condition": "Both",
                "prior": "PRIOR",
                "pathway": "REACTOME_DOWNREGULATION_OF_TGF_BETA_RECEPTOR_SIGNALING",
                "condition.1": "Both",
                "source": "UCHL5",
                "target": "SMAD2"
            }
        },
        {
            "data": {
                "node_src": "UCHL5",
                "node_dst": "SMAD3",
                "condition": "Both",
                "prior": "PRIOR",
                "pathway": "REACTOME_DOWNREGULATION_OF_TGF_BETA_RECEPTOR_SIGNALING",
                "condition.1": "Both",
                "source": "UCHL5",
                "target": "SMAD3"
            }
        },
        {
            "data": {
                "node_src": "UCHL5",
                "node_dst": "SMAD7",
                "condition": "Both",
                "prior": "PRIOR",
                "pathway": "REACTOME_DOWNREGULATION_OF_TGF_BETA_RECEPTOR_SIGNALING",
                "condition.1": "Both",
                "source": "UCHL5",
                "target": "SMAD7"
            }
        },
        {
            "data": {
                "node_src": "PPP1CA",
                "node_dst": "STRAP",
                "condition": "Both",
                "prior": "PRIOR",
                "pathway": "REACTOME_DOWNREGULATION_OF_TGF_BETA_RECEPTOR_SIGNALING",
                "condition.1": "Both",
                "source": "PPP1CA",
                "target": "STRAP"
            }
        },
        {
            "data": {
                "node_src": "PPP1CA",
                "node_dst": "PPP1R15A",
                "condition": "Both",
                "prior": "PRIOR",
                "pathway": "REACTOME_DOWNREGULATION_OF_TGF_BETA_RECEPTOR_SIGNALING",
                "condition.1": "Both",
                "source": "PPP1CA",
                "target": "PPP1R15A"
            }
        },
        {
            "data": {
                "node_src": "PPP1CA",
                "node_dst": "SMAD2",
                "condition": "Both",
                "prior": "PRIOR",
                "pathway": "REACTOME_DOWNREGULATION_OF_TGF_BETA_RECEPTOR_SIGNALING",
                "condition.1": "Both",
                "source": "PPP1CA",
                "target": "SMAD2"
            }
        },
        {
            "data": {
                "node_src": "PPP1CA",
                "node_dst": "SMAD3",
                "condition": "Both",
                "prior": "NONE",
                "pathway": "REACTOME_DOWNREGULATION_OF_TGF_BETA_RECEPTOR_SIGNALING",
                "condition.1": "Both",
                "source": "PPP1CA",
                "target": "SMAD3"
            }
        },
        {
            "data": {
                "node_src": "PPP1CA",
                "node_dst": "SMAD7",
                "condition": "Both",
                "prior": "PRIOR",
                "pathway": "REACTOME_DOWNREGULATION_OF_TGF_BETA_RECEPTOR_SIGNALING",
                "condition.1": "Both",
                "source": "PPP1CA",
                "target": "SMAD7"
            }
        },
        {
            "data": {
                "node_src": "PPP1CA",
                "node_dst": "UCHL5",
                "condition": "Both",
                "prior": "PRIOR",
                "pathway": "REACTOME_DOWNREGULATION_OF_TGF_BETA_RECEPTOR_SIGNALING",
                "condition.1": "Both",
                "source": "PPP1CA",
                "target": "UCHL5"
            }
        },
        {
            "data": {
                "node_src": "PPP1CB",
                "node_dst": "STUB1",
                "condition": "Both",
                "prior": "NONE",
                "pathway": "REACTOME_DOWNREGULATION_OF_TGF_BETA_RECEPTOR_SIGNALING",
                "condition.1": "Both",
                "source": "PPP1CB",
                "target": "STUB1"
            }
        },
        {
            "data": {
                "node_src": "PPP1CB",
                "node_dst": "PPP1R15A",
                "condition": "Both",
                "prior": "PRIOR",
                "pathway": "REACTOME_DOWNREGULATION_OF_TGF_BETA_RECEPTOR_SIGNALING",
                "condition.1": "Both",
                "source": "PPP1CB",
                "target": "PPP1R15A"
            }
        },
        {
            "data": {
                "node_src": "PPP1CB",
                "node_dst": "SMAD2",
                "condition": "Both",
                "prior": "PRIOR",
                "pathway": "REACTOME_DOWNREGULATION_OF_TGF_BETA_RECEPTOR_SIGNALING",
                "condition.1": "Both",
                "source": "PPP1CB",
                "target": "SMAD2"
            }
        },
        {
            "data": {
                "node_src": "PPP1CB",
                "node_dst": "SMAD3",
                "condition": "C1",
                "prior": "NONE",
                "pathway": "REACTOME_DOWNREGULATION_OF_TGF_BETA_RECEPTOR_SIGNALING",
                "condition.1": "GBApPD",
                "source": "PPP1CB",
                "target": "SMAD3"
            }
        },
        {
            "data": {
                "node_src": "PPP1CB",
                "node_dst": "SMAD7",
                "condition": "Both",
                "prior": "PRIOR",
                "pathway": "REACTOME_DOWNREGULATION_OF_TGF_BETA_RECEPTOR_SIGNALING",
                "condition.1": "Both",
                "source": "PPP1CB",
                "target": "SMAD7"
            }
        },
        {
            "data": {
                "node_src": "PPP1CB",
                "node_dst": "PPP1CA",
                "condition": "Both",
                "prior": "PRIOR",
                "pathway": "REACTOME_DOWNREGULATION_OF_TGF_BETA_RECEPTOR_SIGNALING",
                "condition.1": "Both",
                "source": "PPP1CB",
                "target": "PPP1CA"
            }
        },
        {
            "data": {
                "node_src": "PPP1CC",
                "node_dst": "PPP1R15A",
                "condition": "Both",
                "prior": "PRIOR",
                "pathway": "REACTOME_DOWNREGULATION_OF_TGF_BETA_RECEPTOR_SIGNALING",
                "condition.1": "Both",
                "source": "PPP1CC",
                "target": "PPP1R15A"
            }
        },
        {
            "data": {
                "node_src": "PPP1CC",
                "node_dst": "SMAD3",
                "condition": "Both",
                "prior": "NONE",
                "pathway": "REACTOME_DOWNREGULATION_OF_TGF_BETA_RECEPTOR_SIGNALING",
                "condition.1": "Both",
                "source": "PPP1CC",
                "target": "SMAD3"
            }
        },
        {
            "data": {
                "node_src": "PPP1CC",
                "node_dst": "SMAD7",
                "condition": "Both",
                "prior": "PRIOR",
                "pathway": "REACTOME_DOWNREGULATION_OF_TGF_BETA_RECEPTOR_SIGNALING",
                "condition.1": "Both",
                "source": "PPP1CC",
                "target": "SMAD7"
            }
        },
        {
            "data": {
                "node_src": "PPP1CC",
                "node_dst": "PPP1CA",
                "condition": "Both",
                "prior": "PRIOR",
                "pathway": "REACTOME_DOWNREGULATION_OF_TGF_BETA_RECEPTOR_SIGNALING",
                "condition.1": "Both",
                "source": "PPP1CC",
                "target": "PPP1CA"
            }
        },
        {
            "data": {
                "node_src": "PMEPA1",
                "node_dst": "STUB1",
                "condition": "C1",
                "prior": "NONE",
                "pathway": "REACTOME_DOWNREGULATION_OF_TGF_BETA_RECEPTOR_SIGNALING",
                "condition.1": "GBApPD",
                "source": "PMEPA1",
                "target": "STUB1"
            }
        },
        {
            "data": {
                "node_src": "PMEPA1",
                "node_dst": "STRAP",
                "condition": "Both",
                "prior": "NONE",
                "pathway": "REACTOME_DOWNREGULATION_OF_TGF_BETA_RECEPTOR_SIGNALING",
                "condition.1": "Both",
                "source": "PMEPA1",
                "target": "STRAP"
            }
        },
        {
            "data": {
                "node_src": "PMEPA1",
                "node_dst": "SMAD2",
                "condition": "Both",
                "prior": "PRIOR",
                "pathway": "REACTOME_DOWNREGULATION_OF_TGF_BETA_RECEPTOR_SIGNALING",
                "condition.1": "Both",
                "source": "PMEPA1",
                "target": "SMAD2"
            }
        },
        {
            "data": {
                "node_src": "PMEPA1",
                "node_dst": "SMAD3",
                "condition": "Both",
                "prior": "PRIOR",
                "pathway": "REACTOME_DOWNREGULATION_OF_TGF_BETA_RECEPTOR_SIGNALING",
                "condition.1": "Both",
                "source": "PMEPA1",
                "target": "SMAD3"
            }
        },
        {
            "data": {
                "node_src": "PMEPA1",
                "node_dst": "SMAD7",
                "condition": "C1",
                "prior": "NONE",
                "pathway": "REACTOME_DOWNREGULATION_OF_TGF_BETA_RECEPTOR_SIGNALING",
                "condition.1": "GBApPD",
                "source": "PMEPA1",
                "target": "SMAD7"
            }
        },
        {
            "data": {
                "node_src": "PMEPA1",
                "node_dst": "PPP1CA",
                "condition": "Both",
                "prior": "NONE",
                "pathway": "REACTOME_DOWNREGULATION_OF_TGF_BETA_RECEPTOR_SIGNALING",
                "condition.1": "Both",
                "source": "PMEPA1",
                "target": "PPP1CA"
            }
        },
        {
            "data": {
                "node_src": "PMEPA1",
                "node_dst": "PPP1CC",
                "condition": "Both",
                "prior": "NONE",
                "pathway": "REACTOME_DOWNREGULATION_OF_TGF_BETA_RECEPTOR_SIGNALING",
                "condition.1": "Both",
                "source": "PMEPA1",
                "target": "PPP1CC"
            }
        },
        {
            "data": {
                "node_src": "SMURF1",
                "node_dst": "STRAP",
                "condition": "Both",
                "prior": "PRIOR",
                "pathway": "REACTOME_DOWNREGULATION_OF_TGF_BETA_RECEPTOR_SIGNALING",
                "condition.1": "Both",
                "source": "SMURF1",
                "target": "STRAP"
            }
        },
        {
            "data": {
                "node_src": "SMURF1",
                "node_dst": "PPP1R15A",
                "condition": "Both",
                "prior": "NONE",
                "pathway": "REACTOME_DOWNREGULATION_OF_TGF_BETA_RECEPTOR_SIGNALING",
                "condition.1": "Both",
                "source": "SMURF1",
                "target": "PPP1R15A"
            }
        },
        {
            "data": {
                "node_src": "SMURF1",
                "node_dst": "SMAD3",
                "condition": "Both",
                "prior": "PRIOR",
                "pathway": "REACTOME_DOWNREGULATION_OF_TGF_BETA_RECEPTOR_SIGNALING",
                "condition.1": "Both",
                "source": "SMURF1",
                "target": "SMAD3"
            }
        },
        {
            "data": {
                "node_src": "SMURF1",
                "node_dst": "SMAD7",
                "condition": "Both",
                "prior": "PRIOR",
                "pathway": "REACTOME_DOWNREGULATION_OF_TGF_BETA_RECEPTOR_SIGNALING",
                "condition.1": "Both",
                "source": "SMURF1",
                "target": "SMAD7"
            }
        },
        {
            "data": {
                "node_src": "SMURF1",
                "node_dst": "UCHL5",
                "condition": "Both",
                "prior": "NONE",
                "pathway": "REACTOME_DOWNREGULATION_OF_TGF_BETA_RECEPTOR_SIGNALING",
                "condition.1": "Both",
                "source": "SMURF1",
                "target": "UCHL5"
            }
        },
        {
            "data": {
                "node_src": "SMURF1",
                "node_dst": "PPP1CB",
                "condition": "Both",
                "prior": "PRIOR",
                "pathway": "REACTOME_DOWNREGULATION_OF_TGF_BETA_RECEPTOR_SIGNALING",
                "condition.1": "Both",
                "source": "SMURF1",
                "target": "PPP1CB"
            }
        },
        {
            "data": {
                "node_src": "SMURF1",
                "node_dst": "PPP1CC",
                "condition": "Both",
                "prior": "NONE",
                "pathway": "REACTOME_DOWNREGULATION_OF_TGF_BETA_RECEPTOR_SIGNALING",
                "condition.1": "Both",
                "source": "SMURF1",
                "target": "PPP1CC"
            }
        },
        {
            "data": {
                "node_src": "SMURF1",
                "node_dst": "PMEPA1",
                "condition": "Both",
                "prior": "NONE",
                "pathway": "REACTOME_DOWNREGULATION_OF_TGF_BETA_RECEPTOR_SIGNALING",
                "condition.1": "Both",
                "source": "SMURF1",
                "target": "PMEPA1"
            }
        },
        {
            "data": {
                "node_src": "RPS27A",
                "node_dst": "STUB1",
                "condition": "Both",
                "prior": "PRIOR",
                "pathway": "REACTOME_DOWNREGULATION_OF_TGF_BETA_RECEPTOR_SIGNALING",
                "condition.1": "Both",
                "source": "RPS27A",
                "target": "STUB1"
            }
        },
        {
            "data": {
                "node_src": "RPS27A",
                "node_dst": "STRAP",
                "condition": "Both",
                "prior": "PRIOR",
                "pathway": "REACTOME_DOWNREGULATION_OF_TGF_BETA_RECEPTOR_SIGNALING",
                "condition.1": "Both",
                "source": "RPS27A",
                "target": "STRAP"
            }
        },
        {
            "data": {
                "node_src": "RPS27A",
                "node_dst": "PPP1R15A",
                "condition": "Both",
                "prior": "NONE",
                "pathway": "REACTOME_DOWNREGULATION_OF_TGF_BETA_RECEPTOR_SIGNALING",
                "condition.1": "Both",
                "source": "RPS27A",
                "target": "PPP1R15A"
            }
        },
        {
            "data": {
                "node_src": "RPS27A",
                "node_dst": "SMAD2",
                "condition": "Both",
                "prior": "PRIOR",
                "pathway": "REACTOME_DOWNREGULATION_OF_TGF_BETA_RECEPTOR_SIGNALING",
                "condition.1": "Both",
                "source": "RPS27A",
                "target": "SMAD2"
            }
        },
        {
            "data": {
                "node_src": "RPS27A",
                "node_dst": "SMAD3",
                "condition": "Both",
                "prior": "PRIOR",
                "pathway": "REACTOME_DOWNREGULATION_OF_TGF_BETA_RECEPTOR_SIGNALING",
                "condition.1": "Both",
                "source": "RPS27A",
                "target": "SMAD3"
            }
        },
        {
            "data": {
                "node_src": "RPS27A",
                "node_dst": "SMAD7",
                "condition": "Both",
                "prior": "PRIOR",
                "pathway": "REACTOME_DOWNREGULATION_OF_TGF_BETA_RECEPTOR_SIGNALING",
                "condition.1": "Both",
                "source": "RPS27A",
                "target": "SMAD7"
            }
        },
        {
            "data": {
                "node_src": "RPS27A",
                "node_dst": "PPP1CA",
                "condition": "Both",
                "prior": "NONE",
                "pathway": "REACTOME_DOWNREGULATION_OF_TGF_BETA_RECEPTOR_SIGNALING",
                "condition.1": "Both",
                "source": "RPS27A",
                "target": "PPP1CA"
            }
        },
        {
            "data": {
                "node_src": "RPS27A",
                "node_dst": "PPP1CB",
                "condition": "Both",
                "prior": "NONE",
                "pathway": "REACTOME_DOWNREGULATION_OF_TGF_BETA_RECEPTOR_SIGNALING",
                "condition.1": "Both",
                "source": "RPS27A",
                "target": "PPP1CB"
            }
        },
        {
            "data": {
                "node_src": "RPS27A",
                "node_dst": "PMEPA1",
                "condition": "Both",
                "prior": "NONE",
                "pathway": "REACTOME_DOWNREGULATION_OF_TGF_BETA_RECEPTOR_SIGNALING",
                "condition.1": "Both",
                "source": "RPS27A",
                "target": "PMEPA1"
            }
        },
        {
            "data": {
                "node_src": "RPS27A",
                "node_dst": "SMURF1",
                "condition": "Both",
                "prior": "PRIOR",
                "pathway": "REACTOME_DOWNREGULATION_OF_TGF_BETA_RECEPTOR_SIGNALING",
                "condition.1": "Both",
                "source": "RPS27A",
                "target": "SMURF1"
            }
        },
        {
            "data": {
                "node_src": "SMURF2",
                "node_dst": "PPP1R15A",
                "condition": "Both",
                "prior": "NONE",
                "pathway": "REACTOME_DOWNREGULATION_OF_TGF_BETA_RECEPTOR_SIGNALING",
                "condition.1": "Both",
                "source": "SMURF2",
                "target": "PPP1R15A"
            }
        },
        {
            "data": {
                "node_src": "SMURF2",
                "node_dst": "SMAD3",
                "condition": "Both",
                "prior": "PRIOR",
                "pathway": "REACTOME_DOWNREGULATION_OF_TGF_BETA_RECEPTOR_SIGNALING",
                "condition.1": "Both",
                "source": "SMURF2",
                "target": "SMAD3"
            }
        },
        {
            "data": {
                "node_src": "SMURF2",
                "node_dst": "SMAD7",
                "condition": "Both",
                "prior": "PRIOR",
                "pathway": "REACTOME_DOWNREGULATION_OF_TGF_BETA_RECEPTOR_SIGNALING",
                "condition.1": "Both",
                "source": "SMURF2",
                "target": "SMAD7"
            }
        },
        {
            "data": {
                "node_src": "SMURF2",
                "node_dst": "PPP1CA",
                "condition": "Both",
                "prior": "PRIOR",
                "pathway": "REACTOME_DOWNREGULATION_OF_TGF_BETA_RECEPTOR_SIGNALING",
                "condition.1": "Both",
                "source": "SMURF2",
                "target": "PPP1CA"
            }
        },
        {
            "data": {
                "node_src": "SMURF2",
                "node_dst": "PMEPA1",
                "condition": "Both",
                "prior": "NONE",
                "pathway": "REACTOME_DOWNREGULATION_OF_TGF_BETA_RECEPTOR_SIGNALING",
                "condition.1": "Both",
                "source": "SMURF2",
                "target": "PMEPA1"
            }
        },
        {
            "data": {
                "node_src": "SMURF2",
                "node_dst": "SMURF1",
                "condition": "Both",
                "prior": "PRIOR",
                "pathway": "REACTOME_DOWNREGULATION_OF_TGF_BETA_RECEPTOR_SIGNALING",
                "condition.1": "Both",
                "source": "SMURF2",
                "target": "SMURF1"
            }
        },
        {
            "data": {
                "node_src": "SMURF2",
                "node_dst": "RPS27A",
                "condition": "Both",
                "prior": "PRIOR",
                "pathway": "REACTOME_DOWNREGULATION_OF_TGF_BETA_RECEPTOR_SIGNALING",
                "condition.1": "Both",
                "source": "SMURF2",
                "target": "RPS27A"
            }
        },
        {
            "data": {
                "node_src": "TGFB1",
                "node_dst": "STUB1",
                "condition": "Both",
                "prior": "NONE",
                "pathway": "REACTOME_DOWNREGULATION_OF_TGF_BETA_RECEPTOR_SIGNALING",
                "condition.1": "Both",
                "source": "TGFB1",
                "target": "STUB1"
            }
        },
        {
            "data": {
                "node_src": "TGFB1",
                "node_dst": "STRAP",
                "condition": "Both",
                "prior": "PRIOR",
                "pathway": "REACTOME_DOWNREGULATION_OF_TGF_BETA_RECEPTOR_SIGNALING",
                "condition.1": "Both",
                "source": "TGFB1",
                "target": "STRAP"
            }
        },
        {
            "data": {
                "node_src": "TGFB1",
                "node_dst": "PPP1R15A",
                "condition": "Both",
                "prior": "PRIOR",
                "pathway": "REACTOME_DOWNREGULATION_OF_TGF_BETA_RECEPTOR_SIGNALING",
                "condition.1": "Both",
                "source": "TGFB1",
                "target": "PPP1R15A"
            }
        },
        {
            "data": {
                "node_src": "TGFB1",
                "node_dst": "SMAD2",
                "condition": "Both",
                "prior": "PRIOR",
                "pathway": "REACTOME_DOWNREGULATION_OF_TGF_BETA_RECEPTOR_SIGNALING",
                "condition.1": "Both",
                "source": "TGFB1",
                "target": "SMAD2"
            }
        },
        {
            "data": {
                "node_src": "TGFB1",
                "node_dst": "SMAD3",
                "condition": "Both",
                "prior": "PRIOR",
                "pathway": "REACTOME_DOWNREGULATION_OF_TGF_BETA_RECEPTOR_SIGNALING",
                "condition.1": "Both",
                "source": "TGFB1",
                "target": "SMAD3"
            }
        },
        {
            "data": {
                "node_src": "TGFB1",
                "node_dst": "SMAD7",
                "condition": "Both",
                "prior": "PRIOR",
                "pathway": "REACTOME_DOWNREGULATION_OF_TGF_BETA_RECEPTOR_SIGNALING",
                "condition.1": "Both",
                "source": "TGFB1",
                "target": "SMAD7"
            }
        },
        {
            "data": {
                "node_src": "TGFB1",
                "node_dst": "UCHL5",
                "condition": "Both",
                "prior": "PRIOR",
                "pathway": "REACTOME_DOWNREGULATION_OF_TGF_BETA_RECEPTOR_SIGNALING",
                "condition.1": "Both",
                "source": "TGFB1",
                "target": "UCHL5"
            }
        },
        {
            "data": {
                "node_src": "TGFB1",
                "node_dst": "PPP1CA",
                "condition": "Both",
                "prior": "PRIOR",
                "pathway": "REACTOME_DOWNREGULATION_OF_TGF_BETA_RECEPTOR_SIGNALING",
                "condition.1": "Both",
                "source": "TGFB1",
                "target": "PPP1CA"
            }
        },
        {
            "data": {
                "node_src": "TGFB1",
                "node_dst": "PPP1CB",
                "condition": "Both",
                "prior": "PRIOR",
                "pathway": "REACTOME_DOWNREGULATION_OF_TGF_BETA_RECEPTOR_SIGNALING",
                "condition.1": "Both",
                "source": "TGFB1",
                "target": "PPP1CB"
            }
        },
        {
            "data": {
                "node_src": "TGFB1",
                "node_dst": "PPP1CC",
                "condition": "Both",
                "prior": "PRIOR",
                "pathway": "REACTOME_DOWNREGULATION_OF_TGF_BETA_RECEPTOR_SIGNALING",
                "condition.1": "Both",
                "source": "TGFB1",
                "target": "PPP1CC"
            }
        },
        {
            "data": {
                "node_src": "TGFB1",
                "node_dst": "PMEPA1",
                "condition": "Both",
                "prior": "NONE",
                "pathway": "REACTOME_DOWNREGULATION_OF_TGF_BETA_RECEPTOR_SIGNALING",
                "condition.1": "Both",
                "source": "TGFB1",
                "target": "PMEPA1"
            }
        },
        {
            "data": {
                "node_src": "TGFB1",
                "node_dst": "SMURF1",
                "condition": "Both",
                "prior": "PRIOR",
                "pathway": "REACTOME_DOWNREGULATION_OF_TGF_BETA_RECEPTOR_SIGNALING",
                "condition.1": "Both",
                "source": "TGFB1",
                "target": "SMURF1"
            }
        },
        {
            "data": {
                "node_src": "TGFB1",
                "node_dst": "RPS27A",
                "condition": "Both",
                "prior": "PRIOR",
                "pathway": "REACTOME_DOWNREGULATION_OF_TGF_BETA_RECEPTOR_SIGNALING",
                "condition.1": "Both",
                "source": "TGFB1",
                "target": "RPS27A"
            }
        },
        {
            "data": {
                "node_src": "TGFB1",
                "node_dst": "SMURF2",
                "condition": "Both",
                "prior": "PRIOR",
                "pathway": "REACTOME_DOWNREGULATION_OF_TGF_BETA_RECEPTOR_SIGNALING",
                "condition.1": "Both",
                "source": "TGFB1",
                "target": "SMURF2"
            }
        },
        {
            "data": {
                "node_src": "TGFBR1",
                "node_dst": "STUB1",
                "condition": "Both",
                "prior": "PRIOR",
                "pathway": "REACTOME_DOWNREGULATION_OF_TGF_BETA_RECEPTOR_SIGNALING",
                "condition.1": "Both",
                "source": "TGFBR1",
                "target": "STUB1"
            }
        },
        {
            "data": {
                "node_src": "TGFBR1",
                "node_dst": "PPP1R15A",
                "condition": "Both",
                "prior": "PRIOR",
                "pathway": "REACTOME_DOWNREGULATION_OF_TGF_BETA_RECEPTOR_SIGNALING",
                "condition.1": "Both",
                "source": "TGFBR1",
                "target": "PPP1R15A"
            }
        },
        {
            "data": {
                "node_src": "TGFBR1",
                "node_dst": "SMAD3",
                "condition": "Both",
                "prior": "PRIOR",
                "pathway": "REACTOME_DOWNREGULATION_OF_TGF_BETA_RECEPTOR_SIGNALING",
                "condition.1": "Both",
                "source": "TGFBR1",
                "target": "SMAD3"
            }
        },
        {
            "data": {
                "node_src": "TGFBR1",
                "node_dst": "SMAD7",
                "condition": "Both",
                "prior": "PRIOR",
                "pathway": "REACTOME_DOWNREGULATION_OF_TGF_BETA_RECEPTOR_SIGNALING",
                "condition.1": "Both",
                "source": "TGFBR1",
                "target": "SMAD7"
            }
        },
        {
            "data": {
                "node_src": "TGFBR1",
                "node_dst": "PPP1CA",
                "condition": "Both",
                "prior": "PRIOR",
                "pathway": "REACTOME_DOWNREGULATION_OF_TGF_BETA_RECEPTOR_SIGNALING",
                "condition.1": "Both",
                "source": "TGFBR1",
                "target": "PPP1CA"
            }
        },
        {
            "data": {
                "node_src": "TGFBR1",
                "node_dst": "PMEPA1",
                "condition": "Both",
                "prior": "NONE",
                "pathway": "REACTOME_DOWNREGULATION_OF_TGF_BETA_RECEPTOR_SIGNALING",
                "condition.1": "Both",
                "source": "TGFBR1",
                "target": "PMEPA1"
            }
        },
        {
            "data": {
                "node_src": "TGFBR1",
                "node_dst": "SMURF1",
                "condition": "Both",
                "prior": "PRIOR",
                "pathway": "REACTOME_DOWNREGULATION_OF_TGF_BETA_RECEPTOR_SIGNALING",
                "condition.1": "Both",
                "source": "TGFBR1",
                "target": "SMURF1"
            }
        },
        {
            "data": {
                "node_src": "TGFBR1",
                "node_dst": "RPS27A",
                "condition": "Both",
                "prior": "PRIOR",
                "pathway": "REACTOME_DOWNREGULATION_OF_TGF_BETA_RECEPTOR_SIGNALING",
                "condition.1": "Both",
                "source": "TGFBR1",
                "target": "RPS27A"
            }
        },
        {
            "data": {
                "node_src": "TGFBR1",
                "node_dst": "TGFB1",
                "condition": "Both",
                "prior": "PRIOR",
                "pathway": "REACTOME_DOWNREGULATION_OF_TGF_BETA_RECEPTOR_SIGNALING",
                "condition.1": "Both",
                "source": "TGFBR1",
                "target": "TGFB1"
            }
        },
        {
            "data": {
                "node_src": "TGFBR2",
                "node_dst": "STRAP",
                "condition": "Both",
                "prior": "PRIOR",
                "pathway": "REACTOME_DOWNREGULATION_OF_TGF_BETA_RECEPTOR_SIGNALING",
                "condition.1": "Both",
                "source": "TGFBR2",
                "target": "STRAP"
            }
        },
        {
            "data": {
                "node_src": "TGFBR2",
                "node_dst": "PPP1R15A",
                "condition": "Both",
                "prior": "PRIOR",
                "pathway": "REACTOME_DOWNREGULATION_OF_TGF_BETA_RECEPTOR_SIGNALING",
                "condition.1": "Both",
                "source": "TGFBR2",
                "target": "PPP1R15A"
            }
        },
        {
            "data": {
                "node_src": "TGFBR2",
                "node_dst": "SMAD3",
                "condition": "Both",
                "prior": "PRIOR",
                "pathway": "REACTOME_DOWNREGULATION_OF_TGF_BETA_RECEPTOR_SIGNALING",
                "condition.1": "Both",
                "source": "TGFBR2",
                "target": "SMAD3"
            }
        },
        {
            "data": {
                "node_src": "TGFBR2",
                "node_dst": "SMAD7",
                "condition": "Both",
                "prior": "PRIOR",
                "pathway": "REACTOME_DOWNREGULATION_OF_TGF_BETA_RECEPTOR_SIGNALING",
                "condition.1": "Both",
                "source": "TGFBR2",
                "target": "SMAD7"
            }
        },
        {
            "data": {
                "node_src": "TGFBR2",
                "node_dst": "UCHL5",
                "condition": "Both",
                "prior": "PRIOR",
                "pathway": "REACTOME_DOWNREGULATION_OF_TGF_BETA_RECEPTOR_SIGNALING",
                "condition.1": "Both",
                "source": "TGFBR2",
                "target": "UCHL5"
            }
        },
        {
            "data": {
                "node_src": "TGFBR2",
                "node_dst": "PPP1CB",
                "condition": "Both",
                "prior": "PRIOR",
                "pathway": "REACTOME_DOWNREGULATION_OF_TGF_BETA_RECEPTOR_SIGNALING",
                "condition.1": "Both",
                "source": "TGFBR2",
                "target": "PPP1CB"
            }
        },
        {
            "data": {
                "node_src": "TGFBR2",
                "node_dst": "PMEPA1",
                "condition": "Both",
                "prior": "NONE",
                "pathway": "REACTOME_DOWNREGULATION_OF_TGF_BETA_RECEPTOR_SIGNALING",
                "condition.1": "Both",
                "source": "TGFBR2",
                "target": "PMEPA1"
            }
        },
        {
            "data": {
                "node_src": "TGFBR2",
                "node_dst": "RPS27A",
                "condition": "Both",
                "prior": "PRIOR",
                "pathway": "REACTOME_DOWNREGULATION_OF_TGF_BETA_RECEPTOR_SIGNALING",
                "condition.1": "Both",
                "source": "TGFBR2",
                "target": "RPS27A"
            }
        },
        {
            "data": {
                "node_src": "TGFBR2",
                "node_dst": "TGFB1",
                "condition": "Both",
                "prior": "PRIOR",
                "pathway": "REACTOME_DOWNREGULATION_OF_TGF_BETA_RECEPTOR_SIGNALING",
                "condition.1": "Both",
                "source": "TGFBR2",
                "target": "TGFB1"
            }
        },
        {
            "data": {
                "node_src": "XPO1",
                "node_dst": "STUB1",
                "condition": "Both",
                "prior": "PRIOR",
                "pathway": "REACTOME_DOWNREGULATION_OF_TGF_BETA_RECEPTOR_SIGNALING",
                "condition.1": "Both",
                "source": "XPO1",
                "target": "STUB1"
            }
        },
        {
            "data": {
                "node_src": "XPO1",
                "node_dst": "PPP1R15A",
                "condition": "Both",
                "prior": "NONE",
                "pathway": "REACTOME_DOWNREGULATION_OF_TGF_BETA_RECEPTOR_SIGNALING",
                "condition.1": "Both",
                "source": "XPO1",
                "target": "PPP1R15A"
            }
        },
        {
            "data": {
                "node_src": "XPO1",
                "node_dst": "SMAD3",
                "condition": "Both",
                "prior": "NONE",
                "pathway": "REACTOME_DOWNREGULATION_OF_TGF_BETA_RECEPTOR_SIGNALING",
                "condition.1": "Both",
                "source": "XPO1",
                "target": "SMAD3"
            }
        },
        {
            "data": {
                "node_src": "XPO1",
                "node_dst": "SMAD7",
                "condition": "Both",
                "prior": "PRIOR",
                "pathway": "REACTOME_DOWNREGULATION_OF_TGF_BETA_RECEPTOR_SIGNALING",
                "condition.1": "Both",
                "source": "XPO1",
                "target": "SMAD7"
            }
        },
        {
            "data": {
                "node_src": "XPO1",
                "node_dst": "PPP1CA",
                "condition": "Both",
                "prior": "PRIOR",
                "pathway": "REACTOME_DOWNREGULATION_OF_TGF_BETA_RECEPTOR_SIGNALING",
                "condition.1": "Both",
                "source": "XPO1",
                "target": "PPP1CA"
            }
        },
        {
            "data": {
                "node_src": "XPO1",
                "node_dst": "PMEPA1",
                "condition": "Both",
                "prior": "NONE",
                "pathway": "REACTOME_DOWNREGULATION_OF_TGF_BETA_RECEPTOR_SIGNALING",
                "condition.1": "Both",
                "source": "XPO1",
                "target": "PMEPA1"
            }
        },
        {
            "data": {
                "node_src": "XPO1",
                "node_dst": "SMURF1",
                "condition": "Both",
                "prior": "PRIOR",
                "pathway": "REACTOME_DOWNREGULATION_OF_TGF_BETA_RECEPTOR_SIGNALING",
                "condition.1": "Both",
                "source": "XPO1",
                "target": "SMURF1"
            }
        },
        {
            "data": {
                "node_src": "XPO1",
                "node_dst": "TGFB1",
                "condition": "Both",
                "prior": "NONE",
                "pathway": "REACTOME_DOWNREGULATION_OF_TGF_BETA_RECEPTOR_SIGNALING",
                "condition.1": "Both",
                "source": "XPO1",
                "target": "TGFB1"
            }
        },
        {
            "data": {
                "node_src": "XPO1",
                "node_dst": "TGFBR2",
                "condition": "Both",
                "prior": "NONE",
                "pathway": "REACTOME_DOWNREGULATION_OF_TGF_BETA_RECEPTOR_SIGNALING",
                "condition.1": "Both",
                "source": "XPO1",
                "target": "TGFBR2"
            }
        },
        {
            "data": {
                "node_src": "MTMR4",
                "node_dst": "STRAP",
                "condition": "Both",
                "prior": "NONE",
                "pathway": "REACTOME_DOWNREGULATION_OF_TGF_BETA_RECEPTOR_SIGNALING",
                "condition.1": "Both",
                "source": "MTMR4",
                "target": "STRAP"
            }
        },
        {
            "data": {
                "node_src": "MTMR4",
                "node_dst": "PPP1R15A",
                "condition": "Both",
                "prior": "NONE",
                "pathway": "REACTOME_DOWNREGULATION_OF_TGF_BETA_RECEPTOR_SIGNALING",
                "condition.1": "Both",
                "source": "MTMR4",
                "target": "PPP1R15A"
            }
        },
        {
            "data": {
                "node_src": "MTMR4",
                "node_dst": "SMAD3",
                "condition": "Both",
                "prior": "PRIOR",
                "pathway": "REACTOME_DOWNREGULATION_OF_TGF_BETA_RECEPTOR_SIGNALING",
                "condition.1": "Both",
                "source": "MTMR4",
                "target": "SMAD3"
            }
        },
        {
            "data": {
                "node_src": "MTMR4",
                "node_dst": "SMAD7",
                "condition": "Both",
                "prior": "NONE",
                "pathway": "REACTOME_DOWNREGULATION_OF_TGF_BETA_RECEPTOR_SIGNALING",
                "condition.1": "Both",
                "source": "MTMR4",
                "target": "SMAD7"
            }
        },
        {
            "data": {
                "node_src": "MTMR4",
                "node_dst": "UCHL5",
                "condition": "Both",
                "prior": "NONE",
                "pathway": "REACTOME_DOWNREGULATION_OF_TGF_BETA_RECEPTOR_SIGNALING",
                "condition.1": "Both",
                "source": "MTMR4",
                "target": "UCHL5"
            }
        },
        {
            "data": {
                "node_src": "MTMR4",
                "node_dst": "PPP1CB",
                "condition": "Both",
                "prior": "NONE",
                "pathway": "REACTOME_DOWNREGULATION_OF_TGF_BETA_RECEPTOR_SIGNALING",
                "condition.1": "Both",
                "source": "MTMR4",
                "target": "PPP1CB"
            }
        },
        {
            "data": {
                "node_src": "MTMR4",
                "node_dst": "PPP1CC",
                "condition": "Both",
                "prior": "NONE",
                "pathway": "REACTOME_DOWNREGULATION_OF_TGF_BETA_RECEPTOR_SIGNALING",
                "condition.1": "Both",
                "source": "MTMR4",
                "target": "PPP1CC"
            }
        },
        {
            "data": {
                "node_src": "MTMR4",
                "node_dst": "PMEPA1",
                "condition": "Both",
                "prior": "NONE",
                "pathway": "REACTOME_DOWNREGULATION_OF_TGF_BETA_RECEPTOR_SIGNALING",
                "condition.1": "Both",
                "source": "MTMR4",
                "target": "PMEPA1"
            }
        },
        {
            "data": {
                "node_src": "MTMR4",
                "node_dst": "RPS27A",
                "condition": "Both",
                "prior": "NONE",
                "pathway": "REACTOME_DOWNREGULATION_OF_TGF_BETA_RECEPTOR_SIGNALING",
                "condition.1": "Both",
                "source": "MTMR4",
                "target": "RPS27A"
            }
        },
        {
            "data": {
                "node_src": "MTMR4",
                "node_dst": "TGFB1",
                "condition": "Both",
                "prior": "NONE",
                "pathway": "REACTOME_DOWNREGULATION_OF_TGF_BETA_RECEPTOR_SIGNALING",
                "condition.1": "Both",
                "source": "MTMR4",
                "target": "TGFB1"
            }
        },
        {
            "data": {
                "node_src": "MTMR4",
                "node_dst": "TGFBR1",
                "condition": "Both",
                "prior": "NONE",
                "pathway": "REACTOME_DOWNREGULATION_OF_TGF_BETA_RECEPTOR_SIGNALING",
                "condition.1": "Both",
                "source": "MTMR4",
                "target": "TGFBR1"
            }
        },
        {
            "data": {
                "node_src": "MTMR4",
                "node_dst": "XPO1",
                "condition": "Both",
                "prior": "NONE",
                "pathway": "REACTOME_DOWNREGULATION_OF_TGF_BETA_RECEPTOR_SIGNALING",
                "condition.1": "Both",
                "source": "MTMR4",
                "target": "XPO1"
            }
        },
        {
            "data": {
                "node_src": "ZFYVE9",
                "node_dst": "STUB1",
                "condition": "Both",
                "prior": "NONE",
                "pathway": "REACTOME_DOWNREGULATION_OF_TGF_BETA_RECEPTOR_SIGNALING",
                "condition.1": "Both",
                "source": "ZFYVE9",
                "target": "STUB1"
            }
        },
        {
            "data": {
                "node_src": "ZFYVE9",
                "node_dst": "STRAP",
                "condition": "Both",
                "prior": "PRIOR",
                "pathway": "REACTOME_DOWNREGULATION_OF_TGF_BETA_RECEPTOR_SIGNALING",
                "condition.1": "Both",
                "source": "ZFYVE9",
                "target": "STRAP"
            }
        },
        {
            "data": {
                "node_src": "ZFYVE9",
                "node_dst": "PPP1R15A",
                "condition": "Both",
                "prior": "PRIOR",
                "pathway": "REACTOME_DOWNREGULATION_OF_TGF_BETA_RECEPTOR_SIGNALING",
                "condition.1": "Both",
                "source": "ZFYVE9",
                "target": "PPP1R15A"
            }
        },
        {
            "data": {
                "node_src": "ZFYVE9",
                "node_dst": "SMAD2",
                "condition": "Both",
                "prior": "PRIOR",
                "pathway": "REACTOME_DOWNREGULATION_OF_TGF_BETA_RECEPTOR_SIGNALING",
                "condition.1": "Both",
                "source": "ZFYVE9",
                "target": "SMAD2"
            }
        },
        {
            "data": {
                "node_src": "ZFYVE9",
                "node_dst": "SMAD3",
                "condition": "Both",
                "prior": "PRIOR",
                "pathway": "REACTOME_DOWNREGULATION_OF_TGF_BETA_RECEPTOR_SIGNALING",
                "condition.1": "Both",
                "source": "ZFYVE9",
                "target": "SMAD3"
            }
        },
        {
            "data": {
                "node_src": "ZFYVE9",
                "node_dst": "SMAD7",
                "condition": "Both",
                "prior": "PRIOR",
                "pathway": "REACTOME_DOWNREGULATION_OF_TGF_BETA_RECEPTOR_SIGNALING",
                "condition.1": "Both",
                "source": "ZFYVE9",
                "target": "SMAD7"
            }
        },
        {
            "data": {
                "node_src": "ZFYVE9",
                "node_dst": "UCHL5",
                "condition": "Both",
                "prior": "NONE",
                "pathway": "REACTOME_DOWNREGULATION_OF_TGF_BETA_RECEPTOR_SIGNALING",
                "condition.1": "Both",
                "source": "ZFYVE9",
                "target": "UCHL5"
            }
        },
        {
            "data": {
                "node_src": "ZFYVE9",
                "node_dst": "PPP1CA",
                "condition": "Both",
                "prior": "PRIOR",
                "pathway": "REACTOME_DOWNREGULATION_OF_TGF_BETA_RECEPTOR_SIGNALING",
                "condition.1": "Both",
                "source": "ZFYVE9",
                "target": "PPP1CA"
            }
        },
        {
            "data": {
                "node_src": "ZFYVE9",
                "node_dst": "PPP1CB",
                "condition": "Both",
                "prior": "PRIOR",
                "pathway": "REACTOME_DOWNREGULATION_OF_TGF_BETA_RECEPTOR_SIGNALING",
                "condition.1": "Both",
                "source": "ZFYVE9",
                "target": "PPP1CB"
            }
        },
        {
            "data": {
                "node_src": "ZFYVE9",
                "node_dst": "PPP1CC",
                "condition": "Both",
                "prior": "PRIOR",
                "pathway": "REACTOME_DOWNREGULATION_OF_TGF_BETA_RECEPTOR_SIGNALING",
                "condition.1": "Both",
                "source": "ZFYVE9",
                "target": "PPP1CC"
            }
        },
        {
            "data": {
                "node_src": "ZFYVE9",
                "node_dst": "PMEPA1",
                "condition": "Both",
                "prior": "NONE",
                "pathway": "REACTOME_DOWNREGULATION_OF_TGF_BETA_RECEPTOR_SIGNALING",
                "condition.1": "Both",
                "source": "ZFYVE9",
                "target": "PMEPA1"
            }
        },
        {
            "data": {
                "node_src": "ZFYVE9",
                "node_dst": "SMURF1",
                "condition": "Both",
                "prior": "NONE",
                "pathway": "REACTOME_DOWNREGULATION_OF_TGF_BETA_RECEPTOR_SIGNALING",
                "condition.1": "Both",
                "source": "ZFYVE9",
                "target": "SMURF1"
            }
        },
        {
            "data": {
                "node_src": "ZFYVE9",
                "node_dst": "RPS27A",
                "condition": "Both",
                "prior": "NONE",
                "pathway": "REACTOME_DOWNREGULATION_OF_TGF_BETA_RECEPTOR_SIGNALING",
                "condition.1": "Both",
                "source": "ZFYVE9",
                "target": "RPS27A"
            }
        },
        {
            "data": {
                "node_src": "ZFYVE9",
                "node_dst": "SMURF2",
                "condition": "Both",
                "prior": "PRIOR",
                "pathway": "REACTOME_DOWNREGULATION_OF_TGF_BETA_RECEPTOR_SIGNALING",
                "condition.1": "Both",
                "source": "ZFYVE9",
                "target": "SMURF2"
            }
        },
        {
            "data": {
                "node_src": "ZFYVE9",
                "node_dst": "TGFB1",
                "condition": "Both",
                "prior": "PRIOR",
                "pathway": "REACTOME_DOWNREGULATION_OF_TGF_BETA_RECEPTOR_SIGNALING",
                "condition.1": "Both",
                "source": "ZFYVE9",
                "target": "TGFB1"
            }
        },
        {
            "data": {
                "node_src": "ZFYVE9",
                "node_dst": "TGFBR1",
                "condition": "Both",
                "prior": "PRIOR",
                "pathway": "REACTOME_DOWNREGULATION_OF_TGF_BETA_RECEPTOR_SIGNALING",
                "condition.1": "Both",
                "source": "ZFYVE9",
                "target": "TGFBR1"
            }
        },
        {
            "data": {
                "node_src": "ZFYVE9",
                "node_dst": "TGFBR2",
                "condition": "Both",
                "prior": "PRIOR",
                "pathway": "REACTOME_DOWNREGULATION_OF_TGF_BETA_RECEPTOR_SIGNALING",
                "condition.1": "Both",
                "source": "ZFYVE9",
                "target": "TGFBR2"
            }
        },
        {
            "data": {
                "node_src": "ZFYVE9",
                "node_dst": "XPO1",
                "condition": "Both",
                "prior": "NONE",
                "pathway": "REACTOME_DOWNREGULATION_OF_TGF_BETA_RECEPTOR_SIGNALING",
                "condition.1": "Both",
                "source": "ZFYVE9",
                "target": "XPO1"
            }
        },
        {
            "data": {
                "node_src": "ZFYVE9",
                "node_dst": "MTMR4",
                "condition": "Both",
                "prior": "NONE",
                "pathway": "REACTOME_DOWNREGULATION_OF_TGF_BETA_RECEPTOR_SIGNALING",
                "condition.1": "Both",
                "source": "ZFYVE9",
                "target": "MTMR4"
            }
        },
        {
            "data": {
                "node_src": "SMAD7",
                "node_dst": "STUB1",
                "condition": "C2",
                "prior": "NONE",
                "pathway": "REACTOME_DOWNREGULATION_OF_TGF_BETA_RECEPTOR_SIGNALING",
                "condition.1": "GBApUnaffected",
                "source": "SMAD7",
                "target": "STUB1"
            }
        },
        {
            "data": {
                "node_src": "SMAD7",
                "node_dst": "SMAD3",
                "condition": "C2",
                "prior": "PRIOR",
                "pathway": "REACTOME_DOWNREGULATION_OF_TGF_BETA_RECEPTOR_SIGNALING",
                "condition.1": "GBApUnaffected",
                "source": "SMAD7",
                "target": "SMAD3"
            }
        },
        {
            "data": {
                "node_src": "PPP1CC",
                "node_dst": "STUB1",
                "condition": "C2",
                "prior": "NONE",
                "pathway": "REACTOME_DOWNREGULATION_OF_TGF_BETA_RECEPTOR_SIGNALING",
                "condition.1": "GBApUnaffected",
                "source": "PPP1CC",
                "target": "STUB1"
            }
        },
        {
            "data": {
                "node_src": "PPP1CC",
                "node_dst": "PPP1CB",
                "condition": "C2",
                "prior": "PRIOR",
                "pathway": "REACTOME_DOWNREGULATION_OF_TGF_BETA_RECEPTOR_SIGNALING",
                "condition.1": "GBApUnaffected",
                "source": "PPP1CC",
                "target": "PPP1CB"
            }
        },
        {
            "data": {
                "node_src": "PMEPA1",
                "node_dst": "PPP1R15A",
                "condition": "C2",
                "prior": "NONE",
                "pathway": "REACTOME_DOWNREGULATION_OF_TGF_BETA_RECEPTOR_SIGNALING",
                "condition.1": "GBApUnaffected",
                "source": "PMEPA1",
                "target": "PPP1R15A"
            }
        },
        {
            "data": {
                "node_src": "PMEPA1",
                "node_dst": "PPP1CB",
                "condition": "C2",
                "prior": "NONE",
                "pathway": "REACTOME_DOWNREGULATION_OF_TGF_BETA_RECEPTOR_SIGNALING",
                "condition.1": "GBApUnaffected",
                "source": "PMEPA1",
                "target": "PPP1CB"
            }
        },
        {
            "data": {
                "node_src": "SMURF1",
                "node_dst": "STUB1",
                "condition": "C2",
                "prior": "PRIOR",
                "pathway": "REACTOME_DOWNREGULATION_OF_TGF_BETA_RECEPTOR_SIGNALING",
                "condition.1": "GBApUnaffected",
                "source": "SMURF1",
                "target": "STUB1"
            }
        },
        {
            "data": {
                "node_src": "SMURF1",
                "node_dst": "SMAD2",
                "condition": "C2",
                "prior": "PRIOR",
                "pathway": "REACTOME_DOWNREGULATION_OF_TGF_BETA_RECEPTOR_SIGNALING",
                "condition.1": "GBApUnaffected",
                "source": "SMURF1",
                "target": "SMAD2"
            }
        },
        {
            "data": {
                "node_src": "SMURF1",
                "node_dst": "PPP1CA",
                "condition": "C2",
                "prior": "NONE",
                "pathway": "REACTOME_DOWNREGULATION_OF_TGF_BETA_RECEPTOR_SIGNALING",
                "condition.1": "GBApUnaffected",
                "source": "SMURF1",
                "target": "PPP1CA"
            }
        },
        {
            "data": {
                "node_src": "SMURF2",
                "node_dst": "PPP1CB",
                "condition": "C2",
                "prior": "PRIOR",
                "pathway": "REACTOME_DOWNREGULATION_OF_TGF_BETA_RECEPTOR_SIGNALING",
                "condition.1": "GBApUnaffected",
                "source": "SMURF2",
                "target": "PPP1CB"
            }
        },
        {
            "data": {
                "node_src": "TGFBR1",
                "node_dst": "PPP1CB",
                "condition": "C2",
                "prior": "PRIOR",
                "pathway": "REACTOME_DOWNREGULATION_OF_TGF_BETA_RECEPTOR_SIGNALING",
                "condition.1": "GBApUnaffected",
                "source": "TGFBR1",
                "target": "PPP1CB"
            }
        },
        {
            "data": {
                "node_src": "TGFBR2",
                "node_dst": "STUB1",
                "condition": "C2",
                "prior": "NONE",
                "pathway": "REACTOME_DOWNREGULATION_OF_TGF_BETA_RECEPTOR_SIGNALING",
                "condition.1": "GBApUnaffected",
                "source": "TGFBR2",
                "target": "STUB1"
            }
        },
        {
            "data": {
                "node_src": "TGFBR2",
                "node_dst": "PPP1CA",
                "condition": "C2",
                "prior": "PRIOR",
                "pathway": "REACTOME_DOWNREGULATION_OF_TGF_BETA_RECEPTOR_SIGNALING",
                "condition.1": "GBApUnaffected",
                "source": "TGFBR2",
                "target": "PPP1CA"
            }
        },
        {
            "data": {
                "node_src": "TGFBR2",
                "node_dst": "PPP1CC",
                "condition": "C2",
                "prior": "PRIOR",
                "pathway": "REACTOME_DOWNREGULATION_OF_TGF_BETA_RECEPTOR_SIGNALING",
                "condition.1": "GBApUnaffected",
                "source": "TGFBR2",
                "target": "PPP1CC"
            }
        },
        {
            "data": {
                "node_src": "TGFBR2",
                "node_dst": "SMURF1",
                "condition": "C2",
                "prior": "PRIOR",
                "pathway": "REACTOME_DOWNREGULATION_OF_TGF_BETA_RECEPTOR_SIGNALING",
                "condition.1": "GBApUnaffected",
                "source": "TGFBR2",
                "target": "SMURF1"
            }
        },
        {
            "data": {
                "node_src": "TGFBR2",
                "node_dst": "TGFBR1",
                "condition": "C2",
                "prior": "PRIOR",
                "pathway": "REACTOME_DOWNREGULATION_OF_TGF_BETA_RECEPTOR_SIGNALING",
                "condition.1": "GBApUnaffected",
                "source": "TGFBR2",
                "target": "TGFBR1"
            }
        },
        {
            "data": {
                "node_src": "XPO1",
                "node_dst": "RPS27A",
                "condition": "C2",
                "prior": "NONE",
                "pathway": "REACTOME_DOWNREGULATION_OF_TGF_BETA_RECEPTOR_SIGNALING",
                "condition.1": "GBApUnaffected",
                "source": "XPO1",
                "target": "RPS27A"
            }
        },
        {
            "data": {
                "node_src": "MTMR4",
                "node_dst": "STUB1",
                "condition": "C2",
                "prior": "NONE",
                "pathway": "REACTOME_DOWNREGULATION_OF_TGF_BETA_RECEPTOR_SIGNALING",
                "condition.1": "GBApUnaffected",
                "source": "MTMR4",
                "target": "STUB1"
            }
        },
        {
            "data": {
                "node_src": "MTMR4",
                "node_dst": "PPP1CA",
                "condition": "C2",
                "prior": "NONE",
                "pathway": "REACTOME_DOWNREGULATION_OF_TGF_BETA_RECEPTOR_SIGNALING",
                "condition.1": "GBApUnaffected",
                "source": "MTMR4",
                "target": "PPP1CA"
            }
        },
        {
            "data": {
                "node_src": "MTMR4",
                "node_dst": "SMURF2",
                "condition": "C2",
                "prior": "NONE",
                "pathway": "REACTOME_DOWNREGULATION_OF_TGF_BETA_RECEPTOR_SIGNALING",
                "condition.1": "GBApUnaffected",
                "source": "MTMR4",
                "target": "SMURF2"
            }
        }
    ]
}

