{
    "metadata": [
        {
            "data": {
                "Both": "Both",
                "C1": "GBApPD",
                "C2": "GBApUnaffected"
            }
        }
    ],
    "nodes": [
        {
            "data": {
                "pathway": "REACTOME_INTERACTION_BETWEEN_L1_AND_ANKYRINS",
                "id": "REACTOME_INTERACTION_BETWEEN_L1_AND_ANKYRINS"
            }
        },
        {
            "data": {
                "name": "KCNQ3",
                "mediator.essentiality": false,
                "mediator.specificity": false,
                "mediator": "",
                "id": "KCNQ3",
                "pathway": "REACTOME_INTERACTION_BETWEEN_L1_AND_ANKYRINS",
                "n": 16,
                "parent": "REACTOME_INTERACTION_BETWEEN_L1_AND_ANKYRINS"
            }
        },
        {
            "data": {
                "name": "NRCAM",
                "mediator.essentiality": false,
                "mediator.specificity": false,
                "mediator": "",
                "id": "NRCAM",
                "pathway": "REACTOME_INTERACTION_BETWEEN_L1_AND_ANKYRINS",
                "n": 16,
                "parent": "REACTOME_INTERACTION_BETWEEN_L1_AND_ANKYRINS"
            }
        },
        {
            "data": {
                "name": "SPTBN5",
                "mediator.essentiality": false,
                "mediator.specificity": false,
                "mediator": "",
                "id": "SPTBN5",
                "pathway": "REACTOME_INTERACTION_BETWEEN_L1_AND_ANKYRINS",
                "n": 16,
                "parent": "REACTOME_INTERACTION_BETWEEN_L1_AND_ANKYRINS"
            }
        },
        {
            "data": {
                "name": "SCN3B",
                "mediator.essentiality": false,
                "mediator.specificity": true,
                "mediator": "Specificity mediator",
                "id": "SCN3B",
                "pathway": "REACTOME_INTERACTION_BETWEEN_L1_AND_ANKYRINS",
                "n": 16,
                "parent": "REACTOME_INTERACTION_BETWEEN_L1_AND_ANKYRINS"
            }
        },
        {
            "data": {
                "name": "SPTBN4",
                "mediator.essentiality": false,
                "mediator.specificity": false,
                "mediator": "",
                "id": "SPTBN4",
                "pathway": "REACTOME_INTERACTION_BETWEEN_L1_AND_ANKYRINS",
                "n": 16,
                "parent": "REACTOME_INTERACTION_BETWEEN_L1_AND_ANKYRINS"
            }
        },
        {
            "data": {
                "name": "SCN1B",
                "mediator.essentiality": false,
                "mediator.specificity": false,
                "mediator": "",
                "id": "SCN1B",
                "pathway": "REACTOME_INTERACTION_BETWEEN_L1_AND_ANKYRINS",
                "n": 16,
                "parent": "REACTOME_INTERACTION_BETWEEN_L1_AND_ANKYRINS"
            }
        },
        {
            "data": {
                "name": "SCN2A",
                "mediator.essentiality": false,
                "mediator.specificity": false,
                "mediator": "",
                "id": "SCN2A",
                "pathway": "REACTOME_INTERACTION_BETWEEN_L1_AND_ANKYRINS",
                "n": 16,
                "parent": "REACTOME_INTERACTION_BETWEEN_L1_AND_ANKYRINS"
            }
        },
        {
            "data": {
                "name": "SCN2B",
                "mediator.essentiality": false,
                "mediator.specificity": false,
                "mediator": "",
                "id": "SCN2B",
                "pathway": "REACTOME_INTERACTION_BETWEEN_L1_AND_ANKYRINS",
                "n": 16,
                "parent": "REACTOME_INTERACTION_BETWEEN_L1_AND_ANKYRINS"
            }
        },
        {
            "data": {
                "name": "SCN7A",
                "mediator.essentiality": false,
                "mediator.specificity": false,
                "mediator": "",
                "id": "SCN7A",
                "pathway": "REACTOME_INTERACTION_BETWEEN_L1_AND_ANKYRINS",
                "n": 16,
                "parent": "REACTOME_INTERACTION_BETWEEN_L1_AND_ANKYRINS"
            }
        },
        {
            "data": {
                "name": "SCN8A",
                "mediator.essentiality": true,
                "mediator.specificity": false,
                "mediator": "Essentiality mediator",
                "id": "SCN8A",
                "pathway": "REACTOME_INTERACTION_BETWEEN_L1_AND_ANKYRINS",
                "n": 16,
                "parent": "REACTOME_INTERACTION_BETWEEN_L1_AND_ANKYRINS"
            }
        },
        {
            "data": {
                "name": "SPTA1",
                "mediator.essentiality": false,
                "mediator.specificity": false,
                "mediator": "",
                "id": "SPTA1",
                "pathway": "REACTOME_INTERACTION_BETWEEN_L1_AND_ANKYRINS",
                "n": 16,
                "parent": "REACTOME_INTERACTION_BETWEEN_L1_AND_ANKYRINS"
            }
        },
        {
            "data": {
                "name": "SPTAN1",
                "mediator.essentiality": false,
                "mediator.specificity": false,
                "mediator": "",
                "id": "SPTAN1",
                "pathway": "REACTOME_INTERACTION_BETWEEN_L1_AND_ANKYRINS",
                "n": 16,
                "parent": "REACTOME_INTERACTION_BETWEEN_L1_AND_ANKYRINS"
            }
        },
        {
            "data": {
                "name": "SPTB",
                "mediator.essentiality": true,
                "mediator.specificity": false,
                "mediator": "Essentiality mediator",
                "id": "SPTB",
                "pathway": "REACTOME_INTERACTION_BETWEEN_L1_AND_ANKYRINS",
                "n": 16,
                "parent": "REACTOME_INTERACTION_BETWEEN_L1_AND_ANKYRINS"
            }
        },
        {
            "data": {
                "name": "SPTBN1",
                "mediator.essentiality": false,
                "mediator.specificity": false,
                "mediator": "",
                "id": "SPTBN1",
                "pathway": "REACTOME_INTERACTION_BETWEEN_L1_AND_ANKYRINS",
                "n": 16,
                "parent": "REACTOME_INTERACTION_BETWEEN_L1_AND_ANKYRINS"
            }
        },
        {
            "data": {
                "name": "ANK1",
                "mediator.essentiality": false,
                "mediator.specificity": false,
                "mediator": "",
                "id": "ANK1",
                "pathway": "REACTOME_INTERACTION_BETWEEN_L1_AND_ANKYRINS",
                "n": 16,
                "parent": "REACTOME_INTERACTION_BETWEEN_L1_AND_ANKYRINS"
            }
        },
        {
            "data": {
                "name": "ANK3",
                "mediator.essentiality": false,
                "mediator.specificity": false,
                "mediator": "",
                "id": "ANK3",
                "pathway": "REACTOME_INTERACTION_BETWEEN_L1_AND_ANKYRINS",
                "n": 16,
                "parent": "REACTOME_INTERACTION_BETWEEN_L1_AND_ANKYRINS"
            }
        }
    ],
    "edges": [
        {
            "data": {
                "node_src": "KCNQ3",
                "node_dst": "ANK1",
                "condition": "Both",
                "prior": "PRIOR",
                "pathway": "REACTOME_INTERACTION_BETWEEN_L1_AND_ANKYRINS",
                "condition.1": "Both",
                "source": "KCNQ3",
                "target": "ANK1"
            }
        },
        {
            "data": {
                "node_src": "KCNQ3",
                "node_dst": "ANK3",
                "condition": "Both",
                "prior": "PRIOR",
                "pathway": "REACTOME_INTERACTION_BETWEEN_L1_AND_ANKYRINS",
                "condition.1": "Both",
                "source": "KCNQ3",
                "target": "ANK3"
            }
        },
        {
            "data": {
                "node_src": "NRCAM",
                "node_dst": "ANK1",
                "condition": "Both",
                "prior": "PRIOR",
                "pathway": "REACTOME_INTERACTION_BETWEEN_L1_AND_ANKYRINS",
                "condition.1": "Both",
                "source": "NRCAM",
                "target": "ANK1"
            }
        },
        {
            "data": {
                "node_src": "NRCAM",
                "node_dst": "ANK3",
                "condition": "Both",
                "prior": "PRIOR",
                "pathway": "REACTOME_INTERACTION_BETWEEN_L1_AND_ANKYRINS",
                "condition.1": "Both",
                "source": "NRCAM",
                "target": "ANK3"
            }
        },
        {
            "data": {
                "node_src": "NRCAM",
                "node_dst": "KCNQ3",
                "condition": "Both",
                "prior": "PRIOR",
                "pathway": "REACTOME_INTERACTION_BETWEEN_L1_AND_ANKYRINS",
                "condition.1": "Both",
                "source": "NRCAM",
                "target": "KCNQ3"
            }
        },
        {
            "data": {
                "node_src": "SPTBN5",
                "node_dst": "ANK1",
                "condition": "Both",
                "prior": "PRIOR",
                "pathway": "REACTOME_INTERACTION_BETWEEN_L1_AND_ANKYRINS",
                "condition.1": "Both",
                "source": "SPTBN5",
                "target": "ANK1"
            }
        },
        {
            "data": {
                "node_src": "SPTBN5",
                "node_dst": "ANK3",
                "condition": "Both",
                "prior": "PRIOR",
                "pathway": "REACTOME_INTERACTION_BETWEEN_L1_AND_ANKYRINS",
                "condition.1": "Both",
                "source": "SPTBN5",
                "target": "ANK3"
            }
        },
        {
            "data": {
                "node_src": "SPTBN5",
                "node_dst": "KCNQ3",
                "condition": "Both",
                "prior": "PRIOR",
                "pathway": "REACTOME_INTERACTION_BETWEEN_L1_AND_ANKYRINS",
                "condition.1": "Both",
                "source": "SPTBN5",
                "target": "KCNQ3"
            }
        },
        {
            "data": {
                "node_src": "SPTBN5",
                "node_dst": "NRCAM",
                "condition": "Both",
                "prior": "PRIOR",
                "pathway": "REACTOME_INTERACTION_BETWEEN_L1_AND_ANKYRINS",
                "condition.1": "Both",
                "source": "SPTBN5",
                "target": "NRCAM"
            }
        },
        {
            "data": {
                "node_src": "SCN3B",
                "node_dst": "ANK1",
                "condition": "Both",
                "prior": "PRIOR",
                "pathway": "REACTOME_INTERACTION_BETWEEN_L1_AND_ANKYRINS",
                "condition.1": "Both",
                "source": "SCN3B",
                "target": "ANK1"
            }
        },
        {
            "data": {
                "node_src": "SCN3B",
                "node_dst": "ANK3",
                "condition": "Both",
                "prior": "PRIOR",
                "pathway": "REACTOME_INTERACTION_BETWEEN_L1_AND_ANKYRINS",
                "condition.1": "Both",
                "source": "SCN3B",
                "target": "ANK3"
            }
        },
        {
            "data": {
                "node_src": "SCN3B",
                "node_dst": "NRCAM",
                "condition": "Both",
                "prior": "PRIOR",
                "pathway": "REACTOME_INTERACTION_BETWEEN_L1_AND_ANKYRINS",
                "condition.1": "Both",
                "source": "SCN3B",
                "target": "NRCAM"
            }
        },
        {
            "data": {
                "node_src": "SCN3B",
                "node_dst": "SPTBN5",
                "condition": "Both",
                "prior": "PRIOR",
                "pathway": "REACTOME_INTERACTION_BETWEEN_L1_AND_ANKYRINS",
                "condition.1": "Both",
                "source": "SCN3B",
                "target": "SPTBN5"
            }
        },
        {
            "data": {
                "node_src": "SPTBN4",
                "node_dst": "ANK1",
                "condition": "Both",
                "prior": "PRIOR",
                "pathway": "REACTOME_INTERACTION_BETWEEN_L1_AND_ANKYRINS",
                "condition.1": "Both",
                "source": "SPTBN4",
                "target": "ANK1"
            }
        },
        {
            "data": {
                "node_src": "SPTBN4",
                "node_dst": "ANK3",
                "condition": "Both",
                "prior": "PRIOR",
                "pathway": "REACTOME_INTERACTION_BETWEEN_L1_AND_ANKYRINS",
                "condition.1": "Both",
                "source": "SPTBN4",
                "target": "ANK3"
            }
        },
        {
            "data": {
                "node_src": "SPTBN4",
                "node_dst": "NRCAM",
                "condition": "Both",
                "prior": "PRIOR",
                "pathway": "REACTOME_INTERACTION_BETWEEN_L1_AND_ANKYRINS",
                "condition.1": "Both",
                "source": "SPTBN4",
                "target": "NRCAM"
            }
        },
        {
            "data": {
                "node_src": "SPTBN4",
                "node_dst": "SPTBN5",
                "condition": "Both",
                "prior": "NONE",
                "pathway": "REACTOME_INTERACTION_BETWEEN_L1_AND_ANKYRINS",
                "condition.1": "Both",
                "source": "SPTBN4",
                "target": "SPTBN5"
            }
        },
        {
            "data": {
                "node_src": "SPTBN4",
                "node_dst": "SCN3B",
                "condition": "Both",
                "prior": "PRIOR",
                "pathway": "REACTOME_INTERACTION_BETWEEN_L1_AND_ANKYRINS",
                "condition.1": "Both",
                "source": "SPTBN4",
                "target": "SCN3B"
            }
        },
        {
            "data": {
                "node_src": "SCN1B",
                "node_dst": "ANK1",
                "condition": "Both",
                "prior": "PRIOR",
                "pathway": "REACTOME_INTERACTION_BETWEEN_L1_AND_ANKYRINS",
                "condition.1": "Both",
                "source": "SCN1B",
                "target": "ANK1"
            }
        },
        {
            "data": {
                "node_src": "SCN1B",
                "node_dst": "ANK3",
                "condition": "Both",
                "prior": "PRIOR",
                "pathway": "REACTOME_INTERACTION_BETWEEN_L1_AND_ANKYRINS",
                "condition.1": "Both",
                "source": "SCN1B",
                "target": "ANK3"
            }
        },
        {
            "data": {
                "node_src": "SCN1B",
                "node_dst": "KCNQ3",
                "condition": "Both",
                "prior": "NONE",
                "pathway": "REACTOME_INTERACTION_BETWEEN_L1_AND_ANKYRINS",
                "condition.1": "Both",
                "source": "SCN1B",
                "target": "KCNQ3"
            }
        },
        {
            "data": {
                "node_src": "SCN1B",
                "node_dst": "NRCAM",
                "condition": "Both",
                "prior": "PRIOR",
                "pathway": "REACTOME_INTERACTION_BETWEEN_L1_AND_ANKYRINS",
                "condition.1": "Both",
                "source": "SCN1B",
                "target": "NRCAM"
            }
        },
        {
            "data": {
                "node_src": "SCN1B",
                "node_dst": "SPTBN5",
                "condition": "Both",
                "prior": "PRIOR",
                "pathway": "REACTOME_INTERACTION_BETWEEN_L1_AND_ANKYRINS",
                "condition.1": "Both",
                "source": "SCN1B",
                "target": "SPTBN5"
            }
        },
        {
            "data": {
                "node_src": "SCN1B",
                "node_dst": "SPTBN4",
                "condition": "Both",
                "prior": "PRIOR",
                "pathway": "REACTOME_INTERACTION_BETWEEN_L1_AND_ANKYRINS",
                "condition.1": "Both",
                "source": "SCN1B",
                "target": "SPTBN4"
            }
        },
        {
            "data": {
                "node_src": "SCN2A",
                "node_dst": "ANK1",
                "condition": "Both",
                "prior": "PRIOR",
                "pathway": "REACTOME_INTERACTION_BETWEEN_L1_AND_ANKYRINS",
                "condition.1": "Both",
                "source": "SCN2A",
                "target": "ANK1"
            }
        },
        {
            "data": {
                "node_src": "SCN2A",
                "node_dst": "ANK3",
                "condition": "Both",
                "prior": "PRIOR",
                "pathway": "REACTOME_INTERACTION_BETWEEN_L1_AND_ANKYRINS",
                "condition.1": "Both",
                "source": "SCN2A",
                "target": "ANK3"
            }
        },
        {
            "data": {
                "node_src": "SCN2A",
                "node_dst": "KCNQ3",
                "condition": "Both",
                "prior": "NONE",
                "pathway": "REACTOME_INTERACTION_BETWEEN_L1_AND_ANKYRINS",
                "condition.1": "Both",
                "source": "SCN2A",
                "target": "KCNQ3"
            }
        },
        {
            "data": {
                "node_src": "SCN2A",
                "node_dst": "NRCAM",
                "condition": "Both",
                "prior": "PRIOR",
                "pathway": "REACTOME_INTERACTION_BETWEEN_L1_AND_ANKYRINS",
                "condition.1": "Both",
                "source": "SCN2A",
                "target": "NRCAM"
            }
        },
        {
            "data": {
                "node_src": "SCN2A",
                "node_dst": "SPTBN5",
                "condition": "Both",
                "prior": "PRIOR",
                "pathway": "REACTOME_INTERACTION_BETWEEN_L1_AND_ANKYRINS",
                "condition.1": "Both",
                "source": "SCN2A",
                "target": "SPTBN5"
            }
        },
        {
            "data": {
                "node_src": "SCN2A",
                "node_dst": "SPTBN4",
                "condition": "Both",
                "prior": "PRIOR",
                "pathway": "REACTOME_INTERACTION_BETWEEN_L1_AND_ANKYRINS",
                "condition.1": "Both",
                "source": "SCN2A",
                "target": "SPTBN4"
            }
        },
        {
            "data": {
                "node_src": "SCN2A",
                "node_dst": "SCN1B",
                "condition": "Both",
                "prior": "PRIOR",
                "pathway": "REACTOME_INTERACTION_BETWEEN_L1_AND_ANKYRINS",
                "condition.1": "Both",
                "source": "SCN2A",
                "target": "SCN1B"
            }
        },
        {
            "data": {
                "node_src": "SCN2B",
                "node_dst": "ANK1",
                "condition": "Both",
                "prior": "PRIOR",
                "pathway": "REACTOME_INTERACTION_BETWEEN_L1_AND_ANKYRINS",
                "condition.1": "Both",
                "source": "SCN2B",
                "target": "ANK1"
            }
        },
        {
            "data": {
                "node_src": "SCN2B",
                "node_dst": "ANK3",
                "condition": "Both",
                "prior": "PRIOR",
                "pathway": "REACTOME_INTERACTION_BETWEEN_L1_AND_ANKYRINS",
                "condition.1": "Both",
                "source": "SCN2B",
                "target": "ANK3"
            }
        },
        {
            "data": {
                "node_src": "SCN2B",
                "node_dst": "NRCAM",
                "condition": "Both",
                "prior": "PRIOR",
                "pathway": "REACTOME_INTERACTION_BETWEEN_L1_AND_ANKYRINS",
                "condition.1": "Both",
                "source": "SCN2B",
                "target": "NRCAM"
            }
        },
        {
            "data": {
                "node_src": "SCN2B",
                "node_dst": "SPTBN5",
                "condition": "Both",
                "prior": "PRIOR",
                "pathway": "REACTOME_INTERACTION_BETWEEN_L1_AND_ANKYRINS",
                "condition.1": "Both",
                "source": "SCN2B",
                "target": "SPTBN5"
            }
        },
        {
            "data": {
                "node_src": "SCN2B",
                "node_dst": "SCN1B",
                "condition": "Both",
                "prior": "PRIOR",
                "pathway": "REACTOME_INTERACTION_BETWEEN_L1_AND_ANKYRINS",
                "condition.1": "Both",
                "source": "SCN2B",
                "target": "SCN1B"
            }
        },
        {
            "data": {
                "node_src": "SCN2B",
                "node_dst": "SCN2A",
                "condition": "Both",
                "prior": "PRIOR",
                "pathway": "REACTOME_INTERACTION_BETWEEN_L1_AND_ANKYRINS",
                "condition.1": "Both",
                "source": "SCN2B",
                "target": "SCN2A"
            }
        },
        {
            "data": {
                "node_src": "SCN7A",
                "node_dst": "ANK1",
                "condition": "Both",
                "prior": "PRIOR",
                "pathway": "REACTOME_INTERACTION_BETWEEN_L1_AND_ANKYRINS",
                "condition.1": "Both",
                "source": "SCN7A",
                "target": "ANK1"
            }
        },
        {
            "data": {
                "node_src": "SCN7A",
                "node_dst": "ANK3",
                "condition": "Both",
                "prior": "PRIOR",
                "pathway": "REACTOME_INTERACTION_BETWEEN_L1_AND_ANKYRINS",
                "condition.1": "Both",
                "source": "SCN7A",
                "target": "ANK3"
            }
        },
        {
            "data": {
                "node_src": "SCN7A",
                "node_dst": "KCNQ3",
                "condition": "Both",
                "prior": "NONE",
                "pathway": "REACTOME_INTERACTION_BETWEEN_L1_AND_ANKYRINS",
                "condition.1": "Both",
                "source": "SCN7A",
                "target": "KCNQ3"
            }
        },
        {
            "data": {
                "node_src": "SCN7A",
                "node_dst": "NRCAM",
                "condition": "Both",
                "prior": "PRIOR",
                "pathway": "REACTOME_INTERACTION_BETWEEN_L1_AND_ANKYRINS",
                "condition.1": "Both",
                "source": "SCN7A",
                "target": "NRCAM"
            }
        },
        {
            "data": {
                "node_src": "SCN7A",
                "node_dst": "SPTBN5",
                "condition": "Both",
                "prior": "PRIOR",
                "pathway": "REACTOME_INTERACTION_BETWEEN_L1_AND_ANKYRINS",
                "condition.1": "Both",
                "source": "SCN7A",
                "target": "SPTBN5"
            }
        },
        {
            "data": {
                "node_src": "SCN7A",
                "node_dst": "SPTBN4",
                "condition": "Both",
                "prior": "PRIOR",
                "pathway": "REACTOME_INTERACTION_BETWEEN_L1_AND_ANKYRINS",
                "condition.1": "Both",
                "source": "SCN7A",
                "target": "SPTBN4"
            }
        },
        {
            "data": {
                "node_src": "SCN7A",
                "node_dst": "SCN1B",
                "condition": "Both",
                "prior": "PRIOR",
                "pathway": "REACTOME_INTERACTION_BETWEEN_L1_AND_ANKYRINS",
                "condition.1": "Both",
                "source": "SCN7A",
                "target": "SCN1B"
            }
        },
        {
            "data": {
                "node_src": "SCN7A",
                "node_dst": "SCN2A",
                "condition": "Both",
                "prior": "NONE",
                "pathway": "REACTOME_INTERACTION_BETWEEN_L1_AND_ANKYRINS",
                "condition.1": "Both",
                "source": "SCN7A",
                "target": "SCN2A"
            }
        },
        {
            "data": {
                "node_src": "SCN8A",
                "node_dst": "ANK1",
                "condition": "Both",
                "prior": "PRIOR",
                "pathway": "REACTOME_INTERACTION_BETWEEN_L1_AND_ANKYRINS",
                "condition.1": "Both",
                "source": "SCN8A",
                "target": "ANK1"
            }
        },
        {
            "data": {
                "node_src": "SCN8A",
                "node_dst": "ANK3",
                "condition": "Both",
                "prior": "PRIOR",
                "pathway": "REACTOME_INTERACTION_BETWEEN_L1_AND_ANKYRINS",
                "condition.1": "Both",
                "source": "SCN8A",
                "target": "ANK3"
            }
        },
        {
            "data": {
                "node_src": "SCN8A",
                "node_dst": "KCNQ3",
                "condition": "Both",
                "prior": "NONE",
                "pathway": "REACTOME_INTERACTION_BETWEEN_L1_AND_ANKYRINS",
                "condition.1": "Both",
                "source": "SCN8A",
                "target": "KCNQ3"
            }
        },
        {
            "data": {
                "node_src": "SCN8A",
                "node_dst": "NRCAM",
                "condition": "Both",
                "prior": "PRIOR",
                "pathway": "REACTOME_INTERACTION_BETWEEN_L1_AND_ANKYRINS",
                "condition.1": "Both",
                "source": "SCN8A",
                "target": "NRCAM"
            }
        },
        {
            "data": {
                "node_src": "SCN8A",
                "node_dst": "SPTBN5",
                "condition": "Both",
                "prior": "PRIOR",
                "pathway": "REACTOME_INTERACTION_BETWEEN_L1_AND_ANKYRINS",
                "condition.1": "Both",
                "source": "SCN8A",
                "target": "SPTBN5"
            }
        },
        {
            "data": {
                "node_src": "SCN8A",
                "node_dst": "SCN3B",
                "condition": "C1",
                "prior": "PRIOR",
                "pathway": "REACTOME_INTERACTION_BETWEEN_L1_AND_ANKYRINS",
                "condition.1": "GBApPD",
                "source": "SCN8A",
                "target": "SCN3B"
            }
        },
        {
            "data": {
                "node_src": "SCN8A",
                "node_dst": "SPTBN4",
                "condition": "Both",
                "prior": "PRIOR",
                "pathway": "REACTOME_INTERACTION_BETWEEN_L1_AND_ANKYRINS",
                "condition.1": "Both",
                "source": "SCN8A",
                "target": "SPTBN4"
            }
        },
        {
            "data": {
                "node_src": "SCN8A",
                "node_dst": "SCN1B",
                "condition": "Both",
                "prior": "PRIOR",
                "pathway": "REACTOME_INTERACTION_BETWEEN_L1_AND_ANKYRINS",
                "condition.1": "Both",
                "source": "SCN8A",
                "target": "SCN1B"
            }
        },
        {
            "data": {
                "node_src": "SCN8A",
                "node_dst": "SCN2A",
                "condition": "Both",
                "prior": "NONE",
                "pathway": "REACTOME_INTERACTION_BETWEEN_L1_AND_ANKYRINS",
                "condition.1": "Both",
                "source": "SCN8A",
                "target": "SCN2A"
            }
        },
        {
            "data": {
                "node_src": "SCN8A",
                "node_dst": "SCN2B",
                "condition": "Both",
                "prior": "PRIOR",
                "pathway": "REACTOME_INTERACTION_BETWEEN_L1_AND_ANKYRINS",
                "condition.1": "Both",
                "source": "SCN8A",
                "target": "SCN2B"
            }
        },
        {
            "data": {
                "node_src": "SCN8A",
                "node_dst": "SCN7A",
                "condition": "Both",
                "prior": "NONE",
                "pathway": "REACTOME_INTERACTION_BETWEEN_L1_AND_ANKYRINS",
                "condition.1": "Both",
                "source": "SCN8A",
                "target": "SCN7A"
            }
        },
        {
            "data": {
                "node_src": "SPTA1",
                "node_dst": "ANK1",
                "condition": "Both",
                "prior": "PRIOR",
                "pathway": "REACTOME_INTERACTION_BETWEEN_L1_AND_ANKYRINS",
                "condition.1": "Both",
                "source": "SPTA1",
                "target": "ANK1"
            }
        },
        {
            "data": {
                "node_src": "SPTA1",
                "node_dst": "ANK3",
                "condition": "Both",
                "prior": "PRIOR",
                "pathway": "REACTOME_INTERACTION_BETWEEN_L1_AND_ANKYRINS",
                "condition.1": "Both",
                "source": "SPTA1",
                "target": "ANK3"
            }
        },
        {
            "data": {
                "node_src": "SPTA1",
                "node_dst": "KCNQ3",
                "condition": "Both",
                "prior": "PRIOR",
                "pathway": "REACTOME_INTERACTION_BETWEEN_L1_AND_ANKYRINS",
                "condition.1": "Both",
                "source": "SPTA1",
                "target": "KCNQ3"
            }
        },
        {
            "data": {
                "node_src": "SPTA1",
                "node_dst": "NRCAM",
                "condition": "Both",
                "prior": "PRIOR",
                "pathway": "REACTOME_INTERACTION_BETWEEN_L1_AND_ANKYRINS",
                "condition.1": "Both",
                "source": "SPTA1",
                "target": "NRCAM"
            }
        },
        {
            "data": {
                "node_src": "SPTA1",
                "node_dst": "SPTBN5",
                "condition": "Both",
                "prior": "PRIOR",
                "pathway": "REACTOME_INTERACTION_BETWEEN_L1_AND_ANKYRINS",
                "condition.1": "Both",
                "source": "SPTA1",
                "target": "SPTBN5"
            }
        },
        {
            "data": {
                "node_src": "SPTA1",
                "node_dst": "SCN3B",
                "condition": "Both",
                "prior": "PRIOR",
                "pathway": "REACTOME_INTERACTION_BETWEEN_L1_AND_ANKYRINS",
                "condition.1": "Both",
                "source": "SPTA1",
                "target": "SCN3B"
            }
        },
        {
            "data": {
                "node_src": "SPTA1",
                "node_dst": "SPTBN4",
                "condition": "Both",
                "prior": "PRIOR",
                "pathway": "REACTOME_INTERACTION_BETWEEN_L1_AND_ANKYRINS",
                "condition.1": "Both",
                "source": "SPTA1",
                "target": "SPTBN4"
            }
        },
        {
            "data": {
                "node_src": "SPTA1",
                "node_dst": "SCN1B",
                "condition": "Both",
                "prior": "PRIOR",
                "pathway": "REACTOME_INTERACTION_BETWEEN_L1_AND_ANKYRINS",
                "condition.1": "Both",
                "source": "SPTA1",
                "target": "SCN1B"
            }
        },
        {
            "data": {
                "node_src": "SPTA1",
                "node_dst": "SCN2A",
                "condition": "Both",
                "prior": "PRIOR",
                "pathway": "REACTOME_INTERACTION_BETWEEN_L1_AND_ANKYRINS",
                "condition.1": "Both",
                "source": "SPTA1",
                "target": "SCN2A"
            }
        },
        {
            "data": {
                "node_src": "SPTA1",
                "node_dst": "SCN2B",
                "condition": "Both",
                "prior": "PRIOR",
                "pathway": "REACTOME_INTERACTION_BETWEEN_L1_AND_ANKYRINS",
                "condition.1": "Both",
                "source": "SPTA1",
                "target": "SCN2B"
            }
        },
        {
            "data": {
                "node_src": "SPTA1",
                "node_dst": "SCN7A",
                "condition": "Both",
                "prior": "PRIOR",
                "pathway": "REACTOME_INTERACTION_BETWEEN_L1_AND_ANKYRINS",
                "condition.1": "Both",
                "source": "SPTA1",
                "target": "SCN7A"
            }
        },
        {
            "data": {
                "node_src": "SPTA1",
                "node_dst": "SCN8A",
                "condition": "Both",
                "prior": "PRIOR",
                "pathway": "REACTOME_INTERACTION_BETWEEN_L1_AND_ANKYRINS",
                "condition.1": "Both",
                "source": "SPTA1",
                "target": "SCN8A"
            }
        },
        {
            "data": {
                "node_src": "SPTAN1",
                "node_dst": "ANK1",
                "condition": "Both",
                "prior": "PRIOR",
                "pathway": "REACTOME_INTERACTION_BETWEEN_L1_AND_ANKYRINS",
                "condition.1": "Both",
                "source": "SPTAN1",
                "target": "ANK1"
            }
        },
        {
            "data": {
                "node_src": "SPTAN1",
                "node_dst": "ANK3",
                "condition": "Both",
                "prior": "PRIOR",
                "pathway": "REACTOME_INTERACTION_BETWEEN_L1_AND_ANKYRINS",
                "condition.1": "Both",
                "source": "SPTAN1",
                "target": "ANK3"
            }
        },
        {
            "data": {
                "node_src": "SPTAN1",
                "node_dst": "KCNQ3",
                "condition": "Both",
                "prior": "PRIOR",
                "pathway": "REACTOME_INTERACTION_BETWEEN_L1_AND_ANKYRINS",
                "condition.1": "Both",
                "source": "SPTAN1",
                "target": "KCNQ3"
            }
        },
        {
            "data": {
                "node_src": "SPTAN1",
                "node_dst": "NRCAM",
                "condition": "Both",
                "prior": "PRIOR",
                "pathway": "REACTOME_INTERACTION_BETWEEN_L1_AND_ANKYRINS",
                "condition.1": "Both",
                "source": "SPTAN1",
                "target": "NRCAM"
            }
        },
        {
            "data": {
                "node_src": "SPTAN1",
                "node_dst": "SPTBN5",
                "condition": "Both",
                "prior": "PRIOR",
                "pathway": "REACTOME_INTERACTION_BETWEEN_L1_AND_ANKYRINS",
                "condition.1": "Both",
                "source": "SPTAN1",
                "target": "SPTBN5"
            }
        },
        {
            "data": {
                "node_src": "SPTAN1",
                "node_dst": "SCN3B",
                "condition": "Both",
                "prior": "PRIOR",
                "pathway": "REACTOME_INTERACTION_BETWEEN_L1_AND_ANKYRINS",
                "condition.1": "Both",
                "source": "SPTAN1",
                "target": "SCN3B"
            }
        },
        {
            "data": {
                "node_src": "SPTAN1",
                "node_dst": "SPTBN4",
                "condition": "Both",
                "prior": "PRIOR",
                "pathway": "REACTOME_INTERACTION_BETWEEN_L1_AND_ANKYRINS",
                "condition.1": "Both",
                "source": "SPTAN1",
                "target": "SPTBN4"
            }
        },
        {
            "data": {
                "node_src": "SPTAN1",
                "node_dst": "SCN1B",
                "condition": "Both",
                "prior": "PRIOR",
                "pathway": "REACTOME_INTERACTION_BETWEEN_L1_AND_ANKYRINS",
                "condition.1": "Both",
                "source": "SPTAN1",
                "target": "SCN1B"
            }
        },
        {
            "data": {
                "node_src": "SPTAN1",
                "node_dst": "SCN2A",
                "condition": "Both",
                "prior": "PRIOR",
                "pathway": "REACTOME_INTERACTION_BETWEEN_L1_AND_ANKYRINS",
                "condition.1": "Both",
                "source": "SPTAN1",
                "target": "SCN2A"
            }
        },
        {
            "data": {
                "node_src": "SPTAN1",
                "node_dst": "SCN2B",
                "condition": "Both",
                "prior": "PRIOR",
                "pathway": "REACTOME_INTERACTION_BETWEEN_L1_AND_ANKYRINS",
                "condition.1": "Both",
                "source": "SPTAN1",
                "target": "SCN2B"
            }
        },
        {
            "data": {
                "node_src": "SPTAN1",
                "node_dst": "SCN7A",
                "condition": "Both",
                "prior": "PRIOR",
                "pathway": "REACTOME_INTERACTION_BETWEEN_L1_AND_ANKYRINS",
                "condition.1": "Both",
                "source": "SPTAN1",
                "target": "SCN7A"
            }
        },
        {
            "data": {
                "node_src": "SPTAN1",
                "node_dst": "SCN8A",
                "condition": "Both",
                "prior": "PRIOR",
                "pathway": "REACTOME_INTERACTION_BETWEEN_L1_AND_ANKYRINS",
                "condition.1": "Both",
                "source": "SPTAN1",
                "target": "SCN8A"
            }
        },
        {
            "data": {
                "node_src": "SPTB",
                "node_dst": "ANK3",
                "condition": "Both",
                "prior": "PRIOR",
                "pathway": "REACTOME_INTERACTION_BETWEEN_L1_AND_ANKYRINS",
                "condition.1": "Both",
                "source": "SPTB",
                "target": "ANK3"
            }
        },
        {
            "data": {
                "node_src": "SPTB",
                "node_dst": "KCNQ3",
                "condition": "Both",
                "prior": "PRIOR",
                "pathway": "REACTOME_INTERACTION_BETWEEN_L1_AND_ANKYRINS",
                "condition.1": "Both",
                "source": "SPTB",
                "target": "KCNQ3"
            }
        },
        {
            "data": {
                "node_src": "SPTB",
                "node_dst": "NRCAM",
                "condition": "Both",
                "prior": "PRIOR",
                "pathway": "REACTOME_INTERACTION_BETWEEN_L1_AND_ANKYRINS",
                "condition.1": "Both",
                "source": "SPTB",
                "target": "NRCAM"
            }
        },
        {
            "data": {
                "node_src": "SPTB",
                "node_dst": "SCN3B",
                "condition": "Both",
                "prior": "PRIOR",
                "pathway": "REACTOME_INTERACTION_BETWEEN_L1_AND_ANKYRINS",
                "condition.1": "Both",
                "source": "SPTB",
                "target": "SCN3B"
            }
        },
        {
            "data": {
                "node_src": "SPTB",
                "node_dst": "SCN1B",
                "condition": "Both",
                "prior": "PRIOR",
                "pathway": "REACTOME_INTERACTION_BETWEEN_L1_AND_ANKYRINS",
                "condition.1": "Both",
                "source": "SPTB",
                "target": "SCN1B"
            }
        },
        {
            "data": {
                "node_src": "SPTB",
                "node_dst": "SCN2A",
                "condition": "Both",
                "prior": "PRIOR",
                "pathway": "REACTOME_INTERACTION_BETWEEN_L1_AND_ANKYRINS",
                "condition.1": "Both",
                "source": "SPTB",
                "target": "SCN2A"
            }
        },
        {
            "data": {
                "node_src": "SPTB",
                "node_dst": "SCN2B",
                "condition": "Both",
                "prior": "PRIOR",
                "pathway": "REACTOME_INTERACTION_BETWEEN_L1_AND_ANKYRINS",
                "condition.1": "Both",
                "source": "SPTB",
                "target": "SCN2B"
            }
        },
        {
            "data": {
                "node_src": "SPTB",
                "node_dst": "SCN7A",
                "condition": "Both",
                "prior": "PRIOR",
                "pathway": "REACTOME_INTERACTION_BETWEEN_L1_AND_ANKYRINS",
                "condition.1": "Both",
                "source": "SPTB",
                "target": "SCN7A"
            }
        },
        {
            "data": {
                "node_src": "SPTB",
                "node_dst": "SCN8A",
                "condition": "Both",
                "prior": "PRIOR",
                "pathway": "REACTOME_INTERACTION_BETWEEN_L1_AND_ANKYRINS",
                "condition.1": "Both",
                "source": "SPTB",
                "target": "SCN8A"
            }
        },
        {
            "data": {
                "node_src": "SPTB",
                "node_dst": "SPTA1",
                "condition": "Both",
                "prior": "PRIOR",
                "pathway": "REACTOME_INTERACTION_BETWEEN_L1_AND_ANKYRINS",
                "condition.1": "Both",
                "source": "SPTB",
                "target": "SPTA1"
            }
        },
        {
            "data": {
                "node_src": "SPTB",
                "node_dst": "SPTAN1",
                "condition": "Both",
                "prior": "PRIOR",
                "pathway": "REACTOME_INTERACTION_BETWEEN_L1_AND_ANKYRINS",
                "condition.1": "Both",
                "source": "SPTB",
                "target": "SPTAN1"
            }
        },
        {
            "data": {
                "node_src": "SPTBN1",
                "node_dst": "ANK1",
                "condition": "Both",
                "prior": "PRIOR",
                "pathway": "REACTOME_INTERACTION_BETWEEN_L1_AND_ANKYRINS",
                "condition.1": "Both",
                "source": "SPTBN1",
                "target": "ANK1"
            }
        },
        {
            "data": {
                "node_src": "SPTBN1",
                "node_dst": "ANK3",
                "condition": "Both",
                "prior": "PRIOR",
                "pathway": "REACTOME_INTERACTION_BETWEEN_L1_AND_ANKYRINS",
                "condition.1": "Both",
                "source": "SPTBN1",
                "target": "ANK3"
            }
        },
        {
            "data": {
                "node_src": "SPTBN1",
                "node_dst": "KCNQ3",
                "condition": "Both",
                "prior": "PRIOR",
                "pathway": "REACTOME_INTERACTION_BETWEEN_L1_AND_ANKYRINS",
                "condition.1": "Both",
                "source": "SPTBN1",
                "target": "KCNQ3"
            }
        },
        {
            "data": {
                "node_src": "SPTBN1",
                "node_dst": "NRCAM",
                "condition": "Both",
                "prior": "PRIOR",
                "pathway": "REACTOME_INTERACTION_BETWEEN_L1_AND_ANKYRINS",
                "condition.1": "Both",
                "source": "SPTBN1",
                "target": "NRCAM"
            }
        },
        {
            "data": {
                "node_src": "SPTBN1",
                "node_dst": "SPTBN5",
                "condition": "Both",
                "prior": "NONE",
                "pathway": "REACTOME_INTERACTION_BETWEEN_L1_AND_ANKYRINS",
                "condition.1": "Both",
                "source": "SPTBN1",
                "target": "SPTBN5"
            }
        },
        {
            "data": {
                "node_src": "SPTBN1",
                "node_dst": "SCN3B",
                "condition": "Both",
                "prior": "PRIOR",
                "pathway": "REACTOME_INTERACTION_BETWEEN_L1_AND_ANKYRINS",
                "condition.1": "Both",
                "source": "SPTBN1",
                "target": "SCN3B"
            }
        },
        {
            "data": {
                "node_src": "SPTBN1",
                "node_dst": "SPTBN4",
                "condition": "Both",
                "prior": "NONE",
                "pathway": "REACTOME_INTERACTION_BETWEEN_L1_AND_ANKYRINS",
                "condition.1": "Both",
                "source": "SPTBN1",
                "target": "SPTBN4"
            }
        },
        {
            "data": {
                "node_src": "SPTBN1",
                "node_dst": "SCN1B",
                "condition": "Both",
                "prior": "PRIOR",
                "pathway": "REACTOME_INTERACTION_BETWEEN_L1_AND_ANKYRINS",
                "condition.1": "Both",
                "source": "SPTBN1",
                "target": "SCN1B"
            }
        },
        {
            "data": {
                "node_src": "SPTBN1",
                "node_dst": "SCN2A",
                "condition": "Both",
                "prior": "PRIOR",
                "pathway": "REACTOME_INTERACTION_BETWEEN_L1_AND_ANKYRINS",
                "condition.1": "Both",
                "source": "SPTBN1",
                "target": "SCN2A"
            }
        },
        {
            "data": {
                "node_src": "SPTBN1",
                "node_dst": "SCN2B",
                "condition": "Both",
                "prior": "PRIOR",
                "pathway": "REACTOME_INTERACTION_BETWEEN_L1_AND_ANKYRINS",
                "condition.1": "Both",
                "source": "SPTBN1",
                "target": "SCN2B"
            }
        },
        {
            "data": {
                "node_src": "SPTBN1",
                "node_dst": "SCN7A",
                "condition": "Both",
                "prior": "PRIOR",
                "pathway": "REACTOME_INTERACTION_BETWEEN_L1_AND_ANKYRINS",
                "condition.1": "Both",
                "source": "SPTBN1",
                "target": "SCN7A"
            }
        },
        {
            "data": {
                "node_src": "SPTBN1",
                "node_dst": "SCN8A",
                "condition": "Both",
                "prior": "PRIOR",
                "pathway": "REACTOME_INTERACTION_BETWEEN_L1_AND_ANKYRINS",
                "condition.1": "Both",
                "source": "SPTBN1",
                "target": "SCN8A"
            }
        },
        {
            "data": {
                "node_src": "SPTBN1",
                "node_dst": "SPTA1",
                "condition": "Both",
                "prior": "PRIOR",
                "pathway": "REACTOME_INTERACTION_BETWEEN_L1_AND_ANKYRINS",
                "condition.1": "Both",
                "source": "SPTBN1",
                "target": "SPTA1"
            }
        },
        {
            "data": {
                "node_src": "SPTBN1",
                "node_dst": "SPTB",
                "condition": "Both",
                "prior": "NONE",
                "pathway": "REACTOME_INTERACTION_BETWEEN_L1_AND_ANKYRINS",
                "condition.1": "Both",
                "source": "SPTBN1",
                "target": "SPTB"
            }
        },
        {
            "data": {
                "node_src": "SCN1B",
                "node_dst": "SCN3B",
                "condition": "C2",
                "prior": "NONE",
                "pathway": "REACTOME_INTERACTION_BETWEEN_L1_AND_ANKYRINS",
                "condition.1": "GBApUnaffected",
                "source": "SCN1B",
                "target": "SCN3B"
            }
        },
        {
            "data": {
                "node_src": "SCN7A",
                "node_dst": "SCN3B",
                "condition": "C2",
                "prior": "PRIOR",
                "pathway": "REACTOME_INTERACTION_BETWEEN_L1_AND_ANKYRINS",
                "condition.1": "GBApUnaffected",
                "source": "SCN7A",
                "target": "SCN3B"
            }
        }
    ]
}

