{
    "metadata": [
        {
            "data": {
                "Both": "Both",
                "C1": "GBApPD",
                "C2": "GBApUnaffected"
            }
        }
    ],
    "nodes": [
        {
            "data": {
                "pathway": "REACTOME_EFFECTS_OF_PIP2_HYDROLYSIS",
                "id": "REACTOME_EFFECTS_OF_PIP2_HYDROLYSIS"
            }
        },
        {
            "data": {
                "name": "RASGRP2",
                "mediator.essentiality": false,
                "mediator.specificity": false,
                "mediator": "",
                "id": "RASGRP2",
                "pathway": "REACTOME_EFFECTS_OF_PIP2_HYDROLYSIS",
                "n": 23,
                "parent": "REACTOME_EFFECTS_OF_PIP2_HYDROLYSIS"
            }
        },
        {
            "data": {
                "name": "MGLL",
                "mediator.essentiality": true,
                "mediator.specificity": false,
                "mediator": "Essentiality mediator",
                "id": "MGLL",
                "pathway": "REACTOME_EFFECTS_OF_PIP2_HYDROLYSIS",
                "n": 23,
                "parent": "REACTOME_EFFECTS_OF_PIP2_HYDROLYSIS"
            }
        },
        {
            "data": {
                "name": "DGKK",
                "mediator.essentiality": false,
                "mediator.specificity": false,
                "mediator": "",
                "id": "DGKK",
                "pathway": "REACTOME_EFFECTS_OF_PIP2_HYDROLYSIS",
                "n": 23,
                "parent": "REACTOME_EFFECTS_OF_PIP2_HYDROLYSIS"
            }
        },
        {
            "data": {
                "name": "DGKA",
                "mediator.essentiality": false,
                "mediator.specificity": false,
                "mediator": "",
                "id": "DGKA",
                "pathway": "REACTOME_EFFECTS_OF_PIP2_HYDROLYSIS",
                "n": 23,
                "parent": "REACTOME_EFFECTS_OF_PIP2_HYDROLYSIS"
            }
        },
        {
            "data": {
                "name": "DGKB",
                "mediator.essentiality": false,
                "mediator.specificity": false,
                "mediator": "",
                "id": "DGKB",
                "pathway": "REACTOME_EFFECTS_OF_PIP2_HYDROLYSIS",
                "n": 23,
                "parent": "REACTOME_EFFECTS_OF_PIP2_HYDROLYSIS"
            }
        },
        {
            "data": {
                "name": "DGKG",
                "mediator.essentiality": true,
                "mediator.specificity": false,
                "mediator": "Essentiality mediator",
                "id": "DGKG",
                "pathway": "REACTOME_EFFECTS_OF_PIP2_HYDROLYSIS",
                "n": 23,
                "parent": "REACTOME_EFFECTS_OF_PIP2_HYDROLYSIS"
            }
        },
        {
            "data": {
                "name": "DGKH",
                "mediator.essentiality": false,
                "mediator.specificity": false,
                "mediator": "",
                "id": "DGKH",
                "pathway": "REACTOME_EFFECTS_OF_PIP2_HYDROLYSIS",
                "n": 23,
                "parent": "REACTOME_EFFECTS_OF_PIP2_HYDROLYSIS"
            }
        },
        {
            "data": {
                "name": "DGKQ",
                "mediator.essentiality": false,
                "mediator.specificity": false,
                "mediator": "",
                "id": "DGKQ",
                "pathway": "REACTOME_EFFECTS_OF_PIP2_HYDROLYSIS",
                "n": 23,
                "parent": "REACTOME_EFFECTS_OF_PIP2_HYDROLYSIS"
            }
        },
        {
            "data": {
                "name": "DAGLB",
                "mediator.essentiality": false,
                "mediator.specificity": false,
                "mediator": "",
                "id": "DAGLB",
                "pathway": "REACTOME_EFFECTS_OF_PIP2_HYDROLYSIS",
                "n": 23,
                "parent": "REACTOME_EFFECTS_OF_PIP2_HYDROLYSIS"
            }
        },
        {
            "data": {
                "name": "ITPR2",
                "mediator.essentiality": false,
                "mediator.specificity": false,
                "mediator": "",
                "id": "ITPR2",
                "pathway": "REACTOME_EFFECTS_OF_PIP2_HYDROLYSIS",
                "n": 23,
                "parent": "REACTOME_EFFECTS_OF_PIP2_HYDROLYSIS"
            }
        },
        {
            "data": {
                "name": "ITPR3",
                "mediator.essentiality": false,
                "mediator.specificity": false,
                "mediator": "",
                "id": "ITPR3",
                "pathway": "REACTOME_EFFECTS_OF_PIP2_HYDROLYSIS",
                "n": 23,
                "parent": "REACTOME_EFFECTS_OF_PIP2_HYDROLYSIS"
            }
        },
        {
            "data": {
                "name": "PRKCD",
                "mediator.essentiality": false,
                "mediator.specificity": false,
                "mediator": "",
                "id": "PRKCD",
                "pathway": "REACTOME_EFFECTS_OF_PIP2_HYDROLYSIS",
                "n": 23,
                "parent": "REACTOME_EFFECTS_OF_PIP2_HYDROLYSIS"
            }
        },
        {
            "data": {
                "name": "PRKCE",
                "mediator.essentiality": false,
                "mediator.specificity": false,
                "mediator": "",
                "id": "PRKCE",
                "pathway": "REACTOME_EFFECTS_OF_PIP2_HYDROLYSIS",
                "n": 23,
                "parent": "REACTOME_EFFECTS_OF_PIP2_HYDROLYSIS"
            }
        },
        {
            "data": {
                "name": "PRKCH",
                "mediator.essentiality": false,
                "mediator.specificity": false,
                "mediator": "",
                "id": "PRKCH",
                "pathway": "REACTOME_EFFECTS_OF_PIP2_HYDROLYSIS",
                "n": 23,
                "parent": "REACTOME_EFFECTS_OF_PIP2_HYDROLYSIS"
            }
        },
        {
            "data": {
                "name": "PRKCQ",
                "mediator.essentiality": false,
                "mediator.specificity": false,
                "mediator": "",
                "id": "PRKCQ",
                "pathway": "REACTOME_EFFECTS_OF_PIP2_HYDROLYSIS",
                "n": 23,
                "parent": "REACTOME_EFFECTS_OF_PIP2_HYDROLYSIS"
            }
        },
        {
            "data": {
                "name": "TRPC7",
                "mediator.essentiality": false,
                "mediator.specificity": false,
                "mediator": "",
                "id": "TRPC7",
                "pathway": "REACTOME_EFFECTS_OF_PIP2_HYDROLYSIS",
                "n": 23,
                "parent": "REACTOME_EFFECTS_OF_PIP2_HYDROLYSIS"
            }
        },
        {
            "data": {
                "name": "TRPC3",
                "mediator.essentiality": false,
                "mediator.specificity": false,
                "mediator": "",
                "id": "TRPC3",
                "pathway": "REACTOME_EFFECTS_OF_PIP2_HYDROLYSIS",
                "n": 23,
                "parent": "REACTOME_EFFECTS_OF_PIP2_HYDROLYSIS"
            }
        },
        {
            "data": {
                "name": "TRPC6",
                "mediator.essentiality": false,
                "mediator.specificity": false,
                "mediator": "",
                "id": "TRPC6",
                "pathway": "REACTOME_EFFECTS_OF_PIP2_HYDROLYSIS",
                "n": 23,
                "parent": "REACTOME_EFFECTS_OF_PIP2_HYDROLYSIS"
            }
        },
        {
            "data": {
                "name": "DAGLA",
                "mediator.essentiality": false,
                "mediator.specificity": false,
                "mediator": "",
                "id": "DAGLA",
                "pathway": "REACTOME_EFFECTS_OF_PIP2_HYDROLYSIS",
                "n": 23,
                "parent": "REACTOME_EFFECTS_OF_PIP2_HYDROLYSIS"
            }
        },
        {
            "data": {
                "name": "DGKE",
                "mediator.essentiality": false,
                "mediator.specificity": false,
                "mediator": "",
                "id": "DGKE",
                "pathway": "REACTOME_EFFECTS_OF_PIP2_HYDROLYSIS",
                "n": 23,
                "parent": "REACTOME_EFFECTS_OF_PIP2_HYDROLYSIS"
            }
        },
        {
            "data": {
                "name": "DGKD",
                "mediator.essentiality": false,
                "mediator.specificity": false,
                "mediator": "",
                "id": "DGKD",
                "pathway": "REACTOME_EFFECTS_OF_PIP2_HYDROLYSIS",
                "n": 23,
                "parent": "REACTOME_EFFECTS_OF_PIP2_HYDROLYSIS"
            }
        },
        {
            "data": {
                "name": "DGKI",
                "mediator.essentiality": false,
                "mediator.specificity": false,
                "mediator": "",
                "id": "DGKI",
                "pathway": "REACTOME_EFFECTS_OF_PIP2_HYDROLYSIS",
                "n": 23,
                "parent": "REACTOME_EFFECTS_OF_PIP2_HYDROLYSIS"
            }
        },
        {
            "data": {
                "name": "RASGRP1",
                "mediator.essentiality": false,
                "mediator.specificity": false,
                "mediator": "",
                "id": "RASGRP1",
                "pathway": "REACTOME_EFFECTS_OF_PIP2_HYDROLYSIS",
                "n": 23,
                "parent": "REACTOME_EFFECTS_OF_PIP2_HYDROLYSIS"
            }
        }
    ],
    "edges": [
        {
            "data": {
                "node_src": "RASGRP2",
                "node_dst": "RASGRP1",
                "condition": "Both",
                "prior": "NONE",
                "pathway": "REACTOME_EFFECTS_OF_PIP2_HYDROLYSIS",
                "condition.1": "Both",
                "source": "RASGRP2",
                "target": "RASGRP1"
            }
        },
        {
            "data": {
                "node_src": "MGLL",
                "node_dst": "RASGRP1",
                "condition": "Both",
                "prior": "NONE",
                "pathway": "REACTOME_EFFECTS_OF_PIP2_HYDROLYSIS",
                "condition.1": "Both",
                "source": "MGLL",
                "target": "RASGRP1"
            }
        },
        {
            "data": {
                "node_src": "MGLL",
                "node_dst": "RASGRP2",
                "condition": "Both",
                "prior": "NONE",
                "pathway": "REACTOME_EFFECTS_OF_PIP2_HYDROLYSIS",
                "condition.1": "Both",
                "source": "MGLL",
                "target": "RASGRP2"
            }
        },
        {
            "data": {
                "node_src": "DGKK",
                "node_dst": "MGLL",
                "condition": "Both",
                "prior": "NONE",
                "pathway": "REACTOME_EFFECTS_OF_PIP2_HYDROLYSIS",
                "condition.1": "Both",
                "source": "DGKK",
                "target": "MGLL"
            }
        },
        {
            "data": {
                "node_src": "DGKA",
                "node_dst": "RASGRP1",
                "condition": "Both",
                "prior": "NONE",
                "pathway": "REACTOME_EFFECTS_OF_PIP2_HYDROLYSIS",
                "condition.1": "Both",
                "source": "DGKA",
                "target": "RASGRP1"
            }
        },
        {
            "data": {
                "node_src": "DGKA",
                "node_dst": "MGLL",
                "condition": "Both",
                "prior": "NONE",
                "pathway": "REACTOME_EFFECTS_OF_PIP2_HYDROLYSIS",
                "condition.1": "Both",
                "source": "DGKA",
                "target": "MGLL"
            }
        },
        {
            "data": {
                "node_src": "DGKB",
                "node_dst": "RASGRP1",
                "condition": "Both",
                "prior": "NONE",
                "pathway": "REACTOME_EFFECTS_OF_PIP2_HYDROLYSIS",
                "condition.1": "Both",
                "source": "DGKB",
                "target": "RASGRP1"
            }
        },
        {
            "data": {
                "node_src": "DGKB",
                "node_dst": "RASGRP2",
                "condition": "Both",
                "prior": "NONE",
                "pathway": "REACTOME_EFFECTS_OF_PIP2_HYDROLYSIS",
                "condition.1": "Both",
                "source": "DGKB",
                "target": "RASGRP2"
            }
        },
        {
            "data": {
                "node_src": "DGKB",
                "node_dst": "MGLL",
                "condition": "Both",
                "prior": "NONE",
                "pathway": "REACTOME_EFFECTS_OF_PIP2_HYDROLYSIS",
                "condition.1": "Both",
                "source": "DGKB",
                "target": "MGLL"
            }
        },
        {
            "data": {
                "node_src": "DGKB",
                "node_dst": "DGKK",
                "condition": "Both",
                "prior": "NONE",
                "pathway": "REACTOME_EFFECTS_OF_PIP2_HYDROLYSIS",
                "condition.1": "Both",
                "source": "DGKB",
                "target": "DGKK"
            }
        },
        {
            "data": {
                "node_src": "DGKB",
                "node_dst": "DGKA",
                "condition": "Both",
                "prior": "NONE",
                "pathway": "REACTOME_EFFECTS_OF_PIP2_HYDROLYSIS",
                "condition.1": "Both",
                "source": "DGKB",
                "target": "DGKA"
            }
        },
        {
            "data": {
                "node_src": "DGKG",
                "node_dst": "RASGRP1",
                "condition": "Both",
                "prior": "NONE",
                "pathway": "REACTOME_EFFECTS_OF_PIP2_HYDROLYSIS",
                "condition.1": "Both",
                "source": "DGKG",
                "target": "RASGRP1"
            }
        },
        {
            "data": {
                "node_src": "DGKG",
                "node_dst": "RASGRP2",
                "condition": "Both",
                "prior": "NONE",
                "pathway": "REACTOME_EFFECTS_OF_PIP2_HYDROLYSIS",
                "condition.1": "Both",
                "source": "DGKG",
                "target": "RASGRP2"
            }
        },
        {
            "data": {
                "node_src": "DGKG",
                "node_dst": "MGLL",
                "condition": "Both",
                "prior": "NONE",
                "pathway": "REACTOME_EFFECTS_OF_PIP2_HYDROLYSIS",
                "condition.1": "Both",
                "source": "DGKG",
                "target": "MGLL"
            }
        },
        {
            "data": {
                "node_src": "DGKG",
                "node_dst": "DGKK",
                "condition": "C1",
                "prior": "NONE",
                "pathway": "REACTOME_EFFECTS_OF_PIP2_HYDROLYSIS",
                "condition.1": "GBApPD",
                "source": "DGKG",
                "target": "DGKK"
            }
        },
        {
            "data": {
                "node_src": "DGKG",
                "node_dst": "DGKA",
                "condition": "Both",
                "prior": "NONE",
                "pathway": "REACTOME_EFFECTS_OF_PIP2_HYDROLYSIS",
                "condition.1": "Both",
                "source": "DGKG",
                "target": "DGKA"
            }
        },
        {
            "data": {
                "node_src": "DGKH",
                "node_dst": "RASGRP2",
                "condition": "Both",
                "prior": "NONE",
                "pathway": "REACTOME_EFFECTS_OF_PIP2_HYDROLYSIS",
                "condition.1": "Both",
                "source": "DGKH",
                "target": "RASGRP2"
            }
        },
        {
            "data": {
                "node_src": "DGKH",
                "node_dst": "MGLL",
                "condition": "Both",
                "prior": "NONE",
                "pathway": "REACTOME_EFFECTS_OF_PIP2_HYDROLYSIS",
                "condition.1": "Both",
                "source": "DGKH",
                "target": "MGLL"
            }
        },
        {
            "data": {
                "node_src": "DGKH",
                "node_dst": "DGKA",
                "condition": "Both",
                "prior": "NONE",
                "pathway": "REACTOME_EFFECTS_OF_PIP2_HYDROLYSIS",
                "condition.1": "Both",
                "source": "DGKH",
                "target": "DGKA"
            }
        },
        {
            "data": {
                "node_src": "DGKH",
                "node_dst": "DGKB",
                "condition": "Both",
                "prior": "NONE",
                "pathway": "REACTOME_EFFECTS_OF_PIP2_HYDROLYSIS",
                "condition.1": "Both",
                "source": "DGKH",
                "target": "DGKB"
            }
        },
        {
            "data": {
                "node_src": "DGKH",
                "node_dst": "DGKG",
                "condition": "Both",
                "prior": "PRIOR",
                "pathway": "REACTOME_EFFECTS_OF_PIP2_HYDROLYSIS",
                "condition.1": "Both",
                "source": "DGKH",
                "target": "DGKG"
            }
        },
        {
            "data": {
                "node_src": "DGKQ",
                "node_dst": "RASGRP1",
                "condition": "Both",
                "prior": "NONE",
                "pathway": "REACTOME_EFFECTS_OF_PIP2_HYDROLYSIS",
                "condition.1": "Both",
                "source": "DGKQ",
                "target": "RASGRP1"
            }
        },
        {
            "data": {
                "node_src": "DGKQ",
                "node_dst": "RASGRP2",
                "condition": "Both",
                "prior": "NONE",
                "pathway": "REACTOME_EFFECTS_OF_PIP2_HYDROLYSIS",
                "condition.1": "Both",
                "source": "DGKQ",
                "target": "RASGRP2"
            }
        },
        {
            "data": {
                "node_src": "DGKQ",
                "node_dst": "MGLL",
                "condition": "Both",
                "prior": "NONE",
                "pathway": "REACTOME_EFFECTS_OF_PIP2_HYDROLYSIS",
                "condition.1": "Both",
                "source": "DGKQ",
                "target": "MGLL"
            }
        },
        {
            "data": {
                "node_src": "DGKQ",
                "node_dst": "DGKK",
                "condition": "Both",
                "prior": "PRIOR",
                "pathway": "REACTOME_EFFECTS_OF_PIP2_HYDROLYSIS",
                "condition.1": "Both",
                "source": "DGKQ",
                "target": "DGKK"
            }
        },
        {
            "data": {
                "node_src": "DGKQ",
                "node_dst": "DGKA",
                "condition": "Both",
                "prior": "NONE",
                "pathway": "REACTOME_EFFECTS_OF_PIP2_HYDROLYSIS",
                "condition.1": "Both",
                "source": "DGKQ",
                "target": "DGKA"
            }
        },
        {
            "data": {
                "node_src": "DGKQ",
                "node_dst": "DGKB",
                "condition": "Both",
                "prior": "NONE",
                "pathway": "REACTOME_EFFECTS_OF_PIP2_HYDROLYSIS",
                "condition.1": "Both",
                "source": "DGKQ",
                "target": "DGKB"
            }
        },
        {
            "data": {
                "node_src": "DGKQ",
                "node_dst": "DGKG",
                "condition": "Both",
                "prior": "NONE",
                "pathway": "REACTOME_EFFECTS_OF_PIP2_HYDROLYSIS",
                "condition.1": "Both",
                "source": "DGKQ",
                "target": "DGKG"
            }
        },
        {
            "data": {
                "node_src": "DGKQ",
                "node_dst": "DGKH",
                "condition": "Both",
                "prior": "NONE",
                "pathway": "REACTOME_EFFECTS_OF_PIP2_HYDROLYSIS",
                "condition.1": "Both",
                "source": "DGKQ",
                "target": "DGKH"
            }
        },
        {
            "data": {
                "node_src": "DAGLB",
                "node_dst": "RASGRP1",
                "condition": "Both",
                "prior": "NONE",
                "pathway": "REACTOME_EFFECTS_OF_PIP2_HYDROLYSIS",
                "condition.1": "Both",
                "source": "DAGLB",
                "target": "RASGRP1"
            }
        },
        {
            "data": {
                "node_src": "DAGLB",
                "node_dst": "MGLL",
                "condition": "Both",
                "prior": "PRIOR",
                "pathway": "REACTOME_EFFECTS_OF_PIP2_HYDROLYSIS",
                "condition.1": "Both",
                "source": "DAGLB",
                "target": "MGLL"
            }
        },
        {
            "data": {
                "node_src": "DAGLB",
                "node_dst": "DGKA",
                "condition": "Both",
                "prior": "NONE",
                "pathway": "REACTOME_EFFECTS_OF_PIP2_HYDROLYSIS",
                "condition.1": "Both",
                "source": "DAGLB",
                "target": "DGKA"
            }
        },
        {
            "data": {
                "node_src": "DAGLB",
                "node_dst": "DGKB",
                "condition": "Both",
                "prior": "NONE",
                "pathway": "REACTOME_EFFECTS_OF_PIP2_HYDROLYSIS",
                "condition.1": "Both",
                "source": "DAGLB",
                "target": "DGKB"
            }
        },
        {
            "data": {
                "node_src": "DAGLB",
                "node_dst": "DGKG",
                "condition": "Both",
                "prior": "NONE",
                "pathway": "REACTOME_EFFECTS_OF_PIP2_HYDROLYSIS",
                "condition.1": "Both",
                "source": "DAGLB",
                "target": "DGKG"
            }
        },
        {
            "data": {
                "node_src": "DAGLB",
                "node_dst": "DGKH",
                "condition": "Both",
                "prior": "NONE",
                "pathway": "REACTOME_EFFECTS_OF_PIP2_HYDROLYSIS",
                "condition.1": "Both",
                "source": "DAGLB",
                "target": "DGKH"
            }
        },
        {
            "data": {
                "node_src": "DAGLB",
                "node_dst": "DGKQ",
                "condition": "Both",
                "prior": "NONE",
                "pathway": "REACTOME_EFFECTS_OF_PIP2_HYDROLYSIS",
                "condition.1": "Both",
                "source": "DAGLB",
                "target": "DGKQ"
            }
        },
        {
            "data": {
                "node_src": "ITPR2",
                "node_dst": "RASGRP1",
                "condition": "Both",
                "prior": "PRIOR",
                "pathway": "REACTOME_EFFECTS_OF_PIP2_HYDROLYSIS",
                "condition.1": "Both",
                "source": "ITPR2",
                "target": "RASGRP1"
            }
        },
        {
            "data": {
                "node_src": "ITPR2",
                "node_dst": "RASGRP2",
                "condition": "Both",
                "prior": "PRIOR",
                "pathway": "REACTOME_EFFECTS_OF_PIP2_HYDROLYSIS",
                "condition.1": "Both",
                "source": "ITPR2",
                "target": "RASGRP2"
            }
        },
        {
            "data": {
                "node_src": "ITPR2",
                "node_dst": "MGLL",
                "condition": "Both",
                "prior": "NONE",
                "pathway": "REACTOME_EFFECTS_OF_PIP2_HYDROLYSIS",
                "condition.1": "Both",
                "source": "ITPR2",
                "target": "MGLL"
            }
        },
        {
            "data": {
                "node_src": "ITPR2",
                "node_dst": "DGKK",
                "condition": "C1",
                "prior": "NONE",
                "pathway": "REACTOME_EFFECTS_OF_PIP2_HYDROLYSIS",
                "condition.1": "GBApPD",
                "source": "ITPR2",
                "target": "DGKK"
            }
        },
        {
            "data": {
                "node_src": "ITPR2",
                "node_dst": "DGKA",
                "condition": "Both",
                "prior": "NONE",
                "pathway": "REACTOME_EFFECTS_OF_PIP2_HYDROLYSIS",
                "condition.1": "Both",
                "source": "ITPR2",
                "target": "DGKA"
            }
        },
        {
            "data": {
                "node_src": "ITPR2",
                "node_dst": "DGKB",
                "condition": "Both",
                "prior": "NONE",
                "pathway": "REACTOME_EFFECTS_OF_PIP2_HYDROLYSIS",
                "condition.1": "Both",
                "source": "ITPR2",
                "target": "DGKB"
            }
        },
        {
            "data": {
                "node_src": "ITPR2",
                "node_dst": "DGKG",
                "condition": "Both",
                "prior": "NONE",
                "pathway": "REACTOME_EFFECTS_OF_PIP2_HYDROLYSIS",
                "condition.1": "Both",
                "source": "ITPR2",
                "target": "DGKG"
            }
        },
        {
            "data": {
                "node_src": "ITPR2",
                "node_dst": "DGKH",
                "condition": "Both",
                "prior": "NONE",
                "pathway": "REACTOME_EFFECTS_OF_PIP2_HYDROLYSIS",
                "condition.1": "Both",
                "source": "ITPR2",
                "target": "DGKH"
            }
        },
        {
            "data": {
                "node_src": "ITPR2",
                "node_dst": "DGKQ",
                "condition": "Both",
                "prior": "NONE",
                "pathway": "REACTOME_EFFECTS_OF_PIP2_HYDROLYSIS",
                "condition.1": "Both",
                "source": "ITPR2",
                "target": "DGKQ"
            }
        },
        {
            "data": {
                "node_src": "ITPR2",
                "node_dst": "DAGLB",
                "condition": "Both",
                "prior": "NONE",
                "pathway": "REACTOME_EFFECTS_OF_PIP2_HYDROLYSIS",
                "condition.1": "Both",
                "source": "ITPR2",
                "target": "DAGLB"
            }
        },
        {
            "data": {
                "node_src": "ITPR3",
                "node_dst": "RASGRP1",
                "condition": "Both",
                "prior": "PRIOR",
                "pathway": "REACTOME_EFFECTS_OF_PIP2_HYDROLYSIS",
                "condition.1": "Both",
                "source": "ITPR3",
                "target": "RASGRP1"
            }
        },
        {
            "data": {
                "node_src": "ITPR3",
                "node_dst": "RASGRP2",
                "condition": "Both",
                "prior": "PRIOR",
                "pathway": "REACTOME_EFFECTS_OF_PIP2_HYDROLYSIS",
                "condition.1": "Both",
                "source": "ITPR3",
                "target": "RASGRP2"
            }
        },
        {
            "data": {
                "node_src": "ITPR3",
                "node_dst": "MGLL",
                "condition": "Both",
                "prior": "NONE",
                "pathway": "REACTOME_EFFECTS_OF_PIP2_HYDROLYSIS",
                "condition.1": "Both",
                "source": "ITPR3",
                "target": "MGLL"
            }
        },
        {
            "data": {
                "node_src": "ITPR3",
                "node_dst": "DGKG",
                "condition": "Both",
                "prior": "NONE",
                "pathway": "REACTOME_EFFECTS_OF_PIP2_HYDROLYSIS",
                "condition.1": "Both",
                "source": "ITPR3",
                "target": "DGKG"
            }
        },
        {
            "data": {
                "node_src": "ITPR3",
                "node_dst": "DGKH",
                "condition": "Both",
                "prior": "NONE",
                "pathway": "REACTOME_EFFECTS_OF_PIP2_HYDROLYSIS",
                "condition.1": "Both",
                "source": "ITPR3",
                "target": "DGKH"
            }
        },
        {
            "data": {
                "node_src": "ITPR3",
                "node_dst": "DGKQ",
                "condition": "Both",
                "prior": "NONE",
                "pathway": "REACTOME_EFFECTS_OF_PIP2_HYDROLYSIS",
                "condition.1": "Both",
                "source": "ITPR3",
                "target": "DGKQ"
            }
        },
        {
            "data": {
                "node_src": "ITPR3",
                "node_dst": "ITPR2",
                "condition": "Both",
                "prior": "NONE",
                "pathway": "REACTOME_EFFECTS_OF_PIP2_HYDROLYSIS",
                "condition.1": "Both",
                "source": "ITPR3",
                "target": "ITPR2"
            }
        },
        {
            "data": {
                "node_src": "PRKCD",
                "node_dst": "RASGRP1",
                "condition": "Both",
                "prior": "NONE",
                "pathway": "REACTOME_EFFECTS_OF_PIP2_HYDROLYSIS",
                "condition.1": "Both",
                "source": "PRKCD",
                "target": "RASGRP1"
            }
        },
        {
            "data": {
                "node_src": "PRKCD",
                "node_dst": "RASGRP2",
                "condition": "Both",
                "prior": "NONE",
                "pathway": "REACTOME_EFFECTS_OF_PIP2_HYDROLYSIS",
                "condition.1": "Both",
                "source": "PRKCD",
                "target": "RASGRP2"
            }
        },
        {
            "data": {
                "node_src": "PRKCD",
                "node_dst": "MGLL",
                "condition": "Both",
                "prior": "NONE",
                "pathway": "REACTOME_EFFECTS_OF_PIP2_HYDROLYSIS",
                "condition.1": "Both",
                "source": "PRKCD",
                "target": "MGLL"
            }
        },
        {
            "data": {
                "node_src": "PRKCD",
                "node_dst": "DGKK",
                "condition": "Both",
                "prior": "PRIOR",
                "pathway": "REACTOME_EFFECTS_OF_PIP2_HYDROLYSIS",
                "condition.1": "Both",
                "source": "PRKCD",
                "target": "DGKK"
            }
        },
        {
            "data": {
                "node_src": "PRKCD",
                "node_dst": "DGKA",
                "condition": "Both",
                "prior": "NONE",
                "pathway": "REACTOME_EFFECTS_OF_PIP2_HYDROLYSIS",
                "condition.1": "Both",
                "source": "PRKCD",
                "target": "DGKA"
            }
        },
        {
            "data": {
                "node_src": "PRKCD",
                "node_dst": "DGKG",
                "condition": "Both",
                "prior": "NONE",
                "pathway": "REACTOME_EFFECTS_OF_PIP2_HYDROLYSIS",
                "condition.1": "Both",
                "source": "PRKCD",
                "target": "DGKG"
            }
        },
        {
            "data": {
                "node_src": "PRKCD",
                "node_dst": "DGKH",
                "condition": "Both",
                "prior": "NONE",
                "pathway": "REACTOME_EFFECTS_OF_PIP2_HYDROLYSIS",
                "condition.1": "Both",
                "source": "PRKCD",
                "target": "DGKH"
            }
        },
        {
            "data": {
                "node_src": "PRKCD",
                "node_dst": "DGKQ",
                "condition": "Both",
                "prior": "PRIOR",
                "pathway": "REACTOME_EFFECTS_OF_PIP2_HYDROLYSIS",
                "condition.1": "Both",
                "source": "PRKCD",
                "target": "DGKQ"
            }
        },
        {
            "data": {
                "node_src": "PRKCD",
                "node_dst": "ITPR2",
                "condition": "Both",
                "prior": "PRIOR",
                "pathway": "REACTOME_EFFECTS_OF_PIP2_HYDROLYSIS",
                "condition.1": "Both",
                "source": "PRKCD",
                "target": "ITPR2"
            }
        },
        {
            "data": {
                "node_src": "PRKCD",
                "node_dst": "ITPR3",
                "condition": "Both",
                "prior": "PRIOR",
                "pathway": "REACTOME_EFFECTS_OF_PIP2_HYDROLYSIS",
                "condition.1": "Both",
                "source": "PRKCD",
                "target": "ITPR3"
            }
        },
        {
            "data": {
                "node_src": "PRKCE",
                "node_dst": "RASGRP1",
                "condition": "Both",
                "prior": "NONE",
                "pathway": "REACTOME_EFFECTS_OF_PIP2_HYDROLYSIS",
                "condition.1": "Both",
                "source": "PRKCE",
                "target": "RASGRP1"
            }
        },
        {
            "data": {
                "node_src": "PRKCE",
                "node_dst": "RASGRP2",
                "condition": "Both",
                "prior": "NONE",
                "pathway": "REACTOME_EFFECTS_OF_PIP2_HYDROLYSIS",
                "condition.1": "Both",
                "source": "PRKCE",
                "target": "RASGRP2"
            }
        },
        {
            "data": {
                "node_src": "PRKCE",
                "node_dst": "MGLL",
                "condition": "Both",
                "prior": "NONE",
                "pathway": "REACTOME_EFFECTS_OF_PIP2_HYDROLYSIS",
                "condition.1": "Both",
                "source": "PRKCE",
                "target": "MGLL"
            }
        },
        {
            "data": {
                "node_src": "PRKCE",
                "node_dst": "DGKK",
                "condition": "C1",
                "prior": "NONE",
                "pathway": "REACTOME_EFFECTS_OF_PIP2_HYDROLYSIS",
                "condition.1": "GBApPD",
                "source": "PRKCE",
                "target": "DGKK"
            }
        },
        {
            "data": {
                "node_src": "PRKCE",
                "node_dst": "DGKA",
                "condition": "Both",
                "prior": "NONE",
                "pathway": "REACTOME_EFFECTS_OF_PIP2_HYDROLYSIS",
                "condition.1": "Both",
                "source": "PRKCE",
                "target": "DGKA"
            }
        },
        {
            "data": {
                "node_src": "PRKCE",
                "node_dst": "DGKB",
                "condition": "Both",
                "prior": "NONE",
                "pathway": "REACTOME_EFFECTS_OF_PIP2_HYDROLYSIS",
                "condition.1": "Both",
                "source": "PRKCE",
                "target": "DGKB"
            }
        },
        {
            "data": {
                "node_src": "PRKCE",
                "node_dst": "DGKG",
                "condition": "Both",
                "prior": "NONE",
                "pathway": "REACTOME_EFFECTS_OF_PIP2_HYDROLYSIS",
                "condition.1": "Both",
                "source": "PRKCE",
                "target": "DGKG"
            }
        },
        {
            "data": {
                "node_src": "PRKCE",
                "node_dst": "DGKH",
                "condition": "Both",
                "prior": "NONE",
                "pathway": "REACTOME_EFFECTS_OF_PIP2_HYDROLYSIS",
                "condition.1": "Both",
                "source": "PRKCE",
                "target": "DGKH"
            }
        },
        {
            "data": {
                "node_src": "PRKCE",
                "node_dst": "DGKQ",
                "condition": "Both",
                "prior": "NONE",
                "pathway": "REACTOME_EFFECTS_OF_PIP2_HYDROLYSIS",
                "condition.1": "Both",
                "source": "PRKCE",
                "target": "DGKQ"
            }
        },
        {
            "data": {
                "node_src": "PRKCE",
                "node_dst": "DAGLB",
                "condition": "Both",
                "prior": "NONE",
                "pathway": "REACTOME_EFFECTS_OF_PIP2_HYDROLYSIS",
                "condition.1": "Both",
                "source": "PRKCE",
                "target": "DAGLB"
            }
        },
        {
            "data": {
                "node_src": "PRKCE",
                "node_dst": "ITPR2",
                "condition": "Both",
                "prior": "PRIOR",
                "pathway": "REACTOME_EFFECTS_OF_PIP2_HYDROLYSIS",
                "condition.1": "Both",
                "source": "PRKCE",
                "target": "ITPR2"
            }
        },
        {
            "data": {
                "node_src": "PRKCE",
                "node_dst": "ITPR3",
                "condition": "Both",
                "prior": "PRIOR",
                "pathway": "REACTOME_EFFECTS_OF_PIP2_HYDROLYSIS",
                "condition.1": "Both",
                "source": "PRKCE",
                "target": "ITPR3"
            }
        },
        {
            "data": {
                "node_src": "PRKCE",
                "node_dst": "PRKCD",
                "condition": "Both",
                "prior": "NONE",
                "pathway": "REACTOME_EFFECTS_OF_PIP2_HYDROLYSIS",
                "condition.1": "Both",
                "source": "PRKCE",
                "target": "PRKCD"
            }
        },
        {
            "data": {
                "node_src": "PRKCH",
                "node_dst": "MGLL",
                "condition": "Both",
                "prior": "NONE",
                "pathway": "REACTOME_EFFECTS_OF_PIP2_HYDROLYSIS",
                "condition.1": "Both",
                "source": "PRKCH",
                "target": "MGLL"
            }
        },
        {
            "data": {
                "node_src": "PRKCH",
                "node_dst": "DGKA",
                "condition": "Both",
                "prior": "NONE",
                "pathway": "REACTOME_EFFECTS_OF_PIP2_HYDROLYSIS",
                "condition.1": "Both",
                "source": "PRKCH",
                "target": "DGKA"
            }
        },
        {
            "data": {
                "node_src": "PRKCH",
                "node_dst": "DGKB",
                "condition": "Both",
                "prior": "NONE",
                "pathway": "REACTOME_EFFECTS_OF_PIP2_HYDROLYSIS",
                "condition.1": "Both",
                "source": "PRKCH",
                "target": "DGKB"
            }
        },
        {
            "data": {
                "node_src": "PRKCH",
                "node_dst": "DGKG",
                "condition": "Both",
                "prior": "NONE",
                "pathway": "REACTOME_EFFECTS_OF_PIP2_HYDROLYSIS",
                "condition.1": "Both",
                "source": "PRKCH",
                "target": "DGKG"
            }
        },
        {
            "data": {
                "node_src": "PRKCH",
                "node_dst": "DGKQ",
                "condition": "Both",
                "prior": "NONE",
                "pathway": "REACTOME_EFFECTS_OF_PIP2_HYDROLYSIS",
                "condition.1": "Both",
                "source": "PRKCH",
                "target": "DGKQ"
            }
        },
        {
            "data": {
                "node_src": "PRKCH",
                "node_dst": "DAGLB",
                "condition": "Both",
                "prior": "NONE",
                "pathway": "REACTOME_EFFECTS_OF_PIP2_HYDROLYSIS",
                "condition.1": "Both",
                "source": "PRKCH",
                "target": "DAGLB"
            }
        },
        {
            "data": {
                "node_src": "PRKCH",
                "node_dst": "ITPR3",
                "condition": "Both",
                "prior": "NONE",
                "pathway": "REACTOME_EFFECTS_OF_PIP2_HYDROLYSIS",
                "condition.1": "Both",
                "source": "PRKCH",
                "target": "ITPR3"
            }
        },
        {
            "data": {
                "node_src": "PRKCH",
                "node_dst": "PRKCD",
                "condition": "Both",
                "prior": "NONE",
                "pathway": "REACTOME_EFFECTS_OF_PIP2_HYDROLYSIS",
                "condition.1": "Both",
                "source": "PRKCH",
                "target": "PRKCD"
            }
        },
        {
            "data": {
                "node_src": "PRKCH",
                "node_dst": "PRKCE",
                "condition": "Both",
                "prior": "NONE",
                "pathway": "REACTOME_EFFECTS_OF_PIP2_HYDROLYSIS",
                "condition.1": "Both",
                "source": "PRKCH",
                "target": "PRKCE"
            }
        },
        {
            "data": {
                "node_src": "PRKCQ",
                "node_dst": "RASGRP2",
                "condition": "Both",
                "prior": "PRIOR",
                "pathway": "REACTOME_EFFECTS_OF_PIP2_HYDROLYSIS",
                "condition.1": "Both",
                "source": "PRKCQ",
                "target": "RASGRP2"
            }
        },
        {
            "data": {
                "node_src": "PRKCQ",
                "node_dst": "MGLL",
                "condition": "Both",
                "prior": "NONE",
                "pathway": "REACTOME_EFFECTS_OF_PIP2_HYDROLYSIS",
                "condition.1": "Both",
                "source": "PRKCQ",
                "target": "MGLL"
            }
        },
        {
            "data": {
                "node_src": "PRKCQ",
                "node_dst": "DGKA",
                "condition": "Both",
                "prior": "NONE",
                "pathway": "REACTOME_EFFECTS_OF_PIP2_HYDROLYSIS",
                "condition.1": "Both",
                "source": "PRKCQ",
                "target": "DGKA"
            }
        },
        {
            "data": {
                "node_src": "PRKCQ",
                "node_dst": "DGKB",
                "condition": "Both",
                "prior": "NONE",
                "pathway": "REACTOME_EFFECTS_OF_PIP2_HYDROLYSIS",
                "condition.1": "Both",
                "source": "PRKCQ",
                "target": "DGKB"
            }
        },
        {
            "data": {
                "node_src": "PRKCQ",
                "node_dst": "DGKG",
                "condition": "Both",
                "prior": "NONE",
                "pathway": "REACTOME_EFFECTS_OF_PIP2_HYDROLYSIS",
                "condition.1": "Both",
                "source": "PRKCQ",
                "target": "DGKG"
            }
        },
        {
            "data": {
                "node_src": "PRKCQ",
                "node_dst": "DGKH",
                "condition": "C1",
                "prior": "NONE",
                "pathway": "REACTOME_EFFECTS_OF_PIP2_HYDROLYSIS",
                "condition.1": "GBApPD",
                "source": "PRKCQ",
                "target": "DGKH"
            }
        },
        {
            "data": {
                "node_src": "PRKCQ",
                "node_dst": "DGKQ",
                "condition": "Both",
                "prior": "NONE",
                "pathway": "REACTOME_EFFECTS_OF_PIP2_HYDROLYSIS",
                "condition.1": "Both",
                "source": "PRKCQ",
                "target": "DGKQ"
            }
        },
        {
            "data": {
                "node_src": "PRKCQ",
                "node_dst": "DAGLB",
                "condition": "Both",
                "prior": "NONE",
                "pathway": "REACTOME_EFFECTS_OF_PIP2_HYDROLYSIS",
                "condition.1": "Both",
                "source": "PRKCQ",
                "target": "DAGLB"
            }
        },
        {
            "data": {
                "node_src": "PRKCQ",
                "node_dst": "ITPR2",
                "condition": "Both",
                "prior": "NONE",
                "pathway": "REACTOME_EFFECTS_OF_PIP2_HYDROLYSIS",
                "condition.1": "Both",
                "source": "PRKCQ",
                "target": "ITPR2"
            }
        },
        {
            "data": {
                "node_src": "PRKCQ",
                "node_dst": "ITPR3",
                "condition": "Both",
                "prior": "NONE",
                "pathway": "REACTOME_EFFECTS_OF_PIP2_HYDROLYSIS",
                "condition.1": "Both",
                "source": "PRKCQ",
                "target": "ITPR3"
            }
        },
        {
            "data": {
                "node_src": "PRKCQ",
                "node_dst": "PRKCD",
                "condition": "Both",
                "prior": "PRIOR",
                "pathway": "REACTOME_EFFECTS_OF_PIP2_HYDROLYSIS",
                "condition.1": "Both",
                "source": "PRKCQ",
                "target": "PRKCD"
            }
        },
        {
            "data": {
                "node_src": "PRKCQ",
                "node_dst": "PRKCE",
                "condition": "Both",
                "prior": "NONE",
                "pathway": "REACTOME_EFFECTS_OF_PIP2_HYDROLYSIS",
                "condition.1": "Both",
                "source": "PRKCQ",
                "target": "PRKCE"
            }
        },
        {
            "data": {
                "node_src": "TRPC7",
                "node_dst": "RASGRP1",
                "condition": "Both",
                "prior": "PRIOR",
                "pathway": "REACTOME_EFFECTS_OF_PIP2_HYDROLYSIS",
                "condition.1": "Both",
                "source": "TRPC7",
                "target": "RASGRP1"
            }
        },
        {
            "data": {
                "node_src": "TRPC7",
                "node_dst": "RASGRP2",
                "condition": "Both",
                "prior": "PRIOR",
                "pathway": "REACTOME_EFFECTS_OF_PIP2_HYDROLYSIS",
                "condition.1": "Both",
                "source": "TRPC7",
                "target": "RASGRP2"
            }
        },
        {
            "data": {
                "node_src": "TRPC7",
                "node_dst": "MGLL",
                "condition": "Both",
                "prior": "NONE",
                "pathway": "REACTOME_EFFECTS_OF_PIP2_HYDROLYSIS",
                "condition.1": "Both",
                "source": "TRPC7",
                "target": "MGLL"
            }
        },
        {
            "data": {
                "node_src": "TRPC7",
                "node_dst": "DGKK",
                "condition": "Both",
                "prior": "NONE",
                "pathway": "REACTOME_EFFECTS_OF_PIP2_HYDROLYSIS",
                "condition.1": "Both",
                "source": "TRPC7",
                "target": "DGKK"
            }
        },
        {
            "data": {
                "node_src": "TRPC7",
                "node_dst": "DGKA",
                "condition": "Both",
                "prior": "NONE",
                "pathway": "REACTOME_EFFECTS_OF_PIP2_HYDROLYSIS",
                "condition.1": "Both",
                "source": "TRPC7",
                "target": "DGKA"
            }
        },
        {
            "data": {
                "node_src": "TRPC7",
                "node_dst": "DGKB",
                "condition": "Both",
                "prior": "NONE",
                "pathway": "REACTOME_EFFECTS_OF_PIP2_HYDROLYSIS",
                "condition.1": "Both",
                "source": "TRPC7",
                "target": "DGKB"
            }
        },
        {
            "data": {
                "node_src": "TRPC7",
                "node_dst": "DGKH",
                "condition": "Both",
                "prior": "NONE",
                "pathway": "REACTOME_EFFECTS_OF_PIP2_HYDROLYSIS",
                "condition.1": "Both",
                "source": "TRPC7",
                "target": "DGKH"
            }
        },
        {
            "data": {
                "node_src": "TRPC7",
                "node_dst": "DGKQ",
                "condition": "Both",
                "prior": "NONE",
                "pathway": "REACTOME_EFFECTS_OF_PIP2_HYDROLYSIS",
                "condition.1": "Both",
                "source": "TRPC7",
                "target": "DGKQ"
            }
        },
        {
            "data": {
                "node_src": "TRPC7",
                "node_dst": "DAGLB",
                "condition": "Both",
                "prior": "NONE",
                "pathway": "REACTOME_EFFECTS_OF_PIP2_HYDROLYSIS",
                "condition.1": "Both",
                "source": "TRPC7",
                "target": "DAGLB"
            }
        },
        {
            "data": {
                "node_src": "TRPC7",
                "node_dst": "ITPR2",
                "condition": "Both",
                "prior": "NONE",
                "pathway": "REACTOME_EFFECTS_OF_PIP2_HYDROLYSIS",
                "condition.1": "Both",
                "source": "TRPC7",
                "target": "ITPR2"
            }
        },
        {
            "data": {
                "node_src": "TRPC7",
                "node_dst": "ITPR3",
                "condition": "Both",
                "prior": "PRIOR",
                "pathway": "REACTOME_EFFECTS_OF_PIP2_HYDROLYSIS",
                "condition.1": "Both",
                "source": "TRPC7",
                "target": "ITPR3"
            }
        },
        {
            "data": {
                "node_src": "TRPC7",
                "node_dst": "PRKCD",
                "condition": "Both",
                "prior": "PRIOR",
                "pathway": "REACTOME_EFFECTS_OF_PIP2_HYDROLYSIS",
                "condition.1": "Both",
                "source": "TRPC7",
                "target": "PRKCD"
            }
        },
        {
            "data": {
                "node_src": "TRPC7",
                "node_dst": "PRKCE",
                "condition": "Both",
                "prior": "NONE",
                "pathway": "REACTOME_EFFECTS_OF_PIP2_HYDROLYSIS",
                "condition.1": "Both",
                "source": "TRPC7",
                "target": "PRKCE"
            }
        },
        {
            "data": {
                "node_src": "TRPC7",
                "node_dst": "PRKCH",
                "condition": "Both",
                "prior": "NONE",
                "pathway": "REACTOME_EFFECTS_OF_PIP2_HYDROLYSIS",
                "condition.1": "Both",
                "source": "TRPC7",
                "target": "PRKCH"
            }
        },
        {
            "data": {
                "node_src": "TRPC7",
                "node_dst": "PRKCQ",
                "condition": "Both",
                "prior": "NONE",
                "pathway": "REACTOME_EFFECTS_OF_PIP2_HYDROLYSIS",
                "condition.1": "Both",
                "source": "TRPC7",
                "target": "PRKCQ"
            }
        },
        {
            "data": {
                "node_src": "TRPC3",
                "node_dst": "RASGRP1",
                "condition": "Both",
                "prior": "PRIOR",
                "pathway": "REACTOME_EFFECTS_OF_PIP2_HYDROLYSIS",
                "condition.1": "Both",
                "source": "TRPC3",
                "target": "RASGRP1"
            }
        },
        {
            "data": {
                "node_src": "TRPC3",
                "node_dst": "RASGRP2",
                "condition": "Both",
                "prior": "PRIOR",
                "pathway": "REACTOME_EFFECTS_OF_PIP2_HYDROLYSIS",
                "condition.1": "Both",
                "source": "TRPC3",
                "target": "RASGRP2"
            }
        },
        {
            "data": {
                "node_src": "TRPC3",
                "node_dst": "MGLL",
                "condition": "Both",
                "prior": "NONE",
                "pathway": "REACTOME_EFFECTS_OF_PIP2_HYDROLYSIS",
                "condition.1": "Both",
                "source": "TRPC3",
                "target": "MGLL"
            }
        },
        {
            "data": {
                "node_src": "TRPC3",
                "node_dst": "DGKK",
                "condition": "Both",
                "prior": "NONE",
                "pathway": "REACTOME_EFFECTS_OF_PIP2_HYDROLYSIS",
                "condition.1": "Both",
                "source": "TRPC3",
                "target": "DGKK"
            }
        },
        {
            "data": {
                "node_src": "TRPC3",
                "node_dst": "DGKA",
                "condition": "Both",
                "prior": "NONE",
                "pathway": "REACTOME_EFFECTS_OF_PIP2_HYDROLYSIS",
                "condition.1": "Both",
                "source": "TRPC3",
                "target": "DGKA"
            }
        },
        {
            "data": {
                "node_src": "TRPC3",
                "node_dst": "DGKB",
                "condition": "Both",
                "prior": "NONE",
                "pathway": "REACTOME_EFFECTS_OF_PIP2_HYDROLYSIS",
                "condition.1": "Both",
                "source": "TRPC3",
                "target": "DGKB"
            }
        },
        {
            "data": {
                "node_src": "TRPC3",
                "node_dst": "DGKH",
                "condition": "Both",
                "prior": "NONE",
                "pathway": "REACTOME_EFFECTS_OF_PIP2_HYDROLYSIS",
                "condition.1": "Both",
                "source": "TRPC3",
                "target": "DGKH"
            }
        },
        {
            "data": {
                "node_src": "TRPC3",
                "node_dst": "DAGLB",
                "condition": "C1",
                "prior": "NONE",
                "pathway": "REACTOME_EFFECTS_OF_PIP2_HYDROLYSIS",
                "condition.1": "GBApPD",
                "source": "TRPC3",
                "target": "DAGLB"
            }
        },
        {
            "data": {
                "node_src": "TRPC3",
                "node_dst": "ITPR2",
                "condition": "Both",
                "prior": "NONE",
                "pathway": "REACTOME_EFFECTS_OF_PIP2_HYDROLYSIS",
                "condition.1": "Both",
                "source": "TRPC3",
                "target": "ITPR2"
            }
        },
        {
            "data": {
                "node_src": "TRPC3",
                "node_dst": "ITPR3",
                "condition": "Both",
                "prior": "PRIOR",
                "pathway": "REACTOME_EFFECTS_OF_PIP2_HYDROLYSIS",
                "condition.1": "Both",
                "source": "TRPC3",
                "target": "ITPR3"
            }
        },
        {
            "data": {
                "node_src": "TRPC3",
                "node_dst": "PRKCD",
                "condition": "Both",
                "prior": "PRIOR",
                "pathway": "REACTOME_EFFECTS_OF_PIP2_HYDROLYSIS",
                "condition.1": "Both",
                "source": "TRPC3",
                "target": "PRKCD"
            }
        },
        {
            "data": {
                "node_src": "TRPC3",
                "node_dst": "PRKCH",
                "condition": "Both",
                "prior": "NONE",
                "pathway": "REACTOME_EFFECTS_OF_PIP2_HYDROLYSIS",
                "condition.1": "Both",
                "source": "TRPC3",
                "target": "PRKCH"
            }
        },
        {
            "data": {
                "node_src": "TRPC3",
                "node_dst": "PRKCQ",
                "condition": "Both",
                "prior": "NONE",
                "pathway": "REACTOME_EFFECTS_OF_PIP2_HYDROLYSIS",
                "condition.1": "Both",
                "source": "TRPC3",
                "target": "PRKCQ"
            }
        },
        {
            "data": {
                "node_src": "TRPC3",
                "node_dst": "TRPC7",
                "condition": "Both",
                "prior": "PRIOR",
                "pathway": "REACTOME_EFFECTS_OF_PIP2_HYDROLYSIS",
                "condition.1": "Both",
                "source": "TRPC3",
                "target": "TRPC7"
            }
        },
        {
            "data": {
                "node_src": "TRPC6",
                "node_dst": "RASGRP1",
                "condition": "Both",
                "prior": "PRIOR",
                "pathway": "REACTOME_EFFECTS_OF_PIP2_HYDROLYSIS",
                "condition.1": "Both",
                "source": "TRPC6",
                "target": "RASGRP1"
            }
        },
        {
            "data": {
                "node_src": "TRPC6",
                "node_dst": "RASGRP2",
                "condition": "Both",
                "prior": "PRIOR",
                "pathway": "REACTOME_EFFECTS_OF_PIP2_HYDROLYSIS",
                "condition.1": "Both",
                "source": "TRPC6",
                "target": "RASGRP2"
            }
        },
        {
            "data": {
                "node_src": "TRPC6",
                "node_dst": "MGLL",
                "condition": "Both",
                "prior": "NONE",
                "pathway": "REACTOME_EFFECTS_OF_PIP2_HYDROLYSIS",
                "condition.1": "Both",
                "source": "TRPC6",
                "target": "MGLL"
            }
        },
        {
            "data": {
                "node_src": "TRPC6",
                "node_dst": "DGKK",
                "condition": "Both",
                "prior": "NONE",
                "pathway": "REACTOME_EFFECTS_OF_PIP2_HYDROLYSIS",
                "condition.1": "Both",
                "source": "TRPC6",
                "target": "DGKK"
            }
        },
        {
            "data": {
                "node_src": "TRPC6",
                "node_dst": "DGKB",
                "condition": "Both",
                "prior": "NONE",
                "pathway": "REACTOME_EFFECTS_OF_PIP2_HYDROLYSIS",
                "condition.1": "Both",
                "source": "TRPC6",
                "target": "DGKB"
            }
        },
        {
            "data": {
                "node_src": "TRPC6",
                "node_dst": "DGKG",
                "condition": "Both",
                "prior": "NONE",
                "pathway": "REACTOME_EFFECTS_OF_PIP2_HYDROLYSIS",
                "condition.1": "Both",
                "source": "TRPC6",
                "target": "DGKG"
            }
        },
        {
            "data": {
                "node_src": "TRPC6",
                "node_dst": "DGKH",
                "condition": "Both",
                "prior": "NONE",
                "pathway": "REACTOME_EFFECTS_OF_PIP2_HYDROLYSIS",
                "condition.1": "Both",
                "source": "TRPC6",
                "target": "DGKH"
            }
        },
        {
            "data": {
                "node_src": "TRPC6",
                "node_dst": "DAGLB",
                "condition": "C1",
                "prior": "NONE",
                "pathway": "REACTOME_EFFECTS_OF_PIP2_HYDROLYSIS",
                "condition.1": "GBApPD",
                "source": "TRPC6",
                "target": "DAGLB"
            }
        },
        {
            "data": {
                "node_src": "TRPC6",
                "node_dst": "ITPR2",
                "condition": "Both",
                "prior": "NONE",
                "pathway": "REACTOME_EFFECTS_OF_PIP2_HYDROLYSIS",
                "condition.1": "Both",
                "source": "TRPC6",
                "target": "ITPR2"
            }
        },
        {
            "data": {
                "node_src": "TRPC6",
                "node_dst": "ITPR3",
                "condition": "Both",
                "prior": "PRIOR",
                "pathway": "REACTOME_EFFECTS_OF_PIP2_HYDROLYSIS",
                "condition.1": "Both",
                "source": "TRPC6",
                "target": "ITPR3"
            }
        },
        {
            "data": {
                "node_src": "TRPC6",
                "node_dst": "PRKCD",
                "condition": "Both",
                "prior": "PRIOR",
                "pathway": "REACTOME_EFFECTS_OF_PIP2_HYDROLYSIS",
                "condition.1": "Both",
                "source": "TRPC6",
                "target": "PRKCD"
            }
        },
        {
            "data": {
                "node_src": "TRPC6",
                "node_dst": "PRKCE",
                "condition": "Both",
                "prior": "NONE",
                "pathway": "REACTOME_EFFECTS_OF_PIP2_HYDROLYSIS",
                "condition.1": "Both",
                "source": "TRPC6",
                "target": "PRKCE"
            }
        },
        {
            "data": {
                "node_src": "TRPC6",
                "node_dst": "TRPC7",
                "condition": "Both",
                "prior": "PRIOR",
                "pathway": "REACTOME_EFFECTS_OF_PIP2_HYDROLYSIS",
                "condition.1": "Both",
                "source": "TRPC6",
                "target": "TRPC7"
            }
        },
        {
            "data": {
                "node_src": "TRPC6",
                "node_dst": "TRPC3",
                "condition": "Both",
                "prior": "PRIOR",
                "pathway": "REACTOME_EFFECTS_OF_PIP2_HYDROLYSIS",
                "condition.1": "Both",
                "source": "TRPC6",
                "target": "TRPC3"
            }
        },
        {
            "data": {
                "node_src": "DAGLA",
                "node_dst": "RASGRP1",
                "condition": "Both",
                "prior": "NONE",
                "pathway": "REACTOME_EFFECTS_OF_PIP2_HYDROLYSIS",
                "condition.1": "Both",
                "source": "DAGLA",
                "target": "RASGRP1"
            }
        },
        {
            "data": {
                "node_src": "DAGLA",
                "node_dst": "RASGRP2",
                "condition": "Both",
                "prior": "NONE",
                "pathway": "REACTOME_EFFECTS_OF_PIP2_HYDROLYSIS",
                "condition.1": "Both",
                "source": "DAGLA",
                "target": "RASGRP2"
            }
        },
        {
            "data": {
                "node_src": "DAGLA",
                "node_dst": "MGLL",
                "condition": "Both",
                "prior": "PRIOR",
                "pathway": "REACTOME_EFFECTS_OF_PIP2_HYDROLYSIS",
                "condition.1": "Both",
                "source": "DAGLA",
                "target": "MGLL"
            }
        },
        {
            "data": {
                "node_src": "DAGLA",
                "node_dst": "DGKK",
                "condition": "C1",
                "prior": "NONE",
                "pathway": "REACTOME_EFFECTS_OF_PIP2_HYDROLYSIS",
                "condition.1": "GBApPD",
                "source": "DAGLA",
                "target": "DGKK"
            }
        },
        {
            "data": {
                "node_src": "DAGLA",
                "node_dst": "DGKA",
                "condition": "Both",
                "prior": "NONE",
                "pathway": "REACTOME_EFFECTS_OF_PIP2_HYDROLYSIS",
                "condition.1": "Both",
                "source": "DAGLA",
                "target": "DGKA"
            }
        },
        {
            "data": {
                "node_src": "DAGLA",
                "node_dst": "DGKB",
                "condition": "Both",
                "prior": "NONE",
                "pathway": "REACTOME_EFFECTS_OF_PIP2_HYDROLYSIS",
                "condition.1": "Both",
                "source": "DAGLA",
                "target": "DGKB"
            }
        },
        {
            "data": {
                "node_src": "DAGLA",
                "node_dst": "DGKG",
                "condition": "Both",
                "prior": "NONE",
                "pathway": "REACTOME_EFFECTS_OF_PIP2_HYDROLYSIS",
                "condition.1": "Both",
                "source": "DAGLA",
                "target": "DGKG"
            }
        },
        {
            "data": {
                "node_src": "DAGLA",
                "node_dst": "DGKH",
                "condition": "Both",
                "prior": "NONE",
                "pathway": "REACTOME_EFFECTS_OF_PIP2_HYDROLYSIS",
                "condition.1": "Both",
                "source": "DAGLA",
                "target": "DGKH"
            }
        },
        {
            "data": {
                "node_src": "DAGLA",
                "node_dst": "DGKQ",
                "condition": "Both",
                "prior": "NONE",
                "pathway": "REACTOME_EFFECTS_OF_PIP2_HYDROLYSIS",
                "condition.1": "Both",
                "source": "DAGLA",
                "target": "DGKQ"
            }
        },
        {
            "data": {
                "node_src": "DAGLA",
                "node_dst": "DAGLB",
                "condition": "Both",
                "prior": "NONE",
                "pathway": "REACTOME_EFFECTS_OF_PIP2_HYDROLYSIS",
                "condition.1": "Both",
                "source": "DAGLA",
                "target": "DAGLB"
            }
        },
        {
            "data": {
                "node_src": "DAGLA",
                "node_dst": "ITPR2",
                "condition": "Both",
                "prior": "NONE",
                "pathway": "REACTOME_EFFECTS_OF_PIP2_HYDROLYSIS",
                "condition.1": "Both",
                "source": "DAGLA",
                "target": "ITPR2"
            }
        },
        {
            "data": {
                "node_src": "DAGLA",
                "node_dst": "ITPR3",
                "condition": "Both",
                "prior": "NONE",
                "pathway": "REACTOME_EFFECTS_OF_PIP2_HYDROLYSIS",
                "condition.1": "Both",
                "source": "DAGLA",
                "target": "ITPR3"
            }
        },
        {
            "data": {
                "node_src": "DAGLA",
                "node_dst": "PRKCD",
                "condition": "Both",
                "prior": "NONE",
                "pathway": "REACTOME_EFFECTS_OF_PIP2_HYDROLYSIS",
                "condition.1": "Both",
                "source": "DAGLA",
                "target": "PRKCD"
            }
        },
        {
            "data": {
                "node_src": "DAGLA",
                "node_dst": "PRKCE",
                "condition": "Both",
                "prior": "NONE",
                "pathway": "REACTOME_EFFECTS_OF_PIP2_HYDROLYSIS",
                "condition.1": "Both",
                "source": "DAGLA",
                "target": "PRKCE"
            }
        },
        {
            "data": {
                "node_src": "DAGLA",
                "node_dst": "PRKCH",
                "condition": "Both",
                "prior": "NONE",
                "pathway": "REACTOME_EFFECTS_OF_PIP2_HYDROLYSIS",
                "condition.1": "Both",
                "source": "DAGLA",
                "target": "PRKCH"
            }
        },
        {
            "data": {
                "node_src": "DAGLA",
                "node_dst": "PRKCQ",
                "condition": "Both",
                "prior": "NONE",
                "pathway": "REACTOME_EFFECTS_OF_PIP2_HYDROLYSIS",
                "condition.1": "Both",
                "source": "DAGLA",
                "target": "PRKCQ"
            }
        },
        {
            "data": {
                "node_src": "DAGLA",
                "node_dst": "TRPC7",
                "condition": "Both",
                "prior": "NONE",
                "pathway": "REACTOME_EFFECTS_OF_PIP2_HYDROLYSIS",
                "condition.1": "Both",
                "source": "DAGLA",
                "target": "TRPC7"
            }
        },
        {
            "data": {
                "node_src": "DAGLA",
                "node_dst": "TRPC3",
                "condition": "Both",
                "prior": "NONE",
                "pathway": "REACTOME_EFFECTS_OF_PIP2_HYDROLYSIS",
                "condition.1": "Both",
                "source": "DAGLA",
                "target": "TRPC3"
            }
        },
        {
            "data": {
                "node_src": "DAGLA",
                "node_dst": "TRPC6",
                "condition": "Both",
                "prior": "NONE",
                "pathway": "REACTOME_EFFECTS_OF_PIP2_HYDROLYSIS",
                "condition.1": "Both",
                "source": "DAGLA",
                "target": "TRPC6"
            }
        },
        {
            "data": {
                "node_src": "DGKE",
                "node_dst": "RASGRP2",
                "condition": "Both",
                "prior": "NONE",
                "pathway": "REACTOME_EFFECTS_OF_PIP2_HYDROLYSIS",
                "condition.1": "Both",
                "source": "DGKE",
                "target": "RASGRP2"
            }
        },
        {
            "data": {
                "node_src": "DGKE",
                "node_dst": "MGLL",
                "condition": "Both",
                "prior": "NONE",
                "pathway": "REACTOME_EFFECTS_OF_PIP2_HYDROLYSIS",
                "condition.1": "Both",
                "source": "DGKE",
                "target": "MGLL"
            }
        },
        {
            "data": {
                "node_src": "DGKE",
                "node_dst": "DGKA",
                "condition": "Both",
                "prior": "NONE",
                "pathway": "REACTOME_EFFECTS_OF_PIP2_HYDROLYSIS",
                "condition.1": "Both",
                "source": "DGKE",
                "target": "DGKA"
            }
        },
        {
            "data": {
                "node_src": "DGKE",
                "node_dst": "DGKB",
                "condition": "Both",
                "prior": "NONE",
                "pathway": "REACTOME_EFFECTS_OF_PIP2_HYDROLYSIS",
                "condition.1": "Both",
                "source": "DGKE",
                "target": "DGKB"
            }
        },
        {
            "data": {
                "node_src": "DGKE",
                "node_dst": "DGKG",
                "condition": "Both",
                "prior": "PRIOR",
                "pathway": "REACTOME_EFFECTS_OF_PIP2_HYDROLYSIS",
                "condition.1": "Both",
                "source": "DGKE",
                "target": "DGKG"
            }
        },
        {
            "data": {
                "node_src": "DGKE",
                "node_dst": "DGKQ",
                "condition": "Both",
                "prior": "NONE",
                "pathway": "REACTOME_EFFECTS_OF_PIP2_HYDROLYSIS",
                "condition.1": "Both",
                "source": "DGKE",
                "target": "DGKQ"
            }
        },
        {
            "data": {
                "node_src": "DGKE",
                "node_dst": "DAGLB",
                "condition": "Both",
                "prior": "NONE",
                "pathway": "REACTOME_EFFECTS_OF_PIP2_HYDROLYSIS",
                "condition.1": "Both",
                "source": "DGKE",
                "target": "DAGLB"
            }
        },
        {
            "data": {
                "node_src": "DGKE",
                "node_dst": "ITPR2",
                "condition": "Both",
                "prior": "NONE",
                "pathway": "REACTOME_EFFECTS_OF_PIP2_HYDROLYSIS",
                "condition.1": "Both",
                "source": "DGKE",
                "target": "ITPR2"
            }
        },
        {
            "data": {
                "node_src": "DGKE",
                "node_dst": "ITPR3",
                "condition": "Both",
                "prior": "NONE",
                "pathway": "REACTOME_EFFECTS_OF_PIP2_HYDROLYSIS",
                "condition.1": "Both",
                "source": "DGKE",
                "target": "ITPR3"
            }
        },
        {
            "data": {
                "node_src": "DGKE",
                "node_dst": "PRKCD",
                "condition": "Both",
                "prior": "NONE",
                "pathway": "REACTOME_EFFECTS_OF_PIP2_HYDROLYSIS",
                "condition.1": "Both",
                "source": "DGKE",
                "target": "PRKCD"
            }
        },
        {
            "data": {
                "node_src": "DGKE",
                "node_dst": "PRKCE",
                "condition": "Both",
                "prior": "NONE",
                "pathway": "REACTOME_EFFECTS_OF_PIP2_HYDROLYSIS",
                "condition.1": "Both",
                "source": "DGKE",
                "target": "PRKCE"
            }
        },
        {
            "data": {
                "node_src": "DGKE",
                "node_dst": "PRKCQ",
                "condition": "C1",
                "prior": "NONE",
                "pathway": "REACTOME_EFFECTS_OF_PIP2_HYDROLYSIS",
                "condition.1": "GBApPD",
                "source": "DGKE",
                "target": "PRKCQ"
            }
        },
        {
            "data": {
                "node_src": "DGKE",
                "node_dst": "TRPC7",
                "condition": "Both",
                "prior": "NONE",
                "pathway": "REACTOME_EFFECTS_OF_PIP2_HYDROLYSIS",
                "condition.1": "Both",
                "source": "DGKE",
                "target": "TRPC7"
            }
        },
        {
            "data": {
                "node_src": "DGKE",
                "node_dst": "TRPC3",
                "condition": "Both",
                "prior": "NONE",
                "pathway": "REACTOME_EFFECTS_OF_PIP2_HYDROLYSIS",
                "condition.1": "Both",
                "source": "DGKE",
                "target": "TRPC3"
            }
        },
        {
            "data": {
                "node_src": "DGKE",
                "node_dst": "TRPC6",
                "condition": "C1",
                "prior": "NONE",
                "pathway": "REACTOME_EFFECTS_OF_PIP2_HYDROLYSIS",
                "condition.1": "GBApPD",
                "source": "DGKE",
                "target": "TRPC6"
            }
        },
        {
            "data": {
                "node_src": "DGKE",
                "node_dst": "DAGLA",
                "condition": "Both",
                "prior": "NONE",
                "pathway": "REACTOME_EFFECTS_OF_PIP2_HYDROLYSIS",
                "condition.1": "Both",
                "source": "DGKE",
                "target": "DAGLA"
            }
        },
        {
            "data": {
                "node_src": "DGKD",
                "node_dst": "RASGRP1",
                "condition": "Both",
                "prior": "NONE",
                "pathway": "REACTOME_EFFECTS_OF_PIP2_HYDROLYSIS",
                "condition.1": "Both",
                "source": "DGKD",
                "target": "RASGRP1"
            }
        },
        {
            "data": {
                "node_src": "DGKD",
                "node_dst": "RASGRP2",
                "condition": "Both",
                "prior": "NONE",
                "pathway": "REACTOME_EFFECTS_OF_PIP2_HYDROLYSIS",
                "condition.1": "Both",
                "source": "DGKD",
                "target": "RASGRP2"
            }
        },
        {
            "data": {
                "node_src": "DGKD",
                "node_dst": "MGLL",
                "condition": "Both",
                "prior": "NONE",
                "pathway": "REACTOME_EFFECTS_OF_PIP2_HYDROLYSIS",
                "condition.1": "Both",
                "source": "DGKD",
                "target": "MGLL"
            }
        },
        {
            "data": {
                "node_src": "DGKD",
                "node_dst": "DGKB",
                "condition": "Both",
                "prior": "NONE",
                "pathway": "REACTOME_EFFECTS_OF_PIP2_HYDROLYSIS",
                "condition.1": "Both",
                "source": "DGKD",
                "target": "DGKB"
            }
        },
        {
            "data": {
                "node_src": "DGKD",
                "node_dst": "DGKG",
                "condition": "Both",
                "prior": "NONE",
                "pathway": "REACTOME_EFFECTS_OF_PIP2_HYDROLYSIS",
                "condition.1": "Both",
                "source": "DGKD",
                "target": "DGKG"
            }
        },
        {
            "data": {
                "node_src": "DGKD",
                "node_dst": "DGKH",
                "condition": "Both",
                "prior": "PRIOR",
                "pathway": "REACTOME_EFFECTS_OF_PIP2_HYDROLYSIS",
                "condition.1": "Both",
                "source": "DGKD",
                "target": "DGKH"
            }
        },
        {
            "data": {
                "node_src": "DGKD",
                "node_dst": "DGKQ",
                "condition": "Both",
                "prior": "NONE",
                "pathway": "REACTOME_EFFECTS_OF_PIP2_HYDROLYSIS",
                "condition.1": "Both",
                "source": "DGKD",
                "target": "DGKQ"
            }
        },
        {
            "data": {
                "node_src": "DGKD",
                "node_dst": "ITPR2",
                "condition": "Both",
                "prior": "NONE",
                "pathway": "REACTOME_EFFECTS_OF_PIP2_HYDROLYSIS",
                "condition.1": "Both",
                "source": "DGKD",
                "target": "ITPR2"
            }
        },
        {
            "data": {
                "node_src": "DGKD",
                "node_dst": "PRKCH",
                "condition": "Both",
                "prior": "NONE",
                "pathway": "REACTOME_EFFECTS_OF_PIP2_HYDROLYSIS",
                "condition.1": "Both",
                "source": "DGKD",
                "target": "PRKCH"
            }
        },
        {
            "data": {
                "node_src": "DGKD",
                "node_dst": "PRKCQ",
                "condition": "Both",
                "prior": "NONE",
                "pathway": "REACTOME_EFFECTS_OF_PIP2_HYDROLYSIS",
                "condition.1": "Both",
                "source": "DGKD",
                "target": "PRKCQ"
            }
        },
        {
            "data": {
                "node_src": "DGKD",
                "node_dst": "TRPC7",
                "condition": "C1",
                "prior": "NONE",
                "pathway": "REACTOME_EFFECTS_OF_PIP2_HYDROLYSIS",
                "condition.1": "GBApPD",
                "source": "DGKD",
                "target": "TRPC7"
            }
        },
        {
            "data": {
                "node_src": "DGKD",
                "node_dst": "DAGLA",
                "condition": "Both",
                "prior": "NONE",
                "pathway": "REACTOME_EFFECTS_OF_PIP2_HYDROLYSIS",
                "condition.1": "Both",
                "source": "DGKD",
                "target": "DAGLA"
            }
        },
        {
            "data": {
                "node_src": "DGKD",
                "node_dst": "DGKE",
                "condition": "Both",
                "prior": "NONE",
                "pathway": "REACTOME_EFFECTS_OF_PIP2_HYDROLYSIS",
                "condition.1": "Both",
                "source": "DGKD",
                "target": "DGKE"
            }
        },
        {
            "data": {
                "node_src": "DGKI",
                "node_dst": "RASGRP1",
                "condition": "Both",
                "prior": "NONE",
                "pathway": "REACTOME_EFFECTS_OF_PIP2_HYDROLYSIS",
                "condition.1": "Both",
                "source": "DGKI",
                "target": "RASGRP1"
            }
        },
        {
            "data": {
                "node_src": "DGKI",
                "node_dst": "RASGRP2",
                "condition": "Both",
                "prior": "NONE",
                "pathway": "REACTOME_EFFECTS_OF_PIP2_HYDROLYSIS",
                "condition.1": "Both",
                "source": "DGKI",
                "target": "RASGRP2"
            }
        },
        {
            "data": {
                "node_src": "DGKI",
                "node_dst": "MGLL",
                "condition": "Both",
                "prior": "NONE",
                "pathway": "REACTOME_EFFECTS_OF_PIP2_HYDROLYSIS",
                "condition.1": "Both",
                "source": "DGKI",
                "target": "MGLL"
            }
        },
        {
            "data": {
                "node_src": "DGKI",
                "node_dst": "DGKK",
                "condition": "Both",
                "prior": "NONE",
                "pathway": "REACTOME_EFFECTS_OF_PIP2_HYDROLYSIS",
                "condition.1": "Both",
                "source": "DGKI",
                "target": "DGKK"
            }
        },
        {
            "data": {
                "node_src": "DGKI",
                "node_dst": "DGKA",
                "condition": "Both",
                "prior": "NONE",
                "pathway": "REACTOME_EFFECTS_OF_PIP2_HYDROLYSIS",
                "condition.1": "Both",
                "source": "DGKI",
                "target": "DGKA"
            }
        },
        {
            "data": {
                "node_src": "DGKI",
                "node_dst": "DGKB",
                "condition": "C1",
                "prior": "NONE",
                "pathway": "REACTOME_EFFECTS_OF_PIP2_HYDROLYSIS",
                "condition.1": "GBApPD",
                "source": "DGKI",
                "target": "DGKB"
            }
        },
        {
            "data": {
                "node_src": "DGKI",
                "node_dst": "DGKG",
                "condition": "Both",
                "prior": "NONE",
                "pathway": "REACTOME_EFFECTS_OF_PIP2_HYDROLYSIS",
                "condition.1": "Both",
                "source": "DGKI",
                "target": "DGKG"
            }
        },
        {
            "data": {
                "node_src": "DGKI",
                "node_dst": "DGKH",
                "condition": "Both",
                "prior": "NONE",
                "pathway": "REACTOME_EFFECTS_OF_PIP2_HYDROLYSIS",
                "condition.1": "Both",
                "source": "DGKI",
                "target": "DGKH"
            }
        },
        {
            "data": {
                "node_src": "DGKI",
                "node_dst": "DGKQ",
                "condition": "Both",
                "prior": "NONE",
                "pathway": "REACTOME_EFFECTS_OF_PIP2_HYDROLYSIS",
                "condition.1": "Both",
                "source": "DGKI",
                "target": "DGKQ"
            }
        },
        {
            "data": {
                "node_src": "DGKI",
                "node_dst": "DAGLB",
                "condition": "Both",
                "prior": "NONE",
                "pathway": "REACTOME_EFFECTS_OF_PIP2_HYDROLYSIS",
                "condition.1": "Both",
                "source": "DGKI",
                "target": "DAGLB"
            }
        },
        {
            "data": {
                "node_src": "DGKI",
                "node_dst": "ITPR2",
                "condition": "Both",
                "prior": "NONE",
                "pathway": "REACTOME_EFFECTS_OF_PIP2_HYDROLYSIS",
                "condition.1": "Both",
                "source": "DGKI",
                "target": "ITPR2"
            }
        },
        {
            "data": {
                "node_src": "DGKI",
                "node_dst": "PRKCD",
                "condition": "Both",
                "prior": "NONE",
                "pathway": "REACTOME_EFFECTS_OF_PIP2_HYDROLYSIS",
                "condition.1": "Both",
                "source": "DGKI",
                "target": "PRKCD"
            }
        },
        {
            "data": {
                "node_src": "DGKI",
                "node_dst": "PRKCH",
                "condition": "Both",
                "prior": "NONE",
                "pathway": "REACTOME_EFFECTS_OF_PIP2_HYDROLYSIS",
                "condition.1": "Both",
                "source": "DGKI",
                "target": "PRKCH"
            }
        },
        {
            "data": {
                "node_src": "DGKI",
                "node_dst": "PRKCQ",
                "condition": "Both",
                "prior": "NONE",
                "pathway": "REACTOME_EFFECTS_OF_PIP2_HYDROLYSIS",
                "condition.1": "Both",
                "source": "DGKI",
                "target": "PRKCQ"
            }
        },
        {
            "data": {
                "node_src": "DGKI",
                "node_dst": "TRPC3",
                "condition": "Both",
                "prior": "NONE",
                "pathway": "REACTOME_EFFECTS_OF_PIP2_HYDROLYSIS",
                "condition.1": "Both",
                "source": "DGKI",
                "target": "TRPC3"
            }
        },
        {
            "data": {
                "node_src": "DGKI",
                "node_dst": "TRPC6",
                "condition": "Both",
                "prior": "NONE",
                "pathway": "REACTOME_EFFECTS_OF_PIP2_HYDROLYSIS",
                "condition.1": "Both",
                "source": "DGKI",
                "target": "TRPC6"
            }
        },
        {
            "data": {
                "node_src": "DGKI",
                "node_dst": "DAGLA",
                "condition": "Both",
                "prior": "NONE",
                "pathway": "REACTOME_EFFECTS_OF_PIP2_HYDROLYSIS",
                "condition.1": "Both",
                "source": "DGKI",
                "target": "DAGLA"
            }
        },
        {
            "data": {
                "node_src": "DGKI",
                "node_dst": "DGKE",
                "condition": "Both",
                "prior": "NONE",
                "pathway": "REACTOME_EFFECTS_OF_PIP2_HYDROLYSIS",
                "condition.1": "Both",
                "source": "DGKI",
                "target": "DGKE"
            }
        },
        {
            "data": {
                "node_src": "DGKI",
                "node_dst": "DGKD",
                "condition": "Both",
                "prior": "NONE",
                "pathway": "REACTOME_EFFECTS_OF_PIP2_HYDROLYSIS",
                "condition.1": "Both",
                "source": "DGKI",
                "target": "DGKD"
            }
        },
        {
            "data": {
                "node_src": "DGKA",
                "node_dst": "RASGRP2",
                "condition": "C2",
                "prior": "NONE",
                "pathway": "REACTOME_EFFECTS_OF_PIP2_HYDROLYSIS",
                "condition.1": "GBApUnaffected",
                "source": "DGKA",
                "target": "RASGRP2"
            }
        },
        {
            "data": {
                "node_src": "DGKG",
                "node_dst": "DGKB",
                "condition": "C2",
                "prior": "NONE",
                "pathway": "REACTOME_EFFECTS_OF_PIP2_HYDROLYSIS",
                "condition.1": "GBApUnaffected",
                "source": "DGKG",
                "target": "DGKB"
            }
        },
        {
            "data": {
                "node_src": "DAGLB",
                "node_dst": "RASGRP2",
                "condition": "C2",
                "prior": "NONE",
                "pathway": "REACTOME_EFFECTS_OF_PIP2_HYDROLYSIS",
                "condition.1": "GBApUnaffected",
                "source": "DAGLB",
                "target": "RASGRP2"
            }
        },
        {
            "data": {
                "node_src": "ITPR3",
                "node_dst": "DGKA",
                "condition": "C2",
                "prior": "NONE",
                "pathway": "REACTOME_EFFECTS_OF_PIP2_HYDROLYSIS",
                "condition.1": "GBApUnaffected",
                "source": "ITPR3",
                "target": "DGKA"
            }
        },
        {
            "data": {
                "node_src": "ITPR3",
                "node_dst": "DGKB",
                "condition": "C2",
                "prior": "NONE",
                "pathway": "REACTOME_EFFECTS_OF_PIP2_HYDROLYSIS",
                "condition.1": "GBApUnaffected",
                "source": "ITPR3",
                "target": "DGKB"
            }
        },
        {
            "data": {
                "node_src": "ITPR3",
                "node_dst": "DAGLB",
                "condition": "C2",
                "prior": "NONE",
                "pathway": "REACTOME_EFFECTS_OF_PIP2_HYDROLYSIS",
                "condition.1": "GBApUnaffected",
                "source": "ITPR3",
                "target": "DAGLB"
            }
        },
        {
            "data": {
                "node_src": "PRKCD",
                "node_dst": "DGKB",
                "condition": "C2",
                "prior": "NONE",
                "pathway": "REACTOME_EFFECTS_OF_PIP2_HYDROLYSIS",
                "condition.1": "GBApUnaffected",
                "source": "PRKCD",
                "target": "DGKB"
            }
        },
        {
            "data": {
                "node_src": "PRKCD",
                "node_dst": "DAGLB",
                "condition": "C2",
                "prior": "NONE",
                "pathway": "REACTOME_EFFECTS_OF_PIP2_HYDROLYSIS",
                "condition.1": "GBApUnaffected",
                "source": "PRKCD",
                "target": "DAGLB"
            }
        },
        {
            "data": {
                "node_src": "PRKCH",
                "node_dst": "RASGRP2",
                "condition": "C2",
                "prior": "NONE",
                "pathway": "REACTOME_EFFECTS_OF_PIP2_HYDROLYSIS",
                "condition.1": "GBApUnaffected",
                "source": "PRKCH",
                "target": "RASGRP2"
            }
        },
        {
            "data": {
                "node_src": "PRKCH",
                "node_dst": "DGKH",
                "condition": "C2",
                "prior": "NONE",
                "pathway": "REACTOME_EFFECTS_OF_PIP2_HYDROLYSIS",
                "condition.1": "GBApUnaffected",
                "source": "PRKCH",
                "target": "DGKH"
            }
        },
        {
            "data": {
                "node_src": "PRKCH",
                "node_dst": "ITPR2",
                "condition": "C2",
                "prior": "NONE",
                "pathway": "REACTOME_EFFECTS_OF_PIP2_HYDROLYSIS",
                "condition.1": "GBApUnaffected",
                "source": "PRKCH",
                "target": "ITPR2"
            }
        },
        {
            "data": {
                "node_src": "TRPC6",
                "node_dst": "PRKCH",
                "condition": "C2",
                "prior": "NONE",
                "pathway": "REACTOME_EFFECTS_OF_PIP2_HYDROLYSIS",
                "condition.1": "GBApUnaffected",
                "source": "TRPC6",
                "target": "PRKCH"
            }
        },
        {
            "data": {
                "node_src": "TRPC6",
                "node_dst": "PRKCQ",
                "condition": "C2",
                "prior": "NONE",
                "pathway": "REACTOME_EFFECTS_OF_PIP2_HYDROLYSIS",
                "condition.1": "GBApUnaffected",
                "source": "TRPC6",
                "target": "PRKCQ"
            }
        },
        {
            "data": {
                "node_src": "DGKE",
                "node_dst": "PRKCH",
                "condition": "C2",
                "prior": "NONE",
                "pathway": "REACTOME_EFFECTS_OF_PIP2_HYDROLYSIS",
                "condition.1": "GBApUnaffected",
                "source": "DGKE",
                "target": "PRKCH"
            }
        },
        {
            "data": {
                "node_src": "DGKD",
                "node_dst": "DAGLB",
                "condition": "C2",
                "prior": "NONE",
                "pathway": "REACTOME_EFFECTS_OF_PIP2_HYDROLYSIS",
                "condition.1": "GBApUnaffected",
                "source": "DGKD",
                "target": "DAGLB"
            }
        },
        {
            "data": {
                "node_src": "DGKD",
                "node_dst": "PRKCE",
                "condition": "C2",
                "prior": "NONE",
                "pathway": "REACTOME_EFFECTS_OF_PIP2_HYDROLYSIS",
                "condition.1": "GBApUnaffected",
                "source": "DGKD",
                "target": "PRKCE"
            }
        },
        {
            "data": {
                "node_src": "DGKI",
                "node_dst": "ITPR3",
                "condition": "C2",
                "prior": "NONE",
                "pathway": "REACTOME_EFFECTS_OF_PIP2_HYDROLYSIS",
                "condition.1": "GBApUnaffected",
                "source": "DGKI",
                "target": "ITPR3"
            }
        },
        {
            "data": {
                "node_src": "DGKI",
                "node_dst": "PRKCE",
                "condition": "C2",
                "prior": "NONE",
                "pathway": "REACTOME_EFFECTS_OF_PIP2_HYDROLYSIS",
                "condition.1": "GBApUnaffected",
                "source": "DGKI",
                "target": "PRKCE"
            }
        }
    ]
}

