{
    "metadata": [
        {
            "data": {
                "Both": "Both",
                "C1": "GBApPD",
                "C2": "GBApUnaffected"
            }
        }
    ],
    "nodes": [
        {
            "data": {
                "pathway": "REACTOME_XENOBIOTICS",
                "id": "REACTOME_XENOBIOTICS"
            }
        },
        {
            "data": {
                "name": "CYP1A2",
                "mediator.essentiality": false,
                "mediator.specificity": false,
                "mediator": "",
                "id": "CYP1A2",
                "pathway": "REACTOME_XENOBIOTICS",
                "n": 15,
                "parent": "REACTOME_XENOBIOTICS"
            }
        },
        {
            "data": {
                "name": "CYP2A6",
                "mediator.essentiality": false,
                "mediator.specificity": true,
                "mediator": "Specificity mediator",
                "id": "CYP2A6",
                "pathway": "REACTOME_XENOBIOTICS",
                "n": 15,
                "parent": "REACTOME_XENOBIOTICS"
            }
        },
        {
            "data": {
                "name": "CYP3A7",
                "mediator.essentiality": false,
                "mediator.specificity": false,
                "mediator": "",
                "id": "CYP3A7",
                "pathway": "REACTOME_XENOBIOTICS",
                "n": 15,
                "parent": "REACTOME_XENOBIOTICS"
            }
        },
        {
            "data": {
                "name": "CYP2A13",
                "mediator.essentiality": false,
                "mediator.specificity": false,
                "mediator": "",
                "id": "CYP2A13",
                "pathway": "REACTOME_XENOBIOTICS",
                "n": 15,
                "parent": "REACTOME_XENOBIOTICS"
            }
        },
        {
            "data": {
                "name": "CYP2B6",
                "mediator.essentiality": false,
                "mediator.specificity": false,
                "mediator": "",
                "id": "CYP2B6",
                "pathway": "REACTOME_XENOBIOTICS",
                "n": 15,
                "parent": "REACTOME_XENOBIOTICS"
            }
        },
        {
            "data": {
                "name": "CYP2C19",
                "mediator.essentiality": true,
                "mediator.specificity": false,
                "mediator": "Essentiality mediator",
                "id": "CYP2C19",
                "pathway": "REACTOME_XENOBIOTICS",
                "n": 15,
                "parent": "REACTOME_XENOBIOTICS"
            }
        },
        {
            "data": {
                "name": "CYP2C8",
                "mediator.essentiality": false,
                "mediator.specificity": false,
                "mediator": "",
                "id": "CYP2C8",
                "pathway": "REACTOME_XENOBIOTICS",
                "n": 15,
                "parent": "REACTOME_XENOBIOTICS"
            }
        },
        {
            "data": {
                "name": "CYP2C9",
                "mediator.essentiality": false,
                "mediator.specificity": false,
                "mediator": "",
                "id": "CYP2C9",
                "pathway": "REACTOME_XENOBIOTICS",
                "n": 15,
                "parent": "REACTOME_XENOBIOTICS"
            }
        },
        {
            "data": {
                "name": "CYP2C18",
                "mediator.essentiality": false,
                "mediator.specificity": false,
                "mediator": "",
                "id": "CYP2C18",
                "pathway": "REACTOME_XENOBIOTICS",
                "n": 15,
                "parent": "REACTOME_XENOBIOTICS"
            }
        },
        {
            "data": {
                "name": "CYP2D6",
                "mediator.essentiality": false,
                "mediator.specificity": false,
                "mediator": "",
                "id": "CYP2D6",
                "pathway": "REACTOME_XENOBIOTICS",
                "n": 15,
                "parent": "REACTOME_XENOBIOTICS"
            }
        },
        {
            "data": {
                "name": "CYP2E1",
                "mediator.essentiality": false,
                "mediator.specificity": false,
                "mediator": "",
                "id": "CYP2E1",
                "pathway": "REACTOME_XENOBIOTICS",
                "n": 15,
                "parent": "REACTOME_XENOBIOTICS"
            }
        },
        {
            "data": {
                "name": "CYP2F1",
                "mediator.essentiality": false,
                "mediator.specificity": true,
                "mediator": "Specificity mediator",
                "id": "CYP2F1",
                "pathway": "REACTOME_XENOBIOTICS",
                "n": 15,
                "parent": "REACTOME_XENOBIOTICS"
            }
        },
        {
            "data": {
                "name": "CYP3A4",
                "mediator.essentiality": false,
                "mediator.specificity": false,
                "mediator": "",
                "id": "CYP3A4",
                "pathway": "REACTOME_XENOBIOTICS",
                "n": 15,
                "parent": "REACTOME_XENOBIOTICS"
            }
        },
        {
            "data": {
                "name": "CYP3A5",
                "mediator.essentiality": false,
                "mediator.specificity": false,
                "mediator": "",
                "id": "CYP3A5",
                "pathway": "REACTOME_XENOBIOTICS",
                "n": 15,
                "parent": "REACTOME_XENOBIOTICS"
            }
        },
        {
            "data": {
                "name": "CYP1A1",
                "mediator.essentiality": false,
                "mediator.specificity": false,
                "mediator": "",
                "id": "CYP1A1",
                "pathway": "REACTOME_XENOBIOTICS",
                "n": 15,
                "parent": "REACTOME_XENOBIOTICS"
            }
        }
    ],
    "edges": [
        {
            "data": {
                "node_src": "CYP1A2",
                "node_dst": "CYP1A1",
                "condition": "Both",
                "prior": "NONE",
                "pathway": "REACTOME_XENOBIOTICS",
                "condition.1": "Both",
                "source": "CYP1A2",
                "target": "CYP1A1"
            }
        },
        {
            "data": {
                "node_src": "CYP2A6",
                "node_dst": "CYP1A2",
                "condition": "Both",
                "prior": "NONE",
                "pathway": "REACTOME_XENOBIOTICS",
                "condition.1": "Both",
                "source": "CYP2A6",
                "target": "CYP1A2"
            }
        },
        {
            "data": {
                "node_src": "CYP3A7",
                "node_dst": "CYP1A1",
                "condition": "Both",
                "prior": "NONE",
                "pathway": "REACTOME_XENOBIOTICS",
                "condition.1": "Both",
                "source": "CYP3A7",
                "target": "CYP1A1"
            }
        },
        {
            "data": {
                "node_src": "CYP3A7",
                "node_dst": "CYP1A2",
                "condition": "Both",
                "prior": "NONE",
                "pathway": "REACTOME_XENOBIOTICS",
                "condition.1": "Both",
                "source": "CYP3A7",
                "target": "CYP1A2"
            }
        },
        {
            "data": {
                "node_src": "CYP2A13",
                "node_dst": "CYP1A1",
                "condition": "Both",
                "prior": "NONE",
                "pathway": "REACTOME_XENOBIOTICS",
                "condition.1": "Both",
                "source": "CYP2A13",
                "target": "CYP1A1"
            }
        },
        {
            "data": {
                "node_src": "CYP2A13",
                "node_dst": "CYP1A2",
                "condition": "Both",
                "prior": "PRIOR",
                "pathway": "REACTOME_XENOBIOTICS",
                "condition.1": "Both",
                "source": "CYP2A13",
                "target": "CYP1A2"
            }
        },
        {
            "data": {
                "node_src": "CYP2A13",
                "node_dst": "CYP2A6",
                "condition": "Both",
                "prior": "NONE",
                "pathway": "REACTOME_XENOBIOTICS",
                "condition.1": "Both",
                "source": "CYP2A13",
                "target": "CYP2A6"
            }
        },
        {
            "data": {
                "node_src": "CYP2A13",
                "node_dst": "CYP3A7",
                "condition": "Both",
                "prior": "NONE",
                "pathway": "REACTOME_XENOBIOTICS",
                "condition.1": "Both",
                "source": "CYP2A13",
                "target": "CYP3A7"
            }
        },
        {
            "data": {
                "node_src": "CYP2B6",
                "node_dst": "CYP1A1",
                "condition": "Both",
                "prior": "NONE",
                "pathway": "REACTOME_XENOBIOTICS",
                "condition.1": "Both",
                "source": "CYP2B6",
                "target": "CYP1A1"
            }
        },
        {
            "data": {
                "node_src": "CYP2B6",
                "node_dst": "CYP1A2",
                "condition": "Both",
                "prior": "NONE",
                "pathway": "REACTOME_XENOBIOTICS",
                "condition.1": "Both",
                "source": "CYP2B6",
                "target": "CYP1A2"
            }
        },
        {
            "data": {
                "node_src": "CYP2B6",
                "node_dst": "CYP2A6",
                "condition": "C1",
                "prior": "NONE",
                "pathway": "REACTOME_XENOBIOTICS",
                "condition.1": "GBApPD",
                "source": "CYP2B6",
                "target": "CYP2A6"
            }
        },
        {
            "data": {
                "node_src": "CYP2B6",
                "node_dst": "CYP3A7",
                "condition": "C1",
                "prior": "NONE",
                "pathway": "REACTOME_XENOBIOTICS",
                "condition.1": "GBApPD",
                "source": "CYP2B6",
                "target": "CYP3A7"
            }
        },
        {
            "data": {
                "node_src": "CYP2B6",
                "node_dst": "CYP2A13",
                "condition": "Both",
                "prior": "NONE",
                "pathway": "REACTOME_XENOBIOTICS",
                "condition.1": "Both",
                "source": "CYP2B6",
                "target": "CYP2A13"
            }
        },
        {
            "data": {
                "node_src": "CYP2C19",
                "node_dst": "CYP1A1",
                "condition": "Both",
                "prior": "NONE",
                "pathway": "REACTOME_XENOBIOTICS",
                "condition.1": "Both",
                "source": "CYP2C19",
                "target": "CYP1A1"
            }
        },
        {
            "data": {
                "node_src": "CYP2C19",
                "node_dst": "CYP1A2",
                "condition": "Both",
                "prior": "NONE",
                "pathway": "REACTOME_XENOBIOTICS",
                "condition.1": "Both",
                "source": "CYP2C19",
                "target": "CYP1A2"
            }
        },
        {
            "data": {
                "node_src": "CYP2C19",
                "node_dst": "CYP2A6",
                "condition": "C1",
                "prior": "NONE",
                "pathway": "REACTOME_XENOBIOTICS",
                "condition.1": "GBApPD",
                "source": "CYP2C19",
                "target": "CYP2A6"
            }
        },
        {
            "data": {
                "node_src": "CYP2C19",
                "node_dst": "CYP3A7",
                "condition": "Both",
                "prior": "NONE",
                "pathway": "REACTOME_XENOBIOTICS",
                "condition.1": "Both",
                "source": "CYP2C19",
                "target": "CYP3A7"
            }
        },
        {
            "data": {
                "node_src": "CYP2C19",
                "node_dst": "CYP2A13",
                "condition": "Both",
                "prior": "NONE",
                "pathway": "REACTOME_XENOBIOTICS",
                "condition.1": "Both",
                "source": "CYP2C19",
                "target": "CYP2A13"
            }
        },
        {
            "data": {
                "node_src": "CYP2C8",
                "node_dst": "CYP1A1",
                "condition": "Both",
                "prior": "NONE",
                "pathway": "REACTOME_XENOBIOTICS",
                "condition.1": "Both",
                "source": "CYP2C8",
                "target": "CYP1A1"
            }
        },
        {
            "data": {
                "node_src": "CYP2C8",
                "node_dst": "CYP1A2",
                "condition": "Both",
                "prior": "NONE",
                "pathway": "REACTOME_XENOBIOTICS",
                "condition.1": "Both",
                "source": "CYP2C8",
                "target": "CYP1A2"
            }
        },
        {
            "data": {
                "node_src": "CYP2C8",
                "node_dst": "CYP2A6",
                "condition": "Both",
                "prior": "NONE",
                "pathway": "REACTOME_XENOBIOTICS",
                "condition.1": "Both",
                "source": "CYP2C8",
                "target": "CYP2A6"
            }
        },
        {
            "data": {
                "node_src": "CYP2C8",
                "node_dst": "CYP3A7",
                "condition": "Both",
                "prior": "NONE",
                "pathway": "REACTOME_XENOBIOTICS",
                "condition.1": "Both",
                "source": "CYP2C8",
                "target": "CYP3A7"
            }
        },
        {
            "data": {
                "node_src": "CYP2C8",
                "node_dst": "CYP2A13",
                "condition": "Both",
                "prior": "NONE",
                "pathway": "REACTOME_XENOBIOTICS",
                "condition.1": "Both",
                "source": "CYP2C8",
                "target": "CYP2A13"
            }
        },
        {
            "data": {
                "node_src": "CYP2C8",
                "node_dst": "CYP2B6",
                "condition": "Both",
                "prior": "NONE",
                "pathway": "REACTOME_XENOBIOTICS",
                "condition.1": "Both",
                "source": "CYP2C8",
                "target": "CYP2B6"
            }
        },
        {
            "data": {
                "node_src": "CYP2C8",
                "node_dst": "CYP2C19",
                "condition": "Both",
                "prior": "NONE",
                "pathway": "REACTOME_XENOBIOTICS",
                "condition.1": "Both",
                "source": "CYP2C8",
                "target": "CYP2C19"
            }
        },
        {
            "data": {
                "node_src": "CYP2C9",
                "node_dst": "CYP1A1",
                "condition": "Both",
                "prior": "NONE",
                "pathway": "REACTOME_XENOBIOTICS",
                "condition.1": "Both",
                "source": "CYP2C9",
                "target": "CYP1A1"
            }
        },
        {
            "data": {
                "node_src": "CYP2C9",
                "node_dst": "CYP1A2",
                "condition": "Both",
                "prior": "NONE",
                "pathway": "REACTOME_XENOBIOTICS",
                "condition.1": "Both",
                "source": "CYP2C9",
                "target": "CYP1A2"
            }
        },
        {
            "data": {
                "node_src": "CYP2C9",
                "node_dst": "CYP2A6",
                "condition": "C1",
                "prior": "NONE",
                "pathway": "REACTOME_XENOBIOTICS",
                "condition.1": "GBApPD",
                "source": "CYP2C9",
                "target": "CYP2A6"
            }
        },
        {
            "data": {
                "node_src": "CYP2C9",
                "node_dst": "CYP3A7",
                "condition": "Both",
                "prior": "NONE",
                "pathway": "REACTOME_XENOBIOTICS",
                "condition.1": "Both",
                "source": "CYP2C9",
                "target": "CYP3A7"
            }
        },
        {
            "data": {
                "node_src": "CYP2C9",
                "node_dst": "CYP2A13",
                "condition": "Both",
                "prior": "NONE",
                "pathway": "REACTOME_XENOBIOTICS",
                "condition.1": "Both",
                "source": "CYP2C9",
                "target": "CYP2A13"
            }
        },
        {
            "data": {
                "node_src": "CYP2C9",
                "node_dst": "CYP2B6",
                "condition": "Both",
                "prior": "NONE",
                "pathway": "REACTOME_XENOBIOTICS",
                "condition.1": "Both",
                "source": "CYP2C9",
                "target": "CYP2B6"
            }
        },
        {
            "data": {
                "node_src": "CYP2C9",
                "node_dst": "CYP2C19",
                "condition": "Both",
                "prior": "NONE",
                "pathway": "REACTOME_XENOBIOTICS",
                "condition.1": "Both",
                "source": "CYP2C9",
                "target": "CYP2C19"
            }
        },
        {
            "data": {
                "node_src": "CYP2C9",
                "node_dst": "CYP2C8",
                "condition": "Both",
                "prior": "NONE",
                "pathway": "REACTOME_XENOBIOTICS",
                "condition.1": "Both",
                "source": "CYP2C9",
                "target": "CYP2C8"
            }
        },
        {
            "data": {
                "node_src": "CYP2C18",
                "node_dst": "CYP1A1",
                "condition": "Both",
                "prior": "NONE",
                "pathway": "REACTOME_XENOBIOTICS",
                "condition.1": "Both",
                "source": "CYP2C18",
                "target": "CYP1A1"
            }
        },
        {
            "data": {
                "node_src": "CYP2C18",
                "node_dst": "CYP1A2",
                "condition": "Both",
                "prior": "NONE",
                "pathway": "REACTOME_XENOBIOTICS",
                "condition.1": "Both",
                "source": "CYP2C18",
                "target": "CYP1A2"
            }
        },
        {
            "data": {
                "node_src": "CYP2C18",
                "node_dst": "CYP2A13",
                "condition": "Both",
                "prior": "NONE",
                "pathway": "REACTOME_XENOBIOTICS",
                "condition.1": "Both",
                "source": "CYP2C18",
                "target": "CYP2A13"
            }
        },
        {
            "data": {
                "node_src": "CYP2C18",
                "node_dst": "CYP2B6",
                "condition": "C1",
                "prior": "NONE",
                "pathway": "REACTOME_XENOBIOTICS",
                "condition.1": "GBApPD",
                "source": "CYP2C18",
                "target": "CYP2B6"
            }
        },
        {
            "data": {
                "node_src": "CYP2C18",
                "node_dst": "CYP2C19",
                "condition": "Both",
                "prior": "NONE",
                "pathway": "REACTOME_XENOBIOTICS",
                "condition.1": "Both",
                "source": "CYP2C18",
                "target": "CYP2C19"
            }
        },
        {
            "data": {
                "node_src": "CYP2C18",
                "node_dst": "CYP2C8",
                "condition": "Both",
                "prior": "NONE",
                "pathway": "REACTOME_XENOBIOTICS",
                "condition.1": "Both",
                "source": "CYP2C18",
                "target": "CYP2C8"
            }
        },
        {
            "data": {
                "node_src": "CYP2C18",
                "node_dst": "CYP2C9",
                "condition": "Both",
                "prior": "NONE",
                "pathway": "REACTOME_XENOBIOTICS",
                "condition.1": "Both",
                "source": "CYP2C18",
                "target": "CYP2C9"
            }
        },
        {
            "data": {
                "node_src": "CYP2D6",
                "node_dst": "CYP1A1",
                "condition": "Both",
                "prior": "NONE",
                "pathway": "REACTOME_XENOBIOTICS",
                "condition.1": "Both",
                "source": "CYP2D6",
                "target": "CYP1A1"
            }
        },
        {
            "data": {
                "node_src": "CYP2D6",
                "node_dst": "CYP1A2",
                "condition": "Both",
                "prior": "NONE",
                "pathway": "REACTOME_XENOBIOTICS",
                "condition.1": "Both",
                "source": "CYP2D6",
                "target": "CYP1A2"
            }
        },
        {
            "data": {
                "node_src": "CYP2D6",
                "node_dst": "CYP2A6",
                "condition": "Both",
                "prior": "NONE",
                "pathway": "REACTOME_XENOBIOTICS",
                "condition.1": "Both",
                "source": "CYP2D6",
                "target": "CYP2A6"
            }
        },
        {
            "data": {
                "node_src": "CYP2D6",
                "node_dst": "CYP3A7",
                "condition": "Both",
                "prior": "NONE",
                "pathway": "REACTOME_XENOBIOTICS",
                "condition.1": "Both",
                "source": "CYP2D6",
                "target": "CYP3A7"
            }
        },
        {
            "data": {
                "node_src": "CYP2D6",
                "node_dst": "CYP2A13",
                "condition": "Both",
                "prior": "NONE",
                "pathway": "REACTOME_XENOBIOTICS",
                "condition.1": "Both",
                "source": "CYP2D6",
                "target": "CYP2A13"
            }
        },
        {
            "data": {
                "node_src": "CYP2D6",
                "node_dst": "CYP2B6",
                "condition": "Both",
                "prior": "NONE",
                "pathway": "REACTOME_XENOBIOTICS",
                "condition.1": "Both",
                "source": "CYP2D6",
                "target": "CYP2B6"
            }
        },
        {
            "data": {
                "node_src": "CYP2D6",
                "node_dst": "CYP2C19",
                "condition": "Both",
                "prior": "NONE",
                "pathway": "REACTOME_XENOBIOTICS",
                "condition.1": "Both",
                "source": "CYP2D6",
                "target": "CYP2C19"
            }
        },
        {
            "data": {
                "node_src": "CYP2D6",
                "node_dst": "CYP2C8",
                "condition": "Both",
                "prior": "NONE",
                "pathway": "REACTOME_XENOBIOTICS",
                "condition.1": "Both",
                "source": "CYP2D6",
                "target": "CYP2C8"
            }
        },
        {
            "data": {
                "node_src": "CYP2D6",
                "node_dst": "CYP2C9",
                "condition": "Both",
                "prior": "PRIOR",
                "pathway": "REACTOME_XENOBIOTICS",
                "condition.1": "Both",
                "source": "CYP2D6",
                "target": "CYP2C9"
            }
        },
        {
            "data": {
                "node_src": "CYP2D6",
                "node_dst": "CYP2C18",
                "condition": "Both",
                "prior": "NONE",
                "pathway": "REACTOME_XENOBIOTICS",
                "condition.1": "Both",
                "source": "CYP2D6",
                "target": "CYP2C18"
            }
        },
        {
            "data": {
                "node_src": "CYP2E1",
                "node_dst": "CYP1A1",
                "condition": "Both",
                "prior": "NONE",
                "pathway": "REACTOME_XENOBIOTICS",
                "condition.1": "Both",
                "source": "CYP2E1",
                "target": "CYP1A1"
            }
        },
        {
            "data": {
                "node_src": "CYP2E1",
                "node_dst": "CYP1A2",
                "condition": "Both",
                "prior": "NONE",
                "pathway": "REACTOME_XENOBIOTICS",
                "condition.1": "Both",
                "source": "CYP2E1",
                "target": "CYP1A2"
            }
        },
        {
            "data": {
                "node_src": "CYP2E1",
                "node_dst": "CYP3A7",
                "condition": "Both",
                "prior": "NONE",
                "pathway": "REACTOME_XENOBIOTICS",
                "condition.1": "Both",
                "source": "CYP2E1",
                "target": "CYP3A7"
            }
        },
        {
            "data": {
                "node_src": "CYP2E1",
                "node_dst": "CYP2A13",
                "condition": "Both",
                "prior": "NONE",
                "pathway": "REACTOME_XENOBIOTICS",
                "condition.1": "Both",
                "source": "CYP2E1",
                "target": "CYP2A13"
            }
        },
        {
            "data": {
                "node_src": "CYP2E1",
                "node_dst": "CYP2C8",
                "condition": "Both",
                "prior": "NONE",
                "pathway": "REACTOME_XENOBIOTICS",
                "condition.1": "Both",
                "source": "CYP2E1",
                "target": "CYP2C8"
            }
        },
        {
            "data": {
                "node_src": "CYP2E1",
                "node_dst": "CYP2C9",
                "condition": "Both",
                "prior": "NONE",
                "pathway": "REACTOME_XENOBIOTICS",
                "condition.1": "Both",
                "source": "CYP2E1",
                "target": "CYP2C9"
            }
        },
        {
            "data": {
                "node_src": "CYP2E1",
                "node_dst": "CYP2C18",
                "condition": "C1",
                "prior": "NONE",
                "pathway": "REACTOME_XENOBIOTICS",
                "condition.1": "GBApPD",
                "source": "CYP2E1",
                "target": "CYP2C18"
            }
        },
        {
            "data": {
                "node_src": "CYP2E1",
                "node_dst": "CYP2D6",
                "condition": "Both",
                "prior": "NONE",
                "pathway": "REACTOME_XENOBIOTICS",
                "condition.1": "Both",
                "source": "CYP2E1",
                "target": "CYP2D6"
            }
        },
        {
            "data": {
                "node_src": "CYP2F1",
                "node_dst": "CYP1A2",
                "condition": "Both",
                "prior": "NONE",
                "pathway": "REACTOME_XENOBIOTICS",
                "condition.1": "Both",
                "source": "CYP2F1",
                "target": "CYP1A2"
            }
        },
        {
            "data": {
                "node_src": "CYP2F1",
                "node_dst": "CYP2A13",
                "condition": "Both",
                "prior": "NONE",
                "pathway": "REACTOME_XENOBIOTICS",
                "condition.1": "Both",
                "source": "CYP2F1",
                "target": "CYP2A13"
            }
        },
        {
            "data": {
                "node_src": "CYP2F1",
                "node_dst": "CYP2B6",
                "condition": "C1",
                "prior": "NONE",
                "pathway": "REACTOME_XENOBIOTICS",
                "condition.1": "GBApPD",
                "source": "CYP2F1",
                "target": "CYP2B6"
            }
        },
        {
            "data": {
                "node_src": "CYP2F1",
                "node_dst": "CYP2C19",
                "condition": "C1",
                "prior": "NONE",
                "pathway": "REACTOME_XENOBIOTICS",
                "condition.1": "GBApPD",
                "source": "CYP2F1",
                "target": "CYP2C19"
            }
        },
        {
            "data": {
                "node_src": "CYP2F1",
                "node_dst": "CYP2C8",
                "condition": "Both",
                "prior": "NONE",
                "pathway": "REACTOME_XENOBIOTICS",
                "condition.1": "Both",
                "source": "CYP2F1",
                "target": "CYP2C8"
            }
        },
        {
            "data": {
                "node_src": "CYP2F1",
                "node_dst": "CYP2C9",
                "condition": "Both",
                "prior": "NONE",
                "pathway": "REACTOME_XENOBIOTICS",
                "condition.1": "Both",
                "source": "CYP2F1",
                "target": "CYP2C9"
            }
        },
        {
            "data": {
                "node_src": "CYP2F1",
                "node_dst": "CYP2D6",
                "condition": "Both",
                "prior": "NONE",
                "pathway": "REACTOME_XENOBIOTICS",
                "condition.1": "Both",
                "source": "CYP2F1",
                "target": "CYP2D6"
            }
        },
        {
            "data": {
                "node_src": "CYP2F1",
                "node_dst": "CYP2E1",
                "condition": "C1",
                "prior": "NONE",
                "pathway": "REACTOME_XENOBIOTICS",
                "condition.1": "GBApPD",
                "source": "CYP2F1",
                "target": "CYP2E1"
            }
        },
        {
            "data": {
                "node_src": "CYP3A4",
                "node_dst": "CYP1A2",
                "condition": "Both",
                "prior": "NONE",
                "pathway": "REACTOME_XENOBIOTICS",
                "condition.1": "Both",
                "source": "CYP3A4",
                "target": "CYP1A2"
            }
        },
        {
            "data": {
                "node_src": "CYP3A4",
                "node_dst": "CYP2A13",
                "condition": "Both",
                "prior": "NONE",
                "pathway": "REACTOME_XENOBIOTICS",
                "condition.1": "Both",
                "source": "CYP3A4",
                "target": "CYP2A13"
            }
        },
        {
            "data": {
                "node_src": "CYP3A4",
                "node_dst": "CYP2C19",
                "condition": "Both",
                "prior": "NONE",
                "pathway": "REACTOME_XENOBIOTICS",
                "condition.1": "Both",
                "source": "CYP3A4",
                "target": "CYP2C19"
            }
        },
        {
            "data": {
                "node_src": "CYP3A4",
                "node_dst": "CYP2C8",
                "condition": "Both",
                "prior": "NONE",
                "pathway": "REACTOME_XENOBIOTICS",
                "condition.1": "Both",
                "source": "CYP3A4",
                "target": "CYP2C8"
            }
        },
        {
            "data": {
                "node_src": "CYP3A4",
                "node_dst": "CYP2C9",
                "condition": "Both",
                "prior": "NONE",
                "pathway": "REACTOME_XENOBIOTICS",
                "condition.1": "Both",
                "source": "CYP3A4",
                "target": "CYP2C9"
            }
        },
        {
            "data": {
                "node_src": "CYP3A4",
                "node_dst": "CYP2D6",
                "condition": "Both",
                "prior": "NONE",
                "pathway": "REACTOME_XENOBIOTICS",
                "condition.1": "Both",
                "source": "CYP3A4",
                "target": "CYP2D6"
            }
        },
        {
            "data": {
                "node_src": "CYP3A5",
                "node_dst": "CYP1A1",
                "condition": "Both",
                "prior": "NONE",
                "pathway": "REACTOME_XENOBIOTICS",
                "condition.1": "Both",
                "source": "CYP3A5",
                "target": "CYP1A1"
            }
        },
        {
            "data": {
                "node_src": "CYP3A5",
                "node_dst": "CYP1A2",
                "condition": "Both",
                "prior": "NONE",
                "pathway": "REACTOME_XENOBIOTICS",
                "condition.1": "Both",
                "source": "CYP3A5",
                "target": "CYP1A2"
            }
        },
        {
            "data": {
                "node_src": "CYP3A5",
                "node_dst": "CYP3A7",
                "condition": "Both",
                "prior": "NONE",
                "pathway": "REACTOME_XENOBIOTICS",
                "condition.1": "Both",
                "source": "CYP3A5",
                "target": "CYP3A7"
            }
        },
        {
            "data": {
                "node_src": "CYP3A5",
                "node_dst": "CYP2A13",
                "condition": "Both",
                "prior": "NONE",
                "pathway": "REACTOME_XENOBIOTICS",
                "condition.1": "Both",
                "source": "CYP3A5",
                "target": "CYP2A13"
            }
        },
        {
            "data": {
                "node_src": "CYP3A5",
                "node_dst": "CYP2C8",
                "condition": "Both",
                "prior": "NONE",
                "pathway": "REACTOME_XENOBIOTICS",
                "condition.1": "Both",
                "source": "CYP3A5",
                "target": "CYP2C8"
            }
        },
        {
            "data": {
                "node_src": "CYP3A5",
                "node_dst": "CYP2C9",
                "condition": "Both",
                "prior": "NONE",
                "pathway": "REACTOME_XENOBIOTICS",
                "condition.1": "Both",
                "source": "CYP3A5",
                "target": "CYP2C9"
            }
        },
        {
            "data": {
                "node_src": "CYP3A5",
                "node_dst": "CYP2C18",
                "condition": "C1",
                "prior": "NONE",
                "pathway": "REACTOME_XENOBIOTICS",
                "condition.1": "GBApPD",
                "source": "CYP3A5",
                "target": "CYP2C18"
            }
        },
        {
            "data": {
                "node_src": "CYP3A5",
                "node_dst": "CYP2D6",
                "condition": "Both",
                "prior": "NONE",
                "pathway": "REACTOME_XENOBIOTICS",
                "condition.1": "Both",
                "source": "CYP3A5",
                "target": "CYP2D6"
            }
        },
        {
            "data": {
                "node_src": "CYP3A5",
                "node_dst": "CYP2F1",
                "condition": "C1",
                "prior": "NONE",
                "pathway": "REACTOME_XENOBIOTICS",
                "condition.1": "GBApPD",
                "source": "CYP3A5",
                "target": "CYP2F1"
            }
        },
        {
            "data": {
                "node_src": "CYP2F1",
                "node_dst": "CYP1A1",
                "condition": "C2",
                "prior": "NONE",
                "pathway": "REACTOME_XENOBIOTICS",
                "condition.1": "GBApUnaffected",
                "source": "CYP2F1",
                "target": "CYP1A1"
            }
        },
        {
            "data": {
                "node_src": "CYP3A4",
                "node_dst": "CYP1A1",
                "condition": "C2",
                "prior": "NONE",
                "pathway": "REACTOME_XENOBIOTICS",
                "condition.1": "GBApUnaffected",
                "source": "CYP3A4",
                "target": "CYP1A1"
            }
        },
        {
            "data": {
                "node_src": "CYP3A4",
                "node_dst": "CYP2A6",
                "condition": "C2",
                "prior": "NONE",
                "pathway": "REACTOME_XENOBIOTICS",
                "condition.1": "GBApUnaffected",
                "source": "CYP3A4",
                "target": "CYP2A6"
            }
        },
        {
            "data": {
                "node_src": "CYP3A4",
                "node_dst": "CYP3A7",
                "condition": "C2",
                "prior": "NONE",
                "pathway": "REACTOME_XENOBIOTICS",
                "condition.1": "GBApUnaffected",
                "source": "CYP3A4",
                "target": "CYP3A7"
            }
        }
    ]
}

